
 /----------------------------------------------------------------------------\
 |  yosys -- Yosys Open SYnthesis Suite                                       |
 |  Copyright (C) 2012 - 2025  Claire Xenia Wolf <claire@yosyshq.com>         |
 |  Distributed under an ISC-like license, type "license" to see terms        |
 \----------------------------------------------------------------------------/
 Yosys 0.58+35 (git sha1 89f32a415, clang++ 18.1.8 -fPIC -O3)

-- Executing script file `src/rtl/synth_gf180_ss.ys' --

1. Executing SLANG frontend.

1.1. Executing UNDRIVEN pass. (resolve undriven signals)

1.2. Executing PROC_CLEAN pass (remove empty switches from decision trees).
Found and cleaned up 1 empty switch in `\rv32im_core.$856'.
Found and cleaned up 2 empty switches in `\rv32im_core.$820'.
Found and cleaned up 2 empty switches in `\rv32im_core.$816'.
Found and cleaned up 1 empty switch in `\rv32im_core.$797'.
Found and cleaned up 1 empty switch in `\rv32im_core.$774'.
Removing empty process `rv32im_core.$760'.
Removing empty process `rv32im_core.$751'.
Found and cleaned up 1 empty switch in `\rv32im_core.$740'.
Found and cleaned up 1 empty switch in `\rv32im_core.$733'.
Found and cleaned up 1 empty switch in `\rv32im_core.$726'.
Found and cleaned up 1 empty switch in `\rv32im_core.$720'.
Found and cleaned up 3 empty switches in `\rv32im_core.$712'.
Found and cleaned up 1 empty switch in `\rv32im_core.$703'.
Found and cleaned up 1 empty switch in `\rv32im_core.$692'.
Found and cleaned up 1 empty switch in `\rv32im_core.$679'.
Found and cleaned up 1 empty switch in `\rv32im_core.$669'.
Removing empty process `rv32im_core.$665'.
Removing empty process `rv32im_core.$664'.
Found and cleaned up 1 empty switch in `\rv32im_core.$658'.
Removing empty process `rv32im_core.$649'.
Found and cleaned up 1 empty switch in `\rv32im_core.$647'.
Found and cleaned up 1 empty switch in `\rv32im_core.$645'.
Found and cleaned up 1 empty switch in `\rv32im_core.$624'.
Found and cleaned up 1 empty switch in `\rv32im_core.$612'.
Found and cleaned up 1 empty switch in `\rv32im_core.$609'.
Found and cleaned up 1 empty switch in `\rv32im_core.$597'.
Found and cleaned up 1 empty switch in `\rv32im_core.$593'.
Found and cleaned up 1 empty switch in `\rv32im_core.$590'.
Found and cleaned up 1 empty switch in `\rv32im_core.$583'.
Found and cleaned up 1 empty switch in `\rv32im_core.$576'.
Removing empty process `rv32im_core.$564'.
Found and cleaned up 1 empty switch in `\rv32im_core.$548'.
Found and cleaned up 1 empty switch in `\rv32im_core.$531'.
Found and cleaned up 1 empty switch in `\rv32im_core.$526'.
Found and cleaned up 1 empty switch in `\rv32im_core.$516'.
Found and cleaned up 1 empty switch in `\rv32im_core.$502'.
Found and cleaned up 1 empty switch in `\rv32im_core.$481'.
Found and cleaned up 1 empty switch in `\rv32im_core.$447'.
Found and cleaned up 1 empty switch in `\rv32im_core.$439'.
Found and cleaned up 1 empty switch in `\rv32im_core.$405'.
Found and cleaned up 2 empty switches in `\rv32im_core.$378'.
Found and cleaned up 1 empty switch in `\rv32im_core.$368'.
Found and cleaned up 1 empty switch in `\rv32im_core.$332'.
Found and cleaned up 1 empty switch in `\rv32im_core.$320'.
Found and cleaned up 1 empty switch in `\rv32im_core.$318'.
Found and cleaned up 1 empty switch in `\rv32im_core.$316'.
Found and cleaned up 1 empty switch in `\rv32im_core.$314'.
Found and cleaned up 1 empty switch in `\rv32im_core.$312'.
Found and cleaned up 1 empty switch in `\rv32im_core.$306'.
Found and cleaned up 1 empty switch in `\rv32im_core.$300'.
Found and cleaned up 1 empty switch in `\rv32im_core.$279'.
Found and cleaned up 1 empty switch in `\rv32im_core.$271'.
Removing empty process `rv32im_core.$255'.
Found and cleaned up 1 empty switch in `\rv32im_core.$239'.
Found and cleaned up 1 empty switch in `\rv32im_core.$235'.
Found and cleaned up 6 empty switches in `\rv32im_core.$66'.
Found and cleaned up 1 empty switch in `\rv32im_core.$57'.
Found and cleaned up 1 empty switch in `\rv32im_core.$51'.
Found and cleaned up 1 empty switch in `\rv32im_core.$48'.
Removing empty process `rv32im_core.$45'.
Removing empty process `rv32im_core.$35'.
Found and cleaned up 1 empty switch in `\rv32im_core.$28'.
Found and cleaned up 1 empty switch in `\rv32im_core.$22'.
Found and cleaned up 1 empty switch in `\rv32im_core.$11'.
Cleaned up 65 empty switches.

1.3. Executing TRIBUF pass.

1.4. Executing PROC_RMDEAD pass (remove dead branches from decision trees).
Marked 2 switch rules as full_case in process $726 in module rv32im_core.
Marked 4 switch rules as full_case in process $692 in module rv32im_core.
Marked 3 switch rules as full_case in process $816 in module rv32im_core.
Marked 3 switch rules as full_case in process $797 in module rv32im_core.
Marked 2 switch rules as full_case in process $658 in module rv32im_core.
Marked 4 switch rules as full_case in process $774 in module rv32im_core.
Removed 1 dead cases from process $647 in module rv32im_core.
Removed 1 dead cases from process $645 in module rv32im_core.
Marked 7 switch rules as full_case in process $624 in module rv32im_core.
Marked 1 switch rules as full_case in process $612 in module rv32im_core.
Marked 2 switch rules as full_case in process $609 in module rv32im_core.
Marked 1 switch rules as full_case in process $583 in module rv32im_core.
Marked 2 switch rules as full_case in process $576 in module rv32im_core.
Marked 4 switch rules as full_case in process $856 in module rv32im_core.
Marked 6 switch rules as full_case in process $548 in module rv32im_core.
Marked 5 switch rules as full_case in process $516 in module rv32im_core.
Marked 3 switch rules as full_case in process $502 in module rv32im_core.
Marked 2 switch rules as full_case in process $481 in module rv32im_core.
Removed 1 dead cases from process $447 in module rv32im_core.
Marked 5 switch rules as full_case in process $447 in module rv32im_core.
Marked 2 switch rules as full_case in process $439 in module rv32im_core.
Marked 1 switch rules as full_case in process $405 in module rv32im_core.
Marked 5 switch rules as full_case in process $378 in module rv32im_core.
Marked 1 switch rules as full_case in process $368 in module rv32im_core.
Removed 1 dead cases from process $318 in module rv32im_core.
Marked 2 switch rules as full_case in process $306 in module rv32im_core.
Marked 2 switch rules as full_case in process $300 in module rv32im_core.
Marked 2 switch rules as full_case in process $271 in module rv32im_core.
Marked 3 switch rules as full_case in process $820 in module rv32im_core.
Marked 7 switch rules as full_case in process $239 in module rv32im_core.
Removed 3 dead cases from process $66 in module rv32im_core.
Marked 31 switch rules as full_case in process $66 in module rv32im_core.
Marked 2 switch rules as full_case in process $57 in module rv32im_core.
Marked 2 switch rules as full_case in process $740 in module rv32im_core.
Marked 2 switch rules as full_case in process $733 in module rv32im_core.
Marked 1 switch rules as full_case in process $28 in module rv32im_core.
Marked 2 switch rules as full_case in process $22 in module rv32im_core.
Removed 1 dead cases from process $11 in module rv32im_core.
Marked 2 switch rules as full_case in process $11 in module rv32im_core.
Removed a total of 8 dead cases.

1.5. Executing PROC_PRUNE pass (remove redundant assignments in processes).
Removed 145 redundant assignments.
Promoted 0 assignments to connections.

1.6. Executing PROC_INIT pass (extract init attributes).

1.7. Executing PROC_ROM pass (convert switches to ROMs).
Converted 2 switches.
<suppressed ~201 debug messages>

1.8. Executing PROC_MUX pass (convert decision trees to multiplexers).
Creating decoders for process `\rv32im_core.$726'.
     1/2: $u_csr_file.reg_mtval$731
     2/2: $u_csr_file.reg_mtval$732
Creating decoders for process `\rv32im_core.$720'.
     1/1: $u_csr_file.reg_mscratch$725
Creating decoders for process `\rv32im_core.$712'.
     1/3: $u_csr_file.reg_mtvec_mode$717
     2/3: $u_csr_file.reg_mtvec_mode$719
     3/3: $u_csr_file.reg_mtvec_base$718
Creating decoders for process `\rv32im_core.$703'.
     1/3: $u_csr_file.reg_mie_meie$711
     2/3: $u_csr_file.reg_mie_mtie$710
     3/3: $u_csr_file.reg_mie_msie$709
Creating decoders for process `\rv32im_core.$692'.
     1/6: $u_csr_file.reg_mstatus_mpie$698
     2/6: $u_csr_file.reg_mstatus_mie$697
     3/6: $u_csr_file.reg_mstatus_mpie$700
     4/6: $u_csr_file.reg_mstatus_mie$699
     5/6: $u_csr_file.reg_mstatus_mpie$702
     6/6: $u_csr_file.reg_mstatus_mie$701
Creating decoders for process `\rv32im_core.$679'.
     1/1: $u_csr_file.w_csr_wval$683
Creating decoders for process `\rv32im_core.$669'.
     1/2: $u_csr_file.w_csr_old$671
     2/2: $u_csr_file.w_addr_valid$670
Creating decoders for process `\rv32im_core.$816'.
     1/3: $u_hazard_ctrl.o_fwd_a_sel$819
     2/3: $u_hazard_ctrl.o_fwd_a_sel$817
     3/3: $u_hazard_ctrl.o_fwd_a_sel$818
Creating decoders for process `\rv32im_core.$797'.
     1/2: $u_trap_ctrl.o_redirect_mem_pc$798
     2/2: $u_trap_ctrl.o_redirect_mem_pc$799
Creating decoders for process `\rv32im_core.$658'.
     1/2: $u_mem_stage.reg_memwb$662
     2/2: $u_mem_stage.reg_memwb$663
Creating decoders for process `\rv32im_core.$774'.
     1/3: $u_trap_ctrl.w_irq_code$775
     2/3: $u_trap_ctrl.w_irq_code$776
     3/3: $u_trap_ctrl.w_irq_code$777
Creating decoders for process `\rv32im_core.$647'.
     1/1: $u_mem_stage.o_fwd_exmem_data$648
Creating decoders for process `\rv32im_core.$645'.
     1/1: $u_mem_stage.w_wb_data$646
Creating decoders for process `\rv32im_core.$624'.
     1/15: $u_mem_stage.w_exc_tval$630
     2/15: $u_mem_stage.w_exc_code$629
     3/15: $u_mem_stage.w_exc_valid$628
     4/15: $u_mem_stage.w_exc_tval$633
     5/15: $u_mem_stage.w_exc_code$632
     6/15: $u_mem_stage.w_exc_valid$631
     7/15: $u_mem_stage.w_exc_tval$636
     8/15: $u_mem_stage.w_exc_code$635
     9/15: $u_mem_stage.w_exc_valid$634
    10/15: $u_mem_stage.w_exc_tval$639
    11/15: $u_mem_stage.w_exc_code$638
    12/15: $u_mem_stage.w_exc_valid$637
    13/15: $u_mem_stage.w_exc_tval$642
    14/15: $u_mem_stage.w_exc_code$641
    15/15: $u_mem_stage.w_exc_valid$640
Creating decoders for process `\rv32im_core.$612'.
     1/1: $u_mem_stage.reg_req_sent$615
Creating decoders for process `\rv32im_core.$609'.
     1/2: $u_mem_stage.w_req_sent_nxt$610
     2/2: $u_mem_stage.w_req_sent_nxt$611
Creating decoders for process `\rv32im_core.$597'.
     1/1: $u_mem_stage.u_lsu.w_misaligned$600
Creating decoders for process `\rv32im_core.$593'.
     1/1: $u_mem_stage.u_lsu.w_load_data$596
Creating decoders for process `\rv32im_core.$590'.
     1/2: $u_mem_stage.u_lsu.w_half_sel$592
     2/2: $u_mem_stage.u_lsu.w_byte_sel$591
Creating decoders for process `\rv32im_core.$583'.
     1/4: $u_mem_stage.u_lsu.w_req_wdata$587
     2/4: $u_mem_stage.u_lsu.w_req_be$586
     3/4: $u_mem_stage.u_lsu.w_req_wdata$589
     4/4: $u_mem_stage.u_lsu.w_req_be$588
Creating decoders for process `\rv32im_core.$576'.
     1/2: $u_ex_stage.reg_exmem$581
     2/2: $u_ex_stage.reg_exmem$582
Creating decoders for process `\rv32im_core.$856'.
     1/11: $u_hazard_ctrl.o_flush_mem$867
     2/11: $u_hazard_ctrl.o_flush_ex$866
     3/11: $u_hazard_ctrl.o_flush_id$865
     4/11: $u_hazard_ctrl.o_flush_if$864
     5/11: $u_hazard_ctrl.o_flush_ex$863
     6/11: $u_hazard_ctrl.o_flush_id$862
     7/11: $u_hazard_ctrl.o_flush_if$861
     8/11: $u_hazard_ctrl.o_flush_id$860
     9/11: $u_hazard_ctrl.o_flush_if$859
    10/11: $u_hazard_ctrl.o_flush_mem$858
    11/11: $u_hazard_ctrl.o_flush_id$857
Creating decoders for process `\rv32im_core.$548'.
     1/12: $u_ex_stage.w_exc_tval$552
     2/12: $u_ex_stage.w_exc_code$551
     3/12: $u_ex_stage.w_exc_valid$550
     4/12: $u_ex_stage.w_exc_tval$555
     5/12: $u_ex_stage.w_exc_code$554
     6/12: $u_ex_stage.w_exc_valid$553
     7/12: $u_ex_stage.w_exc_tval$558
     8/12: $u_ex_stage.w_exc_code$557
     9/12: $u_ex_stage.w_exc_valid$556
    10/12: $u_ex_stage.w_exc_tval$561
    11/12: $u_ex_stage.w_exc_code$560
    12/12: $u_ex_stage.w_exc_valid$559
Creating decoders for process `\rv32im_core.$531'.
     1/1: $u_ex_stage.w_size_misaligned$534
Creating decoders for process `\rv32im_core.$526'.
     1/1: $u_ex_stage.reg_md_result$527
Creating decoders for process `\rv32im_core.$516'.
     1/6: $u_ex_stage.reg_md_sticky$521
     2/6: $u_ex_stage.reg_md_started$520
     3/6: $u_ex_stage.reg_md_sticky$523
     4/6: $u_ex_stage.reg_md_started$522
     5/6: $u_ex_stage.reg_md_sticky$525
     6/6: $u_ex_stage.reg_md_started$524
Creating decoders for process `\rv32im_core.$502'.
     1/2: $u_ex_stage.u_muldiv.g_muldiv_present.u_div.o_result$503
     2/2: $u_ex_stage.u_muldiv.g_muldiv_present.u_div.o_result$504
Creating decoders for process `\rv32im_core.$481'.
     1/11: $u_ex_stage.u_muldiv.g_muldiv_present.u_div.reg_special_val$485
     2/11: $u_ex_stage.u_muldiv.g_muldiv_present.u_div.reg_special_val$495
     3/11: $u_ex_stage.u_muldiv.g_muldiv_present.u_div.reg_special$494
     4/11: $u_ex_stage.u_muldiv.g_muldiv_present.u_div.reg_want_rem$493
     5/11: $u_ex_stage.u_muldiv.g_muldiv_present.u_div.reg_rem_neg$492
     6/11: $u_ex_stage.u_muldiv.g_muldiv_present.u_div.reg_quo_neg$491
     7/11: $u_ex_stage.u_muldiv.g_muldiv_present.u_div.reg_cnt$490
     8/11: $u_ex_stage.u_muldiv.g_muldiv_present.u_div.reg_div$489
     9/11: $u_ex_stage.u_muldiv.g_muldiv_present.u_div.reg_quo$488
    10/11: $u_ex_stage.u_muldiv.g_muldiv_present.u_div.reg_rem$487
    11/11: $u_ex_stage.u_muldiv.g_muldiv_present.u_div.reg_state$486
Creating decoders for process `\rv32im_core.$447'.
     1/25: $u_ex_stage.u_muldiv.g_muldiv_present.u_div.w_rem_nxt$471
     2/25: $u_ex_stage.u_muldiv.g_muldiv_present.u_div.w_state_nxt$469
     3/25: $u_ex_stage.u_muldiv.g_muldiv_present.u_div.w_state_nxt$472
     4/25: $u_ex_stage.u_muldiv.g_muldiv_present.u_div.w_special_nxt$456
     5/25: $u_ex_stage.u_muldiv.g_muldiv_present.u_div.w_state_nxt$452
     6/25: $u_ex_stage.u_muldiv.g_muldiv_present.u_div.w_div_nxt$455
     7/25: $u_ex_stage.u_muldiv.g_muldiv_present.u_div.w_quo_nxt$454
     8/25: $u_ex_stage.u_muldiv.g_muldiv_present.u_div.w_rem_nxt$453
     9/25: $u_ex_stage.u_muldiv.g_muldiv_present.u_div.w_special_nxt$465
    10/25: $u_ex_stage.u_muldiv.g_muldiv_present.u_div.w_want_rem_nxt$464
    11/25: $u_ex_stage.u_muldiv.g_muldiv_present.u_div.w_rem_neg_nxt$463
    12/25: $u_ex_stage.u_muldiv.g_muldiv_present.u_div.w_quo_neg_nxt$462
    13/25: $u_ex_stage.u_muldiv.g_muldiv_present.u_div.w_cnt_nxt$461
    14/25: $u_ex_stage.u_muldiv.g_muldiv_present.u_div.w_div_nxt$460
    15/25: $u_ex_stage.u_muldiv.g_muldiv_present.u_div.w_quo_nxt$459
    16/25: $u_ex_stage.u_muldiv.g_muldiv_present.u_div.w_rem_nxt$458
    17/25: $u_ex_stage.u_muldiv.g_muldiv_present.u_div.w_state_nxt$457
    18/25: $u_ex_stage.u_muldiv.g_muldiv_present.u_div.w_special_nxt$480
    19/25: $u_ex_stage.u_muldiv.g_muldiv_present.u_div.w_want_rem_nxt$479
    20/25: $u_ex_stage.u_muldiv.g_muldiv_present.u_div.w_rem_neg_nxt$478
    21/25: $u_ex_stage.u_muldiv.g_muldiv_present.u_div.w_quo_neg_nxt$477
    22/25: $u_ex_stage.u_muldiv.g_muldiv_present.u_div.w_cnt_nxt$476
    23/25: $u_ex_stage.u_muldiv.g_muldiv_present.u_div.w_div_nxt$475
    24/25: $u_ex_stage.u_muldiv.g_muldiv_present.u_div.w_quo_nxt$474
    25/25: $u_ex_stage.u_muldiv.g_muldiv_present.u_div.w_rem_nxt$473
Creating decoders for process `\rv32im_core.$439'.
     1/2: $u_ex_stage.u_muldiv.g_muldiv_present.u_div.w_special_val_nxt$442
     2/2: $u_ex_stage.u_muldiv.g_muldiv_present.u_div.w_special_val_nxt$443
Creating decoders for process `\rv32im_core.$405'.
     1/5: $u_ex_stage.u_muldiv.g_muldiv_present.u_mult.reg_take_high$412
     2/5: $u_ex_stage.u_muldiv.g_muldiv_present.u_mult.reg_cnt$411
     3/5: $u_ex_stage.u_muldiv.g_muldiv_present.u_mult.reg_a_ext$410
     4/5: $u_ex_stage.u_muldiv.g_muldiv_present.u_mult.reg_acc$409
     5/5: $u_ex_stage.u_muldiv.g_muldiv_present.u_mult.reg_state$408
Creating decoders for process `\rv32im_core.$378'.
     1/16: $u_ex_stage.u_muldiv.g_muldiv_present.u_mult.w_state_nxt$399
     2/16: $u_ex_stage.u_muldiv.g_muldiv_present.u_mult.f_mult_step.p_nxt$396
     3/16: $u_ex_stage.u_muldiv.g_muldiv_present.u_mult.w_state_nxt$400
     4/16: $u_ex_stage.u_muldiv.g_muldiv_present.u_mult.w_cnt_nxt$386
     5/16: $u_ex_stage.u_muldiv.g_muldiv_present.u_mult.w_acc_nxt$385
     6/16: $u_ex_stage.u_muldiv.g_muldiv_present.u_mult.w_state_nxt$384
     7/16: $u_ex_stage.u_muldiv.g_muldiv_present.u_mult.f_mult_step.p_nxt$382
     8/16: $u_ex_stage.u_muldiv.g_muldiv_present.u_mult.w_take_high_nxt$391
     9/16: $u_ex_stage.u_muldiv.g_muldiv_present.u_mult.w_cnt_nxt$390
    10/16: $u_ex_stage.u_muldiv.g_muldiv_present.u_mult.w_a_ext_nxt$389
    11/16: $u_ex_stage.u_muldiv.g_muldiv_present.u_mult.w_acc_nxt$388
    12/16: $u_ex_stage.u_muldiv.g_muldiv_present.u_mult.w_state_nxt$387
    13/16: $u_ex_stage.u_muldiv.g_muldiv_present.u_mult.w_take_high_nxt$404
    14/16: $u_ex_stage.u_muldiv.g_muldiv_present.u_mult.w_cnt_nxt$403
    15/16: $u_ex_stage.u_muldiv.g_muldiv_present.u_mult.w_a_ext_nxt$402
    16/16: $u_ex_stage.u_muldiv.g_muldiv_present.u_mult.w_acc_nxt$401
Creating decoders for process `\rv32im_core.$368'.
     1/1: $u_ex_stage.u_muldiv.g_muldiv_present.reg_sel_div$371
Creating decoders for process `\rv32im_core.$332'.
     1/1: $u_ex_stage.u_branch_unit.w_br_take$339
Creating decoders for process `\rv32im_core.$320'.
     1/1: $u_ex_stage.u_alu.w_result$331
Creating decoders for process `\rv32im_core.$318'.
     1/1: $u_ex_stage.w_alu_op_b$319
Creating decoders for process `\rv32im_core.$316'.
     1/1: $u_ex_stage.w_alu_op_a$317
Creating decoders for process `\rv32im_core.$314'.
     1/1: $u_ex_stage.w_op_b_fwd$315
Creating decoders for process `\rv32im_core.$312'.
     1/1: $u_ex_stage.w_op_a_fwd$313
Creating decoders for process `\rv32im_core.$306'.
     1/2: $u_regfile.o_rs2_data$310
     2/2: $u_regfile.o_rs2_data$311
Creating decoders for process `\rv32im_core.$300'.
     1/2: $u_regfile.o_rs1_data$304
     2/2: $u_regfile.o_rs1_data$305
Creating decoders for process `\rv32im_core.$279'.
     1/1: $u_regfile.g_rf_flop.reg_file$289
Creating decoders for process `\rv32im_core.$271'.
     1/2: $u_id_stage.reg_idex$275
     2/2: $u_id_stage.reg_idex$276
Creating decoders for process `\rv32im_core.$820'.
     1/3: $u_hazard_ctrl.o_fwd_b_sel$823
     2/3: $u_hazard_ctrl.o_fwd_b_sel$821
     3/3: $u_hazard_ctrl.o_fwd_b_sel$822
Creating decoders for process `\rv32im_core.$239'.
     1/15: $u_id_stage.w_exc_tval$242
     2/15: $u_id_stage.w_exc_code$241
     3/15: $u_id_stage.w_exc_valid$240
     4/15: $u_id_stage.w_exc_tval$245
     5/15: $u_id_stage.w_exc_code$244
     6/15: $u_id_stage.w_exc_valid$243
     7/15: $u_id_stage.w_exc_tval$248
     8/15: $u_id_stage.w_exc_code$247
     9/15: $u_id_stage.w_exc_valid$246
    10/15: $u_id_stage.w_exc_tval$251
    11/15: $u_id_stage.w_exc_code$250
    12/15: $u_id_stage.w_exc_valid$249
    13/15: $u_id_stage.w_exc_tval$254
    14/15: $u_id_stage.w_exc_code$253
    15/15: $u_id_stage.w_exc_valid$252
Creating decoders for process `\rv32im_core.$235'.
     1/1: $u_id_stage.u_imm_gen.w_imm$236
Creating decoders for process `\rv32im_core.$66'.
     1/154: $u_id_stage.u_decoder.o_csr_op$190
     2/154: $u_id_stage.u_decoder.o_csr_use_imm$189
     3/154: $u_id_stage.u_decoder.o_csr_wr_en$188
     4/154: $u_id_stage.u_decoder.o_csr_rd_en$187
     5/154: $u_id_stage.u_decoder.o_csr_en$186
     6/154: $u_id_stage.u_decoder.o_wb_sel$185
     7/154: $u_id_stage.u_decoder.o_rd_wen$184
     8/154: $u_id_stage.u_decoder.o_imm_sel$183
     9/154: $u_id_stage.u_decoder.o_rs1_used$182
    10/154: $u_id_stage.u_decoder.o_csr_op$181
    11/154: $u_id_stage.u_decoder.o_csr_wr_en$180
    12/154: $u_id_stage.u_decoder.o_csr_rd_en$179
    13/154: $u_id_stage.u_decoder.o_illegal$191
    14/154: $u_id_stage.u_decoder.o_csr_op$174
    15/154: $u_id_stage.u_decoder.o_csr_use_imm$173
    16/154: $u_id_stage.u_decoder.o_csr_wr_en$172
    17/154: $u_id_stage.u_decoder.o_csr_rd_en$171
    18/154: $u_id_stage.u_decoder.o_csr_en$170
    19/154: $u_id_stage.u_decoder.o_wb_sel$169
    20/154: $u_id_stage.u_decoder.o_rd_wen$168
    21/154: $u_id_stage.u_decoder.o_imm_sel$167
    22/154: $u_id_stage.u_decoder.o_rs1_used$166
    23/154: $u_id_stage.u_decoder.o_csr_op$165
    24/154: $u_id_stage.u_decoder.o_csr_wr_en$164
    25/154: $u_id_stage.u_decoder.o_csr_rd_en$163
    26/154: $u_id_stage.u_decoder.o_illegal$175
    27/154: $u_id_stage.u_decoder.o_illegal$205
    28/154: $u_id_stage.u_decoder.o_sys_mret$148
    29/154: $u_id_stage.u_decoder.o_illegal$149
    30/154: $u_id_stage.u_decoder.o_illegal$154
    31/154: $u_id_stage.u_decoder.o_sys_wfi$153
    32/154: $u_id_stage.u_decoder.o_sys_mret$152
    33/154: $u_id_stage.u_decoder.o_sys_ebreak$151
    34/154: $u_id_stage.u_decoder.o_sys_ecall$150
    35/154: $u_id_stage.u_decoder.o_illegal$159
    36/154: $u_id_stage.u_decoder.o_sys_wfi$158
    37/154: $u_id_stage.u_decoder.o_sys_mret$157
    38/154: $u_id_stage.u_decoder.o_sys_ebreak$156
    39/154: $u_id_stage.u_decoder.o_sys_ecall$155
    40/154: $u_id_stage.u_decoder.o_sys_wfi$204
    41/154: $u_id_stage.u_decoder.o_sys_mret$203
    42/154: $u_id_stage.u_decoder.o_sys_ebreak$202
    43/154: $u_id_stage.u_decoder.o_sys_ecall$201
    44/154: $u_id_stage.u_decoder.o_csr_op$200
    45/154: $u_id_stage.u_decoder.o_csr_use_imm$199
    46/154: $u_id_stage.u_decoder.o_csr_wr_en$198
    47/154: $u_id_stage.u_decoder.o_csr_rd_en$197
    48/154: $u_id_stage.u_decoder.o_csr_en$196
    49/154: $u_id_stage.u_decoder.o_wb_sel$195
    50/154: $u_id_stage.u_decoder.o_rd_wen$194
    51/154: $u_id_stage.u_decoder.o_imm_sel$193
    52/154: $u_id_stage.u_decoder.o_rs1_used$192
    53/154: $u_id_stage.u_decoder.o_illegal$146
    54/154: $u_id_stage.u_decoder.o_sys_fencei$145
    55/154: $u_id_stage.u_decoder.o_illegal$132
    56/154: $u_id_stage.u_decoder.o_rd_wen$131
    57/154: $u_id_stage.u_decoder.o_rs2_used$129
    58/154: $u_id_stage.u_decoder.o_rs1_used$128
    59/154: $u_id_stage.u_decoder.o_illegal$127
    60/154: $u_id_stage.u_decoder.o_rd_wen$126
    61/154: $u_id_stage.u_decoder.o_alu_op$125
    62/154: $u_id_stage.u_decoder.o_rs2_used$124
    63/154: $u_id_stage.u_decoder.o_rs1_used$123
    64/154: $u_id_stage.u_decoder.o_alu_op$130
    65/154: $u_id_stage.u_decoder.o_alu_op$135
    66/154: $u_id_stage.u_decoder.o_alu_op$121
    67/154: $u_id_stage.u_decoder.o_illegal$137
    68/154: $u_id_stage.u_decoder.o_rd_wen$136
    69/154: $u_id_stage.u_decoder.o_rs2_used$134
    70/154: $u_id_stage.u_decoder.o_rs1_used$133
    71/154: $u_id_stage.u_decoder.o_illegal$144
    72/154: $u_id_stage.u_decoder.o_rd_wen$143
    73/154: $u_id_stage.u_decoder.o_rs2_used$139
    74/154: $u_id_stage.u_decoder.o_rs1_used$138
    75/154: $u_id_stage.u_decoder.o_muldiv_op$117
    76/154: $u_id_stage.u_decoder.o_muldiv_en$116
    77/154: $u_id_stage.u_decoder.o_muldiv_op$113
    78/154: $u_id_stage.u_decoder.o_illegal$119
    79/154: $u_id_stage.u_decoder.o_rd_wen$118
    80/154: $u_id_stage.u_decoder.o_rs2_used$115
    81/154: $u_id_stage.u_decoder.o_rs1_used$114
    82/154: $u_id_stage.u_decoder.o_muldiv_op$142
    83/154: $u_id_stage.u_decoder.o_muldiv_en$141
    84/154: $u_id_stage.u_decoder.o_alu_op$140
    85/154: $u_id_stage.u_decoder.o_illegal$103
    86/154: $u_id_stage.u_decoder.o_rd_wen$102
    87/154: $u_id_stage.u_decoder.o_alu_op$101
    88/154: $u_id_stage.u_decoder.o_rs1_used$100
    89/154: $u_id_stage.u_decoder.o_alu_op$105
    90/154: $u_id_stage.u_decoder.o_illegal$107
    91/154: $u_id_stage.u_decoder.o_rd_wen$106
    92/154: $u_id_stage.u_decoder.o_rs1_used$104
    93/154: $u_id_stage.u_decoder.o_illegal$97
    94/154: $u_id_stage.u_decoder.o_rd_wen$96
    95/154: $u_id_stage.u_decoder.o_alu_op$95
    96/154: $u_id_stage.u_decoder.o_rs1_used$94
    97/154: $u_id_stage.u_decoder.o_alu_op$109
    98/154: $u_id_stage.u_decoder.o_illegal$111
    99/154: $u_id_stage.u_decoder.o_rd_wen$110
   100/154: $u_id_stage.u_decoder.o_rs1_used$108
   101/154: $u_id_stage.u_decoder.o_illegal$92
   102/154: $u_id_stage.u_decoder.o_mem_size$91
   103/154: $u_id_stage.u_decoder.o_mem_we$90
   104/154: $u_id_stage.u_decoder.o_mem_req$89
   105/154: $u_id_stage.u_decoder.o_rs2_used$88
   106/154: $u_id_stage.u_decoder.o_rs1_used$87
   107/154: $u_id_stage.u_decoder.o_illegal$86
   108/154: $u_id_stage.u_decoder.o_rd_wen$85
   109/154: $u_id_stage.u_decoder.o_mem_size$84
   110/154: $u_id_stage.u_decoder.o_mem_unsigned$83
   111/154: $u_id_stage.u_decoder.o_mem_req$82
   112/154: $u_id_stage.u_decoder.o_rs1_used$81
   113/154: $u_id_stage.u_decoder.o_illegal$80
   114/154: $u_id_stage.u_decoder.o_br_op$79
   115/154: $u_id_stage.u_decoder.o_br_en$78
   116/154: $u_id_stage.u_decoder.o_rs2_used$77
   117/154: $u_id_stage.u_decoder.o_rs1_used$76
   118/154: $u_id_stage.u_decoder.o_illegal$75
   119/154: $u_id_stage.u_decoder.o_wb_sel$74
   120/154: $u_id_stage.u_decoder.o_rd_wen$73
   121/154: $u_id_stage.u_decoder.o_jalr_en$72
   122/154: $u_id_stage.u_decoder.o_jump_en$71
   123/154: $u_id_stage.u_decoder.o_imm_sel$70
   124/154: $u_id_stage.u_decoder.o_op_b_sel$69
   125/154: $u_id_stage.u_decoder.o_rs1_used$68
   126/154: $u_id_stage.u_decoder.o_illegal$234
   127/154: $u_id_stage.u_decoder.o_sys_fencei$233
   128/154: $u_id_stage.u_decoder.o_sys_wfi$232
   129/154: $u_id_stage.u_decoder.o_sys_mret$231
   130/154: $u_id_stage.u_decoder.o_sys_ebreak$230
   131/154: $u_id_stage.u_decoder.o_sys_ecall$229
   132/154: $u_id_stage.u_decoder.o_csr_op$228
   133/154: $u_id_stage.u_decoder.o_csr_use_imm$227
   134/154: $u_id_stage.u_decoder.o_csr_wr_en$226
   135/154: $u_id_stage.u_decoder.o_csr_rd_en$225
   136/154: $u_id_stage.u_decoder.o_csr_en$224
   137/154: $u_id_stage.u_decoder.o_wb_sel$223
   138/154: $u_id_stage.u_decoder.o_rd_wen$222
   139/154: $u_id_stage.u_decoder.o_mem_size$221
   140/154: $u_id_stage.u_decoder.o_mem_unsigned$220
   141/154: $u_id_stage.u_decoder.o_mem_we$219
   142/154: $u_id_stage.u_decoder.o_mem_req$218
   143/154: $u_id_stage.u_decoder.o_muldiv_op$217
   144/154: $u_id_stage.u_decoder.o_muldiv_en$216
   145/154: $u_id_stage.u_decoder.o_br_op$215
   146/154: $u_id_stage.u_decoder.o_jalr_en$214
   147/154: $u_id_stage.u_decoder.o_jump_en$213
   148/154: $u_id_stage.u_decoder.o_br_en$212
   149/154: $u_id_stage.u_decoder.o_imm_sel$211
   150/154: $u_id_stage.u_decoder.o_op_b_sel$210
   151/154: $u_id_stage.u_decoder.o_op_a_sel$209
   152/154: $u_id_stage.u_decoder.o_alu_op$208
   153/154: $u_id_stage.u_decoder.o_rs2_used$207
   154/154: $u_id_stage.u_decoder.o_rs1_used$206
Creating decoders for process `\rv32im_core.$57'.
     1/2: $u_if_stage.reg_ifid$61
     2/2: $u_if_stage.reg_ifid$62
Creating decoders for process `\rv32im_core.$51'.
     1/1: $u_if_stage.reg_pc$56
Creating decoders for process `\rv32im_core.$48'.
     1/2: $u_if_stage.reg_rsp_err$50
     2/2: $u_if_stage.reg_rsp_data$49
Creating decoders for process `\rv32im_core.$740'.
     1/4: $u_csr_file.reg_mcause_code$746
     2/4: $u_csr_file.reg_mcause_irq$745
     3/4: $u_csr_file.reg_mcause_code$748
     4/4: $u_csr_file.reg_mcause_irq$747
Creating decoders for process `\rv32im_core.$733'.
     1/2: $u_csr_file.reg_mepc$738
     2/2: $u_csr_file.reg_mepc$739
Creating decoders for process `\rv32im_core.$28'.
     1/2: $u_if_stage.w_discard_nxt$34
     2/2: $u_if_stage.w_discard_nxt$29
Creating decoders for process `\rv32im_core.$22'.
     1/2: $u_if_stage.w_pc_nxt$26
     2/2: $u_if_stage.w_pc_nxt$27
Creating decoders for process `\rv32im_core.$11'.
     1/4: $u_if_stage.w_state_nxt$16
     2/4: $u_if_stage.w_state_nxt$18
     3/4: $u_if_stage.o_imem_req_valid$17
     4/4: $u_if_stage.w_state_nxt$15

1.9. Executing PROC_CLEAN pass (remove empty switches from decision trees).
Found and cleaned up 3 empty switches in `\rv32im_core.$726'.
Removing empty process `rv32im_core.$726'.
Found and cleaned up 1 empty switch in `\rv32im_core.$720'.
Removing empty process `rv32im_core.$720'.
Found and cleaned up 1 empty switch in `\rv32im_core.$712'.
Removing empty process `rv32im_core.$712'.
Found and cleaned up 1 empty switch in `\rv32im_core.$703'.
Removing empty process `rv32im_core.$703'.
Found and cleaned up 5 empty switches in `\rv32im_core.$692'.
Removing empty process `rv32im_core.$692'.
Found and cleaned up 1 empty switch in `\rv32im_core.$679'.
Removing empty process `rv32im_core.$679'.
Found and cleaned up 1 empty switch in `\rv32im_core.$669'.
Removing empty process `rv32im_core.$669'.
Found and cleaned up 4 empty switches in `\rv32im_core.$816'.
Removing empty process `rv32im_core.$816'.
Found and cleaned up 3 empty switches in `\rv32im_core.$797'.
Removing empty process `rv32im_core.$797'.
Found and cleaned up 3 empty switches in `\rv32im_core.$658'.
Removing empty process `rv32im_core.$658'.
Found and cleaned up 5 empty switches in `\rv32im_core.$774'.
Removing empty process `rv32im_core.$774'.
Found and cleaned up 1 empty switch in `\rv32im_core.$647'.
Removing empty process `rv32im_core.$647'.
Found and cleaned up 1 empty switch in `\rv32im_core.$645'.
Removing empty process `rv32im_core.$645'.
Found and cleaned up 9 empty switches in `\rv32im_core.$624'.
Removing empty process `rv32im_core.$624'.
Found and cleaned up 1 empty switch in `\rv32im_core.$612'.
Removing empty process `rv32im_core.$612'.
Found and cleaned up 3 empty switches in `\rv32im_core.$609'.
Removing empty process `rv32im_core.$609'.
Found and cleaned up 1 empty switch in `\rv32im_core.$597'.
Removing empty process `rv32im_core.$597'.
Found and cleaned up 1 empty switch in `\rv32im_core.$593'.
Removing empty process `rv32im_core.$593'.
Found and cleaned up 1 empty switch in `\rv32im_core.$590'.
Removing empty process `rv32im_core.$590'.
Found and cleaned up 3 empty switches in `\rv32im_core.$583'.
Removing empty process `rv32im_core.$583'.
Found and cleaned up 3 empty switches in `\rv32im_core.$576'.
Removing empty process `rv32im_core.$576'.
Found and cleaned up 9 empty switches in `\rv32im_core.$856'.
Removing empty process `rv32im_core.$856'.
Found and cleaned up 7 empty switches in `\rv32im_core.$548'.
Removing empty process `rv32im_core.$548'.
Found and cleaned up 1 empty switch in `\rv32im_core.$531'.
Removing empty process `rv32im_core.$531'.
Found and cleaned up 1 empty switch in `\rv32im_core.$526'.
Removing empty process `rv32im_core.$526'.
Found and cleaned up 7 empty switches in `\rv32im_core.$516'.
Removing empty process `rv32im_core.$516'.
Found and cleaned up 3 empty switches in `\rv32im_core.$502'.
Removing empty process `rv32im_core.$502'.
Found and cleaned up 3 empty switches in `\rv32im_core.$481'.
Removing empty process `rv32im_core.$481'.
Found and cleaned up 9 empty switches in `\rv32im_core.$447'.
Removing empty process `rv32im_core.$447'.
Found and cleaned up 3 empty switches in `\rv32im_core.$439'.
Removing empty process `rv32im_core.$439'.
Found and cleaned up 1 empty switch in `\rv32im_core.$405'.
Removing empty process `rv32im_core.$405'.
Found and cleaned up 10 empty switches in `\rv32im_core.$378'.
Removing empty process `rv32im_core.$378'.
Found and cleaned up 1 empty switch in `\rv32im_core.$368'.
Removing empty process `rv32im_core.$368'.
Found and cleaned up 1 empty switch in `\rv32im_core.$332'.
Removing empty process `rv32im_core.$332'.
Found and cleaned up 1 empty switch in `\rv32im_core.$320'.
Removing empty process `rv32im_core.$320'.
Found and cleaned up 1 empty switch in `\rv32im_core.$318'.
Removing empty process `rv32im_core.$318'.
Found and cleaned up 1 empty switch in `\rv32im_core.$316'.
Removing empty process `rv32im_core.$316'.
Found and cleaned up 1 empty switch in `\rv32im_core.$314'.
Removing empty process `rv32im_core.$314'.
Found and cleaned up 1 empty switch in `\rv32im_core.$312'.
Removing empty process `rv32im_core.$312'.
Found and cleaned up 3 empty switches in `\rv32im_core.$306'.
Removing empty process `rv32im_core.$306'.
Found and cleaned up 3 empty switches in `\rv32im_core.$300'.
Removing empty process `rv32im_core.$300'.
Found and cleaned up 1 empty switch in `\rv32im_core.$279'.
Removing empty process `rv32im_core.$279'.
Found and cleaned up 3 empty switches in `\rv32im_core.$271'.
Removing empty process `rv32im_core.$271'.
Found and cleaned up 4 empty switches in `\rv32im_core.$820'.
Removing empty process `rv32im_core.$820'.
Found and cleaned up 9 empty switches in `\rv32im_core.$239'.
Removing empty process `rv32im_core.$239'.
Found and cleaned up 1 empty switch in `\rv32im_core.$235'.
Removing empty process `rv32im_core.$235'.
Found and cleaned up 44 empty switches in `\rv32im_core.$66'.
Removing empty process `rv32im_core.$66'.
Found and cleaned up 3 empty switches in `\rv32im_core.$57'.
Removing empty process `rv32im_core.$57'.
Found and cleaned up 1 empty switch in `\rv32im_core.$51'.
Removing empty process `rv32im_core.$51'.
Found and cleaned up 1 empty switch in `\rv32im_core.$48'.
Removing empty process `rv32im_core.$48'.
Found and cleaned up 3 empty switches in `\rv32im_core.$740'.
Removing empty process `rv32im_core.$740'.
Found and cleaned up 3 empty switches in `\rv32im_core.$733'.
Removing empty process `rv32im_core.$733'.
Found and cleaned up 3 empty switches in `\rv32im_core.$28'.
Removing empty process `rv32im_core.$28'.
Found and cleaned up 3 empty switches in `\rv32im_core.$22'.
Removing empty process `rv32im_core.$22'.
Found and cleaned up 5 empty switches in `\rv32im_core.$11'.
Removing empty process `rv32im_core.$11'.
Cleaned up 203 empty switches.

1.10. Executing OPT_EXPR pass (perform const folding).
Optimizing module rv32im_core.
<suppressed ~167 debug messages>

2. Executing HIERARCHY pass (managing design hierarchy).

2.1. Analyzing design hierarchy..
Top module:  \rv32im_core

2.2. Analyzing design hierarchy..
Top module:  \rv32im_core
Removed 0 unused modules.

3. Executing PROC pass (convert processes to netlists).

3.1. Executing PROC_CLEAN pass (remove empty switches from decision trees).
Cleaned up 0 empty switches.

3.2. Executing PROC_RMDEAD pass (remove dead branches from decision trees).
Removed a total of 0 dead cases.

3.3. Executing PROC_PRUNE pass (remove redundant assignments in processes).
Removed 0 redundant assignments.
Promoted 0 assignments to connections.

3.4. Executing PROC_INIT pass (extract init attributes).

3.5. Executing PROC_ARST pass (detect async resets in processes).

3.6. Executing PROC_ROM pass (convert switches to ROMs).
Converted 0 switches.

3.7. Executing PROC_MUX pass (convert decision trees to multiplexers).

3.8. Executing PROC_DLATCH pass (convert process syncs to latches).

3.9. Executing PROC_DFF pass (convert process syncs to FFs).

3.10. Executing PROC_MEMWR pass (convert process memory writes to cells).

3.11. Executing PROC_CLEAN pass (remove empty switches from decision trees).
Cleaned up 0 empty switches.

3.12. Executing OPT_EXPR pass (perform const folding).
Optimizing module rv32im_core.

4. Executing OPT pass (performing simple optimizations).

4.1. Executing OPT_EXPR pass (perform const folding).
Optimizing module rv32im_core.
<suppressed ~595 debug messages>

4.2. Executing OPT_MERGE pass (detect identical cells).
Finding identical cells in module `\rv32im_core'.
<suppressed ~2043 debug messages>
Removed a total of 681 cells.

4.3. Executing OPT_MUXTREE pass (detect dead branches in mux trees).
Running muxtree optimizer on module \rv32im_core..
  Creating internal representation of mux trees.
  Evaluating internal representation of mux trees.
      Replacing known input bits on port A of cell $procmux$589: \u_ex_stage.u_muldiv.g_muldiv_present.u_div.reg_rem -> { 1'0 \u_ex_stage.u_muldiv.g_muldiv_present.u_div.reg_rem [31:0] }
      Replacing known input bits on port A of cell $procmux$2890: \u_if_stage.reg_state -> 1'1
  Analyzing evaluation results.
    dead port 1/3 on $pmux $procmux$313.
    dead port 2/3 on $pmux $procmux$313.
    dead port 3/3 on $pmux $procmux$313.
Removed 3 multiplexer ports.
<suppressed ~389 debug messages>

4.4. Executing OPT_REDUCE pass (consolidate $*mux and $reduce_* inputs).
  Optimizing cells in module \rv32im_core.
    Consolidated identical input bits for $mux cell $procmux$621:
      Old ports: A=2'01, B=2'11, Y=$procmux$621_Y
      New ports: A=1'0, B=1'1, Y=$procmux$621_Y [1]
      New connections: $procmux$621_Y [0] = 1'1
    New ctrl vector for $pmux cell $procmux$2647: { $auto$opt_reduce.cc:137:opt_pmux$2922 $procmux$2481_CMP $procmux$2779_CMP $procmux$2066_CMP $procmux$1792_CMP $procmux$2633_CMP }
    New ctrl vector for $pmux cell $procmux$1326: $procmux$2465_CMP
    New ctrl vector for $pmux cell $procmux$1604: $auto$opt_reduce.cc:137:opt_pmux$2924
    New ctrl vector for $pmux cell $procmux$2257: $auto$opt_reduce.cc:137:opt_pmux$2926
    New ctrl vector for $pmux cell $procmux$1744: $auto$opt_reduce.cc:137:opt_pmux$2928
    Consolidated identical input bits for $mux cell $procmux$2491:
      Old ports: A=2'00, B=2'10, Y=$procmux$2491_Y
      New ports: A=1'0, B=1'1, Y=$procmux$2491_Y [1]
      New connections: $procmux$2491_Y [0] = 1'0
    New ctrl vector for $pmux cell $procmux$1649: $auto$opt_reduce.cc:137:opt_pmux$2930
    New ctrl vector for $pmux cell $procmux$2755: { $auto$opt_reduce.cc:137:opt_pmux$2932 $procmux$2765_CMP $procmux$2451_CMP $procmux$2777_CMP $procmux$2633_CMP }
    New ctrl vector for $pmux cell $procmux$1216: $procmux$1799_CMP
    New ctrl vector for $pmux cell $procmux$2377: $auto$opt_reduce.cc:137:opt_pmux$2934
    New ctrl vector for $pmux cell $procmux$1780: $auto$opt_reduce.cc:137:opt_pmux$2936
    New ctrl vector for $pmux cell $procmux$2281: $auto$opt_reduce.cc:137:opt_pmux$2938
    Consolidated identical input bits for $mux cell $procmux$403:
      Old ports: A=5'00000, B=5'00110, Y=$procmux$403_Y
      New ports: A=1'0, B=1'1, Y=$procmux$403_Y [1]
      New connections: { $procmux$403_Y [4:2] $procmux$403_Y [0] } = { 2'00 $procmux$403_Y [1] 1'0 }
    New ctrl vector for $pmux cell $procmux$2293: $auto$opt_reduce.cc:137:opt_pmux$2940
    New ctrl vector for $pmux cell $procmux$2269: $auto$opt_reduce.cc:137:opt_pmux$2942
    Consolidated identical input bits for $pmux cell $procmux$333:
      Old ports: A=\u_ex_stage.reg_exmem [197:166], B={ \u_ex_stage.reg_exmem [173:166] \u_ex_stage.reg_exmem [173:166] \u_ex_stage.reg_exmem [173:166] \u_ex_stage.reg_exmem [173:166] \u_ex_stage.reg_exmem [181:166] \u_ex_stage.reg_exmem [181:166] }, Y=$procmux$333_Y
      New ports: A=\u_ex_stage.reg_exmem [197:174], B={ \u_ex_stage.reg_exmem [173:166] \u_ex_stage.reg_exmem [173:166] \u_ex_stage.reg_exmem [173:166] \u_ex_stage.reg_exmem [181:166] \u_ex_stage.reg_exmem [181:174] }, Y=$procmux$333_Y [31:8]
      New connections: $procmux$333_Y [7:0] = \u_ex_stage.reg_exmem [173:166]
    New ctrl vector for $pmux cell $procmux$323: $auto$opt_reduce.cc:137:opt_pmux$2944
    Consolidated identical input bits for $mux cell $procmux$2058:
      Old ports: A=4'0000, B=4'0111, Y=$procmux$2058_Y
      New ports: A=1'0, B=1'1, Y=$procmux$2058_Y [0]
      New connections: $procmux$2058_Y [3:1] = { 1'0 $procmux$2058_Y [0] $procmux$2058_Y [0] }
    New ctrl vector for $pmux cell $procmux$2460: $auto$opt_reduce.cc:137:opt_pmux$2946
    New ctrl vector for $pmux cell $procmux$1640: $procmux$1616_CTRL
    New ctrl vector for $pmux cell $procmux$2350: $auto$opt_reduce.cc:137:opt_pmux$2948
    New ctrl vector for $pmux cell $procmux$1354: { $procmux$1800_CMP $auto$opt_reduce.cc:137:opt_pmux$2950 }
    New ctrl vector for $pmux cell $procmux$1798: $auto$opt_reduce.cc:137:opt_pmux$2952
    New ctrl vector for $pmux cell $procmux$2362: $auto$opt_reduce.cc:137:opt_pmux$2954
    Consolidated identical input bits for $mux cell $procmux$184:
      Old ports: A=5'00010, B=5'00111, Y=$procmux$184_Y
      New ports: A=1'0, B=1'1, Y=$procmux$184_Y [0]
      New connections: $procmux$184_Y [4:1] = { 2'00 $procmux$184_Y [0] 1'1 }
    New ctrl vector for $pmux cell $procmux$2336: { $auto$opt_reduce.cc:137:opt_pmux$2958 $auto$opt_reduce.cc:137:opt_pmux$2956 }
    New ctrl vector for $pmux cell $procmux$161: { $procmux$168_CMP $procmux$167_CMP }
    Consolidated identical input bits for $mux cell $procmux$142:
      Old ports: A=5'01011, B=5'00111, Y=$procmux$142_Y
      New ports: A=2'10, B=2'01, Y=$procmux$142_Y [3:2]
      New connections: { $procmux$142_Y [4] $procmux$142_Y [1:0] } = 3'011
    New ctrl vector for $pmux cell $procmux$2306: $auto$opt_reduce.cc:137:opt_pmux$2960
    New ctrl vector for $pmux cell $procmux$2443: $auto$opt_reduce.cc:137:opt_pmux$2962
    Consolidated identical input bits for $mux cell $procmux$114:
      Old ports: A=2'00, B=2'10, Y=$procmux$114_Y
      New ports: A=1'0, B=1'1, Y=$procmux$114_Y [1]
      New connections: $procmux$114_Y [0] = 1'0
    New ctrl vector for $pmux cell $procmux$94: $auto$opt_reduce.cc:137:opt_pmux$2964
    Consolidated identical input bits for $mux cell $procmux$2159:
      Old ports: A=4'0000, B=4'0010, Y=$procmux$2159_Y
      New ports: A=1'0, B=1'1, Y=$procmux$2159_Y [1]
      New connections: { $procmux$2159_Y [3:2] $procmux$2159_Y [0] } = 3'000
    New ctrl vector for $pmux cell $procmux$2426: $auto$opt_reduce.cc:137:opt_pmux$2966
    New ctrl vector for $pmux cell $procmux$1726: $auto$opt_reduce.cc:137:opt_pmux$2968
    New ctrl vector for $pmux cell $procmux$2574: { $auto$opt_reduce.cc:137:opt_pmux$2970 $procmux$2481_CMP $procmux$2451_CMP $procmux$2779_CMP $procmux$2777_CMP $procmux$2066_CMP $procmux$1792_CMP $procmux$1660_CMP $procmux$2633_CMP }
    Consolidated identical input bits for $pmux cell $procmux$1613:
      Old ports: A=2'00, B=4'1111, Y=$procmux$1613_Y
      New ports: A=1'0, B=2'11, Y=$procmux$1613_Y [0]
      New connections: $procmux$1613_Y [1] = $procmux$1613_Y [0]
    New ctrl vector for $pmux cell $procmux$1613: $auto$opt_reduce.cc:137:opt_pmux$2972
    Consolidated identical input bits for $mux cell $procmux$1016:
      Old ports: A=5'00001, B=5'00011, Y=$procmux$1016_Y
      New ports: A=1'0, B=1'1, Y=$procmux$1016_Y [1]
      New connections: { $procmux$1016_Y [4:2] $procmux$1016_Y [0] } = 4'0001
    Consolidated identical input bits for $pmux cell $procmux$1631:
      Old ports: A=3'000, B=6'000101, Y=$procmux$1631_Y
      New ports: A=1'0, B=2'01, Y=$procmux$1631_Y [0]
      New connections: $procmux$1631_Y [2:1] = { $procmux$1631_Y [0] 1'0 }
    New ctrl vector for $pmux cell $procmux$1631: $procmux$1355_CTRL
    New ctrl vector for $pmux cell $procmux$1577: $procmux$1355_CTRL
    New ctrl vector for $pmux cell $procmux$2321: $auto$opt_reduce.cc:137:opt_pmux$2974
    New ctrl vector for $pmux cell $procmux$2233: $auto$opt_reduce.cc:137:opt_pmux$2976
    Consolidated identical input bits for $mux cell $procmux$994:
      Old ports: A=2'00, B=2'10, Y=$procmux$994_Y
      New ports: A=1'0, B=1'1, Y=$procmux$994_Y [1]
      New connections: $procmux$994_Y [0] = 1'0
    Consolidated identical input bits for $mux cell $595:
      Old ports: A={ \u_mem_stage.u_lsu.w_half_sel [15] \u_mem_stage.u_lsu.w_half_sel [15] \u_mem_stage.u_lsu.w_half_sel [15] \u_mem_stage.u_lsu.w_half_sel [15] \u_mem_stage.u_lsu.w_half_sel [15] \u_mem_stage.u_lsu.w_half_sel [15] \u_mem_stage.u_lsu.w_half_sel [15] \u_mem_stage.u_lsu.w_half_sel [15] \u_mem_stage.u_lsu.w_half_sel [15] \u_mem_stage.u_lsu.w_half_sel [15] \u_mem_stage.u_lsu.w_half_sel [15] \u_mem_stage.u_lsu.w_half_sel [15] \u_mem_stage.u_lsu.w_half_sel [15] \u_mem_stage.u_lsu.w_half_sel [15] \u_mem_stage.u_lsu.w_half_sel [15] \u_mem_stage.u_lsu.w_half_sel [15] \u_mem_stage.u_lsu.w_half_sel }, B={ 16'0000000000000000 \u_mem_stage.u_lsu.w_half_sel }, Y=$595y
      New ports: A=$procmux$323_Y [15], B=1'0, Y=$595y [16]
      New connections: { $595y [31:17] $595y [15:0] } = { $595y [16] $595y [16] $595y [16] $595y [16] $595y [16] $595y [16] $595y [16] $595y [16] $595y [16] $595y [16] $595y [16] $595y [16] $595y [16] $595y [16] $595y [16] $procmux$323_Y }
    Consolidated identical input bits for $mux cell $594:
      Old ports: A={ \u_mem_stage.u_lsu.w_byte_sel [7] \u_mem_stage.u_lsu.w_byte_sel [7] \u_mem_stage.u_lsu.w_byte_sel [7] \u_mem_stage.u_lsu.w_byte_sel [7] \u_mem_stage.u_lsu.w_byte_sel [7] \u_mem_stage.u_lsu.w_byte_sel [7] \u_mem_stage.u_lsu.w_byte_sel [7] \u_mem_stage.u_lsu.w_byte_sel [7] \u_mem_stage.u_lsu.w_byte_sel [7] \u_mem_stage.u_lsu.w_byte_sel [7] \u_mem_stage.u_lsu.w_byte_sel [7] \u_mem_stage.u_lsu.w_byte_sel [7] \u_mem_stage.u_lsu.w_byte_sel [7] \u_mem_stage.u_lsu.w_byte_sel [7] \u_mem_stage.u_lsu.w_byte_sel [7] \u_mem_stage.u_lsu.w_byte_sel [7] \u_mem_stage.u_lsu.w_byte_sel [7] \u_mem_stage.u_lsu.w_byte_sel [7] \u_mem_stage.u_lsu.w_byte_sel [7] \u_mem_stage.u_lsu.w_byte_sel [7] \u_mem_stage.u_lsu.w_byte_sel [7] \u_mem_stage.u_lsu.w_byte_sel [7] \u_mem_stage.u_lsu.w_byte_sel [7] \u_mem_stage.u_lsu.w_byte_sel [7] \u_mem_stage.u_lsu.w_byte_sel }, B={ 24'000000000000000000000000 \u_mem_stage.u_lsu.w_byte_sel }, Y=$594y
      New ports: A=$procmux$327_Y [7], B=1'0, Y=$594y [8]
      New connections: { $594y [31:9] $594y [7:0] } = { $594y [8] $594y [8] $594y [8] $594y [8] $594y [8] $594y [8] $594y [8] $594y [8] $594y [8] $594y [8] $594y [8] $594y [8] $594y [8] $594y [8] $594y [8] $594y [8] $594y [8] $594y [8] $594y [8] $594y [8] $594y [8] $594y [8] $594y [8] $procmux$327_Y }
    New ctrl vector for $pmux cell $procmux$1395: $auto$opt_reduce.cc:137:opt_pmux$2978
    Consolidated identical input bits for $pmux cell $procmux$1762:
      Old ports: A=4'0000, B=8'00010111, Y=$procmux$1762_Y
      New ports: A=2'00, B=4'0111, Y=$procmux$1762_Y [1:0]
      New connections: $procmux$1762_Y [3:2] = { 1'0 $procmux$1762_Y [1] }
    Consolidated identical input bits for $mux cell $344:
      Old ports: A=\u_ex_stage.w_target_base, B=$343y, Y=$344y
      New ports: A=$342y [0], B=1'0, Y=$344y [0]
      New connections: $344y [31:1] = $342y [31:1]
    Consolidated identical input bits for $mux cell $procmux$851:
      Old ports: A=34'0000000000000000000000000000000000, B=$381y, Y=$procmux$851_Y
      New ports: A=33'000000000000000000000000000000000, B={ $376y $procmux$961_Y }, Y=$procmux$851_Y [32:0]
      New connections: $procmux$851_Y [33] = $procmux$851_Y [32]
    Consolidated identical input bits for $mux cell $286:
      Old ports: A=0, B=32'11111111111111111111111111111111, Y=$286y
      New ports: A=1'0, B=1'1, Y=$286y [0]
      New connections: $286y [31:1] = { $286y [0] $286y [0] $286y [0] $286y [0] $286y [0] $286y [0] $286y [0] $286y [0] $286y [0] $286y [0] $286y [0] $286y [0] $286y [0] $286y [0] $286y [0] $286y [0] $286y [0] $286y [0] $286y [0] $286y [0] $286y [0] $286y [0] $286y [0] $286y [0] $286y [0] $286y [0] $286y [0] $286y [0] $286y [0] $286y [0] $286y [0] }
    New ctrl vector for $pmux cell $procmux$1622: $auto$opt_reduce.cc:137:opt_pmux$2980
    Consolidated identical input bits for $mux cell $procmux$2881:
      Old ports: A=\u_if_stage.reg_pc, B=$25y, Y=$procmux$2881_Y
      New ports: A=\u_if_stage.reg_pc [31:2], B=$25y [31:2], Y=$procmux$2881_Y [31:2]
      New connections: $procmux$2881_Y [1:0] = \u_if_stage.reg_pc [1:0]
    New ctrl vector for $pmux cell $procmux$2393: $auto$opt_reduce.cc:137:opt_pmux$2982
    New ctrl vector for $pmux cell $procmux$2774: { $procmux$2481_CMP $auto$opt_reduce.cc:137:opt_pmux$2984 }
    New input vector for $reduce_or cell $auto$opt_reduce.cc:131:opt_pmux$2923: { $procmux$2465_CMP $procmux$2445_CMP $procmux$1799_CMP $procmux$1643_CMP [2:1] $procmux$1641_CMP [2] }
    New input vector for $reduce_or cell $auto$opt_reduce.cc:131:opt_pmux$2949: { $procmux$2465_CMP $procmux$2445_CMP $procmux$1799_CMP $procmux$1643_CMP [2:1] $procmux$1641_CMP [2] }
    New input vector for $reduce_or cell $auto$opt_reduce.cc:131:opt_pmux$2971: { $procmux$2465_CMP $procmux$2445_CMP $procmux$1799_CMP $procmux$1643_CMP [2:1] $procmux$1641_CMP [2] }
    New input vector for $reduce_or cell $auto$opt_reduce.cc:131:opt_pmux$2979: { $procmux$2465_CMP $procmux$2445_CMP $procmux$1799_CMP $procmux$1643_CMP [2:1] $procmux$1641_CMP [2] }
  Optimizing cells in module \rv32im_core.
    Consolidated identical input bits for $mux cell $procmux$437:
      Old ports: A=$u_ex_stage.w_exc_code$551, B=5'00100, Y=$procmux$437_Y
      New ports: A={ $procmux$403_Y [1] $procmux$403_Y [1] }, B=2'10, Y=$procmux$437_Y [2:1]
      New connections: { $procmux$437_Y [4:3] $procmux$437_Y [0] } = 3'000
    Consolidated identical input bits for $mux cell $procmux$346:
      Old ports: A=\u_ex_stage.reg_exmem [197:166], B=$u_mem_stage.u_lsu.w_req_wdata$587, Y=$procmux$346_Y
      New ports: A=\u_ex_stage.reg_exmem [197:174], B=$procmux$333_Y [31:8], Y=$procmux$346_Y [31:8]
      New connections: $procmux$346_Y [7:0] = \u_ex_stage.reg_exmem [173:166]
    Consolidated identical input bits for $mux cell $procmux$224:
      Old ports: A=$u_mem_stage.w_exc_code$629, B=5'00101, Y=$procmux$224_Y
      New ports: A={ 1'1 $procmux$184_Y [0] }, B=2'01, Y=$procmux$224_Y [1:0]
      New connections: $procmux$224_Y [4:2] = { 2'00 $procmux$224_Y [0] }
    Consolidated identical input bits for $mux cell $procmux$152:
      Old ports: A=$u_trap_ctrl.w_irq_code$775, B=5'00011, Y=$procmux$152_Y
      New ports: A=$procmux$142_Y [3:2], B=2'00, Y=$procmux$152_Y [3:2]
      New connections: { $procmux$152_Y [4] $procmux$152_Y [1:0] } = 3'011
    Consolidated identical input bits for $mux cell $procmux$1056:
      Old ports: A=$u_id_stage.w_exc_code$241, B=5'01011, Y=$procmux$1056_Y
      New ports: A={ 1'0 $procmux$1016_Y [1] }, B=2'11, Y={ $procmux$1056_Y [3] $procmux$1056_Y [1] }
      New connections: { $procmux$1056_Y [4] $procmux$1056_Y [2] $procmux$1056_Y [0] } = 3'001
    Consolidated identical input bits for $mux cell $procmux$1816:
      Old ports: A=4'0000, B=$u_id_stage.u_decoder.o_alu_op$125, Y=$procmux$1816_Y
      New ports: A=2'00, B=$procmux$1762_Y [1:0], Y=$procmux$1816_Y [1:0]
      New connections: $procmux$1816_Y [3:2] = { 1'0 $procmux$1816_Y [1] }
    Consolidated identical input bits for $demux cell $287:
      Old ports: A=$286y, Y=$287y
      New ports: A=$286y [0], Y={ $287y [992] $287y [960] $287y [928] $287y [896] $287y [864] $287y [832] $287y [800] $287y [768] $287y [736] $287y [704] $287y [672] $287y [640] $287y [608] $287y [576] $287y [544] $287y [512] $287y [480] $287y [448] $287y [416] $287y [384] $287y [352] $287y [320] $287y [288] $287y [256] $287y [224] $287y [192] $287y [160] $287y [128] $287y [96] $287y [64] $287y [32] $287y [0] }
      New connections: { $287y [1023] $287y [991] $287y [959] $287y [927] $287y [895] $287y [863] $287y [831] $287y [799] $287y [767] $287y [735] $287y [703] $287y [671] $287y [639] $287y [607] $287y [575] $287y [543] $287y [511] $287y [479] $287y [447] $287y [415] $287y [383] $287y [351] $287y [319] $287y [287] $287y [255] $287y [223] $287y [191] $287y [159] $287y [127] $287y [95] $287y [63] $287y [31] $287y [1022] $287y [990] $287y [958] $287y [926] $287y [894] $287y [862] $287y [830] $287y [798] $287y [766] $287y [734] $287y [702] $287y [670] $287y [638] $287y [606] $287y [574] $287y [542] $287y [510] $287y [478] $287y [446] $287y [414] $287y [382] $287y [350] $287y [318] $287y [286] $287y [254] $287y [222] $287y [190] $287y [158] $287y [126] $287y [94] $287y [62] $287y [30] $287y [1021] $287y [989] $287y [957] $287y [925] $287y [893] $287y [861] $287y [829] $287y [797] $287y [765] $287y [733] $287y [701] $287y [669] $287y [637] $287y [605] $287y [573] $287y [541] $287y [509] $287y [477] $287y [445] $287y [413] $287y [381] $287y [349] $287y [317] $287y [285] $287y [253] $287y [221] $287y [189] $287y [157] $287y [125] $287y [93] $287y [61] $287y [29] $287y [1020] $287y [988] $287y [956] $287y [924] $287y [892] $287y [860] $287y [828] $287y [796] $287y [764] $287y [732] $287y [700] $287y [668] $287y [636] $287y [604] $287y [572] $287y [540] $287y [508] $287y [476] $287y [444] $287y [412] $287y [380] $287y [348] $287y [316] $287y [284] $287y [252] $287y [220] $287y [188] $287y [156] $287y [124] $287y [92] $287y [60] $287y [28] $287y [1019] $287y [987] $287y [955] $287y [923] $287y [891] $287y [859] $287y [827] $287y [795] $287y [763] $287y [731] $287y [699] $287y [667] $287y [635] $287y [603] $287y [571] $287y [539] $287y [507] $287y [475] $287y [443] $287y [411] $287y [379] $287y [347] $287y [315] $287y [283] $287y [251] $287y [219] $287y [187] $287y [155] $287y [123] $287y [91] $287y [59] $287y [27] $287y [1018] $287y [986] $287y [954] $287y [922] $287y [890] $287y [858] $287y [826] $287y [794] $287y [762] $287y [730] $287y [698] $287y [666] $287y [634] $287y [602] $287y [570] $287y [538] $287y [506] $287y [474] $287y [442] $287y [410] $287y [378] $287y [346] $287y [314] $287y [282] $287y [250] $287y [218] $287y [186] $287y [154] $287y [122] $287y [90] $287y [58] $287y [26] $287y [1017] $287y [985] $287y [953] $287y [921] $287y [889] $287y [857] $287y [825] $287y [793] $287y [761] $287y [729] $287y [697] $287y [665] $287y [633] $287y [601] $287y [569] $287y [537] $287y [505] $287y [473] $287y [441] $287y [409] $287y [377] $287y [345] $287y [313] $287y [281] $287y [249] $287y [217] $287y [185] $287y [153] $287y [121] $287y [89] $287y [57] $287y [25] $287y [1016] $287y [984] $287y [952] $287y [920] $287y [888] $287y [856] $287y [824] $287y [792] $287y [760] $287y [728] $287y [696] $287y [664] $287y [632] $287y [600] $287y [568] $287y [536] $287y [504] $287y [472] $287y [440] $287y [408] $287y [376] $287y [344] $287y [312] $287y [280] $287y [248] $287y [216] $287y [184] $287y [152] $287y [120] $287y [88] $287y [56] $287y [24] $287y [1015] $287y [983] $287y [951] $287y [919] $287y [887] $287y [855] $287y [823] $287y [791] $287y [759] $287y [727] $287y [695] $287y [663] $287y [631] $287y [599] $287y [567] $287y [535] $287y [503] $287y [471] $287y [439] $287y [407] $287y [375] $287y [343] $287y [311] $287y [279] $287y [247] $287y [215] $287y [183] $287y [151] $287y [119] $287y [87] $287y [55] $287y [23] $287y [1014] $287y [982] $287y [950] $287y [918] $287y [886] $287y [854] $287y [822] $287y [790] $287y [758] $287y [726] $287y [694] $287y [662] $287y [630] $287y [598] $287y [566] $287y [534] $287y [502] $287y [470] $287y [438] $287y [406] $287y [374] $287y [342] $287y [310] $287y [278] $287y [246] $287y [214] $287y [182] $287y [150] $287y [118] $287y [86] $287y [54] $287y [22] $287y [1013] $287y [981] $287y [949] $287y [917] $287y [885] $287y [853] $287y [821] $287y [789] $287y [757] $287y [725] $287y [693] $287y [661] $287y [629] $287y [597] $287y [565] $287y [533] $287y [501] $287y [469] $287y [437] $287y [405] $287y [373] $287y [341] $287y [309] $287y [277] $287y [245] $287y [213] $287y [181] $287y [149] $287y [117] $287y [85] $287y [53] $287y [21] $287y [1012] $287y [980] $287y [948] $287y [916] $287y [884] $287y [852] $287y [820] $287y [788] $287y [756] $287y [724] $287y [692] $287y [660] $287y [628] $287y [596] $287y [564] $287y [532] $287y [500] $287y [468] $287y [436] $287y [404] $287y [372] $287y [340] $287y [308] $287y [276] $287y [244] $287y [212] $287y [180] $287y [148] $287y [116] $287y [84] $287y [52] $287y [20] $287y [1011] $287y [979] $287y [947] $287y [915] $287y [883] $287y [851] $287y [819] $287y [787] $287y [755] $287y [723] $287y [691] $287y [659] $287y [627] $287y [595] $287y [563] $287y [531] $287y [499] $287y [467] $287y [435] $287y [403] $287y [371] $287y [339] $287y [307] $287y [275] $287y [243] $287y [211] $287y [179] $287y [147] $287y [115] $287y [83] $287y [51] $287y [19] $287y [1010] $287y [978] $287y [946] $287y [914] $287y [882] $287y [850] $287y [818] $287y [786] $287y [754] $287y [722] $287y [690] $287y [658] $287y [626] $287y [594] $287y [562] $287y [530] $287y [498] $287y [466] $287y [434] $287y [402] $287y [370] $287y [338] $287y [306] $287y [274] $287y [242] $287y [210] $287y [178] $287y [146] $287y [114] $287y [82] $287y [50] $287y [18] $287y [1009] $287y [977] $287y [945] $287y [913] $287y [881] $287y [849] $287y [817] $287y [785] $287y [753] $287y [721] $287y [689] $287y [657] $287y [625] $287y [593] $287y [561] $287y [529] $287y [497] $287y [465] $287y [433] $287y [401] $287y [369] $287y [337] $287y [305] $287y [273] $287y [241] $287y [209] $287y [177] $287y [145] $287y [113] $287y [81] $287y [49] $287y [17] $287y [1008] $287y [976] $287y [944] $287y [912] $287y [880] $287y [848] $287y [816] $287y [784] $287y [752] $287y [720] $287y [688] $287y [656] $287y [624] $287y [592] $287y [560] $287y [528] $287y [496] $287y [464] $287y [432] $287y [400] $287y [368] $287y [336] $287y [304] $287y [272] $287y [240] $287y [208] $287y [176] $287y [144] $287y [112] $287y [80] $287y [48] $287y [16] $287y [1007] $287y [975] $287y [943] $287y [911] $287y [879] $287y [847] $287y [815] $287y [783] $287y [751] $287y [719] $287y [687] $287y [655] $287y [623] $287y [591] $287y [559] $287y [527] $287y [495] $287y [463] $287y [431] $287y [399] $287y [367] $287y [335] $287y [303] $287y [271] $287y [239] $287y [207] $287y [175] $287y [143] $287y [111] $287y [79] $287y [47] $287y [15] $287y [1006] $287y [974] $287y [942] $287y [910] $287y [878] $287y [846] $287y [814] $287y [782] $287y [750] $287y [718] $287y [686] $287y [654] $287y [622] $287y [590] $287y [558] $287y [526] $287y [494] $287y [462] $287y [430] $287y [398] $287y [366] $287y [334] $287y [302] $287y [270] $287y [238] $287y [206] $287y [174] $287y [142] $287y [110] $287y [78] $287y [46] $287y [14] $287y [1005] $287y [973] $287y [941] $287y [909] $287y [877] $287y [845] $287y [813] $287y [781] $287y [749] $287y [717] $287y [685] $287y [653] $287y [621] $287y [589] $287y [557] $287y [525] $287y [493] $287y [461] $287y [429] $287y [397] $287y [365] $287y [333] $287y [301] $287y [269] $287y [237] $287y [205] $287y [173] $287y [141] $287y [109] $287y [77] $287y [45] $287y [13] $287y [1004] $287y [972] $287y [940] $287y [908] $287y [876] $287y [844] $287y [812] $287y [780] $287y [748] $287y [716] $287y [684] $287y [652] $287y [620] $287y [588] $287y [556] $287y [524] $287y [492] $287y [460] $287y [428] $287y [396] $287y [364] $287y [332] $287y [300] $287y [268] $287y [236] $287y [204] $287y [172] $287y [140] $287y [108] $287y [76] $287y [44] $287y [12] $287y [1003] $287y [971] $287y [939] $287y [907] $287y [875] $287y [843] $287y [811] $287y [779] $287y [747] $287y [715] $287y [683] $287y [651] $287y [619] $287y [587] $287y [555] $287y [523] $287y [491] $287y [459] $287y [427] $287y [395] $287y [363] $287y [331] $287y [299] $287y [267] $287y [235] $287y [203] $287y [171] $287y [139] $287y [107] $287y [75] $287y [43] $287y [11] $287y [1002] $287y [970] $287y [938] $287y [906] $287y [874] $287y [842] $287y [810] $287y [778] $287y [746] $287y [714] $287y [682] $287y [650] $287y [618] $287y [586] $287y [554] $287y [522] $287y [490] $287y [458] $287y [426] $287y [394] $287y [362] $287y [330] $287y [298] $287y [266] $287y [234] $287y [202] $287y [170] $287y [138] $287y [106] $287y [74] $287y [42] $287y [10] $287y [1001] $287y [969] $287y [937] $287y [905] $287y [873] $287y [841] $287y [809] $287y [777] $287y [745] $287y [713] $287y [681] $287y [649] $287y [617] $287y [585] $287y [553] $287y [521] $287y [489] $287y [457] $287y [425] $287y [393] $287y [361] $287y [329] $287y [297] $287y [265] $287y [233] $287y [201] $287y [169] $287y [137] $287y [105] $287y [73] $287y [41] $287y [9] $287y [1000] $287y [968] $287y [936] $287y [904] $287y [872] $287y [840] $287y [808] $287y [776] $287y [744] $287y [712] $287y [680] $287y [648] $287y [616] $287y [584] $287y [552] $287y [520] $287y [488] $287y [456] $287y [424] $287y [392] $287y [360] $287y [328] $287y [296] $287y [264] $287y [232] $287y [200] $287y [168] $287y [136] $287y [104] $287y [72] $287y [40] $287y [8] $287y [999] $287y [967] $287y [935] $287y [903] $287y [871] $287y [839] $287y [807] $287y [775] $287y [743] $287y [711] $287y [679] $287y [647] $287y [615] $287y [583] $287y [551] $287y [519] $287y [487] $287y [455] $287y [423] $287y [391] $287y [359] $287y [327] $287y [295] $287y [263] $287y [231] $287y [199] $287y [167] $287y [135] $287y [103] $287y [71] $287y [39] $287y [7] $287y [998] $287y [966] $287y [934] $287y [902] $287y [870] $287y [838] $287y [806] $287y [774] $287y [742] $287y [710] $287y [678] $287y [646] $287y [614] $287y [582] $287y [550] $287y [518] $287y [486] $287y [454] $287y [422] $287y [390] $287y [358] $287y [326] $287y [294] $287y [262] $287y [230] $287y [198] $287y [166] $287y [134] $287y [102] $287y [70] $287y [38] $287y [6] $287y [997] $287y [965] $287y [933] $287y [901] $287y [869] $287y [837] $287y [805] $287y [773] $287y [741] $287y [709] $287y [677] $287y [645] $287y [613] $287y [581] $287y [549] $287y [517] $287y [485] $287y [453] $287y [421] $287y [389] $287y [357] $287y [325] $287y [293] $287y [261] $287y [229] $287y [197] $287y [165] $287y [133] $287y [101] $287y [69] $287y [37] $287y [5] $287y [996] $287y [964] $287y [932] $287y [900] $287y [868] $287y [836] $287y [804] $287y [772] $287y [740] $287y [708] $287y [676] $287y [644] $287y [612] $287y [580] $287y [548] $287y [516] $287y [484] $287y [452] $287y [420] $287y [388] $287y [356] $287y [324] $287y [292] $287y [260] $287y [228] $287y [196] $287y [164] $287y [132] $287y [100] $287y [68] $287y [36] $287y [4] $287y [995] $287y [963] $287y [931] $287y [899] $287y [867] $287y [835] $287y [803] $287y [771] $287y [739] $287y [707] $287y [675] $287y [643] $287y [611] $287y [579] $287y [547] $287y [515] $287y [483] $287y [451] $287y [419] $287y [387] $287y [355] $287y [323] $287y [291] $287y [259] $287y [227] $287y [195] $287y [163] $287y [131] $287y [99] $287y [67] $287y [35] $287y [3] $287y [994] $287y [962] $287y [930] $287y [898] $287y [866] $287y [834] $287y [802] $287y [770] $287y [738] $287y [706] $287y [674] $287y [642] $287y [610] $287y [578] $287y [546] $287y [514] $287y [482] $287y [450] $287y [418] $287y [386] $287y [354] $287y [322] $287y [290] $287y [258] $287y [226] $287y [194] $287y [162] $287y [130] $287y [98] $287y [66] $287y [34] $287y [2] $287y [993] $287y [961] $287y [929] $287y [897] $287y [865] $287y [833] $287y [801] $287y [769] $287y [737] $287y [705] $287y [673] $287y [641] $287y [609] $287y [577] $287y [545] $287y [513] $287y [481] $287y [449] $287y [417] $287y [385] $287y [353] $287y [321] $287y [289] $287y [257] $287y [225] $287y [193] $287y [161] $287y [129] $287y [97] $287y [65] $287y [33] $287y [1] } = { $287y [992] $287y [960] $287y [928] $287y [896] $287y [864] $287y [832] $287y [800] $287y [768] $287y [736] $287y [704] $287y [672] $287y [640] $287y [608] $287y [576] $287y [544] $287y [512] $287y [480] $287y [448] $287y [416] $287y [384] $287y [352] $287y [320] $287y [288] $287y [256] $287y [224] $287y [192] $287y [160] $287y [128] $287y [96] $287y [64] $287y [32] $287y [0] $287y [992] $287y [960] $287y [928] $287y [896] $287y [864] $287y [832] $287y [800] $287y [768] $287y [736] $287y [704] $287y [672] $287y [640] $287y [608] $287y [576] $287y [544] $287y [512] $287y [480] $287y [448] $287y [416] $287y [384] $287y [352] $287y [320] $287y [288] $287y [256] $287y [224] $287y [192] $287y [160] $287y [128] $287y [96] $287y [64] $287y [32] $287y [0] $287y [992] $287y [960] $287y [928] $287y [896] $287y [864] $287y [832] $287y [800] $287y [768] $287y [736] $287y [704] $287y [672] $287y [640] $287y [608] $287y [576] $287y [544] $287y [512] $287y [480] $287y [448] $287y [416] $287y [384] $287y [352] $287y [320] $287y [288] $287y [256] $287y [224] $287y [192] $287y [160] $287y [128] $287y [96] $287y [64] $287y [32] $287y [0] $287y [992] $287y [960] $287y [928] $287y [896] $287y [864] $287y [832] $287y [800] $287y [768] $287y [736] $287y [704] $287y [672] $287y [640] $287y [608] $287y [576] $287y [544] $287y [512] $287y [480] $287y [448] $287y [416] $287y [384] $287y [352] $287y [320] $287y [288] $287y [256] $287y [224] $287y [192] $287y [160] $287y [128] $287y [96] $287y [64] $287y [32] $287y [0] $287y [992] $287y [960] $287y [928] $287y [896] $287y [864] $287y [832] $287y [800] $287y [768] $287y [736] $287y [704] $287y [672] $287y [640] $287y [608] $287y [576] $287y [544] $287y [512] $287y [480] $287y [448] $287y [416] $287y [384] $287y [352] $287y [320] $287y [288] $287y [256] $287y [224] $287y [192] $287y [160] $287y [128] $287y [96] $287y [64] $287y [32] $287y [0] $287y [992] $287y [960] $287y [928] $287y [896] $287y [864] $287y [832] $287y [800] $287y [768] $287y [736] $287y [704] $287y [672] $287y [640] $287y [608] $287y [576] $287y [544] $287y [512] $287y [480] $287y [448] $287y [416] $287y [384] $287y [352] $287y [320] $287y [288] $287y [256] $287y [224] $287y [192] $287y [160] $287y [128] $287y [96] $287y [64] $287y [32] $287y [0] $287y [992] $287y [960] $287y [928] $287y [896] $287y [864] $287y [832] $287y [800] $287y [768] $287y [736] $287y [704] $287y [672] $287y [640] $287y [608] $287y [576] $287y [544] $287y [512] $287y [480] $287y [448] $287y [416] $287y [384] $287y [352] $287y [320] $287y [288] $287y [256] $287y [224] $287y [192] $287y [160] $287y [128] $287y [96] $287y [64] $287y [32] $287y [0] $287y [992] $287y [960] $287y [928] $287y [896] $287y [864] $287y [832] $287y [800] $287y [768] $287y [736] $287y [704] $287y [672] $287y [640] $287y [608] $287y [576] $287y [544] $287y [512] $287y [480] $287y [448] $287y [416] $287y [384] $287y [352] $287y [320] $287y [288] $287y [256] $287y [224] $287y [192] $287y [160] $287y [128] $287y [96] $287y [64] $287y [32] $287y [0] $287y [992] $287y [960] $287y [928] $287y [896] $287y [864] $287y [832] $287y [800] $287y [768] $287y [736] $287y [704] $287y [672] $287y [640] $287y [608] $287y [576] $287y [544] $287y [512] $287y [480] $287y [448] $287y [416] $287y [384] $287y [352] $287y [320] $287y [288] $287y [256] $287y [224] $287y [192] $287y [160] $287y [128] $287y [96] $287y [64] $287y [32] $287y [0] $287y [992] $287y [960] $287y [928] $287y [896] $287y [864] $287y [832] $287y [800] $287y [768] $287y [736] $287y [704] $287y [672] $287y [640] $287y [608] $287y [576] $287y [544] $287y [512] $287y [480] $287y [448] $287y [416] $287y [384] $287y [352] $287y [320] $287y [288] $287y [256] $287y [224] $287y [192] $287y [160] $287y [128] $287y [96] $287y [64] $287y [32] $287y [0] $287y [992] $287y [960] $287y [928] $287y [896] $287y [864] $287y [832] $287y [800] $287y [768] $287y [736] $287y [704] $287y [672] $287y [640] $287y [608] $287y [576] $287y [544] $287y [512] $287y [480] $287y [448] $287y [416] $287y [384] $287y [352] $287y [320] $287y [288] $287y [256] $287y [224] $287y [192] $287y [160] $287y [128] $287y [96] $287y [64] $287y [32] $287y [0] $287y [992] $287y [960] $287y [928] $287y [896] $287y [864] $287y [832] $287y [800] $287y [768] $287y [736] $287y [704] $287y [672] $287y [640] $287y [608] $287y [576] $287y [544] $287y [512] $287y [480] $287y [448] $287y [416] $287y [384] $287y [352] $287y [320] $287y [288] $287y [256] $287y [224] $287y [192] $287y [160] $287y [128] $287y [96] $287y [64] $287y [32] $287y [0] $287y [992] $287y [960] $287y [928] $287y [896] $287y [864] $287y [832] $287y [800] $287y [768] $287y [736] $287y [704] $287y [672] $287y [640] $287y [608] $287y [576] $287y [544] $287y [512] $287y [480] $287y [448] $287y [416] $287y [384] $287y [352] $287y [320] $287y [288] $287y [256] $287y [224] $287y [192] $287y [160] $287y [128] $287y [96] $287y [64] $287y [32] $287y [0] $287y [992] $287y [960] $287y [928] $287y [896] $287y [864] $287y [832] $287y [800] $287y [768] $287y [736] $287y [704] $287y [672] $287y [640] $287y [608] $287y [576] $287y [544] $287y [512] $287y [480] $287y [448] $287y [416] $287y [384] $287y [352] $287y [320] $287y [288] $287y [256] $287y [224] $287y [192] $287y [160] $287y [128] $287y [96] $287y [64] $287y [32] $287y [0] $287y [992] $287y [960] $287y [928] $287y [896] $287y [864] $287y [832] $287y [800] $287y [768] $287y [736] $287y [704] $287y [672] $287y [640] $287y [608] $287y [576] $287y [544] $287y [512] $287y [480] $287y [448] $287y [416] $287y [384] $287y [352] $287y [320] $287y [288] $287y [256] $287y [224] $287y [192] $287y [160] $287y [128] $287y [96] $287y [64] $287y [32] $287y [0] $287y [992] $287y [960] $287y [928] $287y [896] $287y [864] $287y [832] $287y [800] $287y [768] $287y [736] $287y [704] $287y [672] $287y [640] $287y [608] $287y [576] $287y [544] $287y [512] $287y [480] $287y [448] $287y [416] $287y [384] $287y [352] $287y [320] $287y [288] $287y [256] $287y [224] $287y [192] $287y [160] $287y [128] $287y [96] $287y [64] $287y [32] $287y [0] $287y [992] $287y [960] $287y [928] $287y [896] $287y [864] $287y [832] $287y [800] $287y [768] $287y [736] $287y [704] $287y [672] $287y [640] $287y [608] $287y [576] $287y [544] $287y [512] $287y [480] $287y [448] $287y [416] $287y [384] $287y [352] $287y [320] $287y [288] $287y [256] $287y [224] $287y [192] $287y [160] $287y [128] $287y [96] $287y [64] $287y [32] $287y [0] $287y [992] $287y [960] $287y [928] $287y [896] $287y [864] $287y [832] $287y [800] $287y [768] $287y [736] $287y [704] $287y [672] $287y [640] $287y [608] $287y [576] $287y [544] $287y [512] $287y [480] $287y [448] $287y [416] $287y [384] $287y [352] $287y [320] $287y [288] $287y [256] $287y [224] $287y [192] $287y [160] $287y [128] $287y [96] $287y [64] $287y [32] $287y [0] $287y [992] $287y [960] $287y [928] $287y [896] $287y [864] $287y [832] $287y [800] $287y [768] $287y [736] $287y [704] $287y [672] $287y [640] $287y [608] $287y [576] $287y [544] $287y [512] $287y [480] $287y [448] $287y [416] $287y [384] $287y [352] $287y [320] $287y [288] $287y [256] $287y [224] $287y [192] $287y [160] $287y [128] $287y [96] $287y [64] $287y [32] $287y [0] $287y [992] $287y [960] $287y [928] $287y [896] $287y [864] $287y [832] $287y [800] $287y [768] $287y [736] $287y [704] $287y [672] $287y [640] $287y [608] $287y [576] $287y [544] $287y [512] $287y [480] $287y [448] $287y [416] $287y [384] $287y [352] $287y [320] $287y [288] $287y [256] $287y [224] $287y [192] $287y [160] $287y [128] $287y [96] $287y [64] $287y [32] $287y [0] $287y [992] $287y [960] $287y [928] $287y [896] $287y [864] $287y [832] $287y [800] $287y [768] $287y [736] $287y [704] $287y [672] $287y [640] $287y [608] $287y [576] $287y [544] $287y [512] $287y [480] $287y [448] $287y [416] $287y [384] $287y [352] $287y [320] $287y [288] $287y [256] $287y [224] $287y [192] $287y [160] $287y [128] $287y [96] $287y [64] $287y [32] $287y [0] $287y [992] $287y [960] $287y [928] $287y [896] $287y [864] $287y [832] $287y [800] $287y [768] $287y [736] $287y [704] $287y [672] $287y [640] $287y [608] $287y [576] $287y [544] $287y [512] $287y [480] $287y [448] $287y [416] $287y [384] $287y [352] $287y [320] $287y [288] $287y [256] $287y [224] $287y [192] $287y [160] $287y [128] $287y [96] $287y [64] $287y [32] $287y [0] $287y [992] $287y [960] $287y [928] $287y [896] $287y [864] $287y [832] $287y [800] $287y [768] $287y [736] $287y [704] $287y [672] $287y [640] $287y [608] $287y [576] $287y [544] $287y [512] $287y [480] $287y [448] $287y [416] $287y [384] $287y [352] $287y [320] $287y [288] $287y [256] $287y [224] $287y [192] $287y [160] $287y [128] $287y [96] $287y [64] $287y [32] $287y [0] $287y [992] $287y [960] $287y [928] $287y [896] $287y [864] $287y [832] $287y [800] $287y [768] $287y [736] $287y [704] $287y [672] $287y [640] $287y [608] $287y [576] $287y [544] $287y [512] $287y [480] $287y [448] $287y [416] $287y [384] $287y [352] $287y [320] $287y [288] $287y [256] $287y [224] $287y [192] $287y [160] $287y [128] $287y [96] $287y [64] $287y [32] $287y [0] $287y [992] $287y [960] $287y [928] $287y [896] $287y [864] $287y [832] $287y [800] $287y [768] $287y [736] $287y [704] $287y [672] $287y [640] $287y [608] $287y [576] $287y [544] $287y [512] $287y [480] $287y [448] $287y [416] $287y [384] $287y [352] $287y [320] $287y [288] $287y [256] $287y [224] $287y [192] $287y [160] $287y [128] $287y [96] $287y [64] $287y [32] $287y [0] $287y [992] $287y [960] $287y [928] $287y [896] $287y [864] $287y [832] $287y [800] $287y [768] $287y [736] $287y [704] $287y [672] $287y [640] $287y [608] $287y [576] $287y [544] $287y [512] $287y [480] $287y [448] $287y [416] $287y [384] $287y [352] $287y [320] $287y [288] $287y [256] $287y [224] $287y [192] $287y [160] $287y [128] $287y [96] $287y [64] $287y [32] $287y [0] $287y [992] $287y [960] $287y [928] $287y [896] $287y [864] $287y [832] $287y [800] $287y [768] $287y [736] $287y [704] $287y [672] $287y [640] $287y [608] $287y [576] $287y [544] $287y [512] $287y [480] $287y [448] $287y [416] $287y [384] $287y [352] $287y [320] $287y [288] $287y [256] $287y [224] $287y [192] $287y [160] $287y [128] $287y [96] $287y [64] $287y [32] $287y [0] $287y [992] $287y [960] $287y [928] $287y [896] $287y [864] $287y [832] $287y [800] $287y [768] $287y [736] $287y [704] $287y [672] $287y [640] $287y [608] $287y [576] $287y [544] $287y [512] $287y [480] $287y [448] $287y [416] $287y [384] $287y [352] $287y [320] $287y [288] $287y [256] $287y [224] $287y [192] $287y [160] $287y [128] $287y [96] $287y [64] $287y [32] $287y [0] $287y [992] $287y [960] $287y [928] $287y [896] $287y [864] $287y [832] $287y [800] $287y [768] $287y [736] $287y [704] $287y [672] $287y [640] $287y [608] $287y [576] $287y [544] $287y [512] $287y [480] $287y [448] $287y [416] $287y [384] $287y [352] $287y [320] $287y [288] $287y [256] $287y [224] $287y [192] $287y [160] $287y [128] $287y [96] $287y [64] $287y [32] $287y [0] $287y [992] $287y [960] $287y [928] $287y [896] $287y [864] $287y [832] $287y [800] $287y [768] $287y [736] $287y [704] $287y [672] $287y [640] $287y [608] $287y [576] $287y [544] $287y [512] $287y [480] $287y [448] $287y [416] $287y [384] $287y [352] $287y [320] $287y [288] $287y [256] $287y [224] $287y [192] $287y [160] $287y [128] $287y [96] $287y [64] $287y [32] $287y [0] $287y [992] $287y [960] $287y [928] $287y [896] $287y [864] $287y [832] $287y [800] $287y [768] $287y [736] $287y [704] $287y [672] $287y [640] $287y [608] $287y [576] $287y [544] $287y [512] $287y [480] $287y [448] $287y [416] $287y [384] $287y [352] $287y [320] $287y [288] $287y [256] $287y [224] $287y [192] $287y [160] $287y [128] $287y [96] $287y [64] $287y [32] $287y [0] }
    Consolidated identical input bits for $mux cell $procmux$2087:
      Old ports: A=$u_id_stage.u_decoder.o_alu_op$101, B=4'0110, Y=$procmux$2087_Y
      New ports: A={ $procmux$2058_Y [0] $procmux$2058_Y [0] }, B=2'10, Y=$procmux$2087_Y [1:0]
      New connections: $procmux$2087_Y [3:2] = { 1'0 $procmux$2087_Y [1] }
  Optimizing cells in module \rv32im_core.
    Consolidated identical input bits for $mux cell $procmux$464:
      Old ports: A=$u_ex_stage.w_exc_code$554, B=5'00000, Y=$procmux$464_Y
      New ports: A=$procmux$437_Y [2:1], B=2'00, Y=$procmux$464_Y [2:1]
      New connections: { $procmux$464_Y [4:3] $procmux$464_Y [0] } = 3'000
    Consolidated identical input bits for $mux cell $procmux$257:
      Old ports: A=$u_mem_stage.w_exc_code$632, B=5'00010, Y=$procmux$257_Y
      New ports: A=$procmux$224_Y [1:0], B=2'10, Y=$procmux$257_Y [1:0]
      New connections: $procmux$257_Y [4:2] = { 2'00 $procmux$257_Y [0] }
    Consolidated identical input bits for $mux cell $procmux$1089:
      Old ports: A=$u_id_stage.w_exc_code$244, B=5'00010, Y=$procmux$1089_Y
      New ports: A={ $procmux$1056_Y [3] $procmux$1056_Y [1] 1'1 }, B=3'010, Y={ $procmux$1089_Y [3] $procmux$1089_Y [1:0] }
      New connections: { $procmux$1089_Y [4] $procmux$1089_Y [2] } = 2'00
    Consolidated identical input bits for $mux cell $procmux$159:
      Old ports: A=$u_trap_ctrl.w_irq_code$776, B=5'01011, Y=$procmux$159_Y
      New ports: A=$procmux$152_Y [3:2], B=2'10, Y=$procmux$159_Y [3:2]
      New connections: { $procmux$159_Y [4] $procmux$159_Y [1:0] } = 3'011
  Optimizing cells in module \rv32im_core.
Performed a total of 73 changes.

4.5. Executing OPT_MERGE pass (detect identical cells).
Finding identical cells in module `\rv32im_core'.
<suppressed ~114 debug messages>
Removed a total of 38 cells.

4.6. Executing OPT_SHARE pass.
    Found cells that share an operand and can be merged by moving the $pmux $procmux$340 in front of them:
        $585
        $584

    Found cells that share an operand and can be merged by moving the $pmux $procmux$935 in front of them:
        $322
        $321

    Found cells that share an operand and can be merged by moving the $mux $446 in front of them:
        $444
        $445

    Found cells that share an operand and can be merged by moving the $mux $395 in front of them:
        $393
        $394

    Found cells that share an operand and can be merged by moving the $mux $342 in front of them:
        $340
        $341

4.7. Executing OPT_DFF pass (perform DFF optimizations).
Changing const-value async load to async reset on $driver$u_if_stage.reg_state ($aldff) from module rv32im_core.
Changing const-value async load to async reset on $driver$u_if_stage.reg_rsp_early ($aldff) from module rv32im_core.
Changing const-value async load to async reset on $driver$u_if_stage.reg_discard ($aldff) from module rv32im_core.
Changing const-value async load to async reset on $driver$u_if_stage.reg_pc ($aldff) from module rv32im_core.
Changing const-value async load to async reset on $driver$u_if_stage.reg_ifid.valid ($aldff) from module rv32im_core.
Changing const-value async load to async reset on $driver$u_if_stage.reg_ifid.pc ($aldff) from module rv32im_core.
Changing const-value async load to async reset on $driver$u_if_stage.reg_ifid.instr ($aldff) from module rv32im_core.
Changing const-value async load to async reset on $driver$u_if_stage.reg_ifid.exc_valid ($aldff) from module rv32im_core.
Changing const-value async load to async reset on $driver$u_if_stage.reg_ifid.exc_code ($aldff) from module rv32im_core.
Changing const-value async load to async reset on $driver$u_id_stage.reg_idex.valid ($aldff) from module rv32im_core.
Changing const-value async load to async reset on $driver$u_id_stage.reg_idex.pc ($aldff) from module rv32im_core.
Changing const-value async load to async reset on $driver$u_id_stage.reg_idex.rs1_addr ($aldff) from module rv32im_core.
Changing const-value async load to async reset on $driver$u_id_stage.reg_idex.rs2_addr ($aldff) from module rv32im_core.
Changing const-value async load to async reset on $driver$u_id_stage.reg_idex.rs1_data ($aldff) from module rv32im_core.
Changing const-value async load to async reset on $driver$u_id_stage.reg_idex.rs2_data ($aldff) from module rv32im_core.
Changing const-value async load to async reset on $driver$u_id_stage.reg_idex.imm ($aldff) from module rv32im_core.
Changing const-value async load to async reset on $driver$u_id_stage.reg_idex.alu_op ($aldff) from module rv32im_core.
Changing const-value async load to async reset on $driver$u_id_stage.reg_idex.op_a_sel ($aldff) from module rv32im_core.
Changing const-value async load to async reset on $driver$u_id_stage.reg_idex.op_b_sel ($aldff) from module rv32im_core.
Changing const-value async load to async reset on $driver$u_id_stage.reg_idex.br_en ($aldff) from module rv32im_core.
Changing const-value async load to async reset on $driver$u_id_stage.reg_idex.br_op ($aldff) from module rv32im_core.
Changing const-value async load to async reset on $driver$u_id_stage.reg_idex.jump_en ($aldff) from module rv32im_core.
Changing const-value async load to async reset on $driver$u_id_stage.reg_idex.jalr_en ($aldff) from module rv32im_core.
Changing const-value async load to async reset on $driver$u_id_stage.reg_idex.muldiv_en ($aldff) from module rv32im_core.
Changing const-value async load to async reset on $driver$u_id_stage.reg_idex.muldiv_op ($aldff) from module rv32im_core.
Changing const-value async load to async reset on $driver$u_id_stage.reg_idex.mem_req ($aldff) from module rv32im_core.
Changing const-value async load to async reset on $driver$u_id_stage.reg_idex.mem_we ($aldff) from module rv32im_core.
Changing const-value async load to async reset on $driver$u_id_stage.reg_idex.mem_size ($aldff) from module rv32im_core.
Changing const-value async load to async reset on $driver$u_id_stage.reg_idex.mem_unsigned ($aldff) from module rv32im_core.
Changing const-value async load to async reset on $driver$u_id_stage.reg_idex.rd_addr ($aldff) from module rv32im_core.
Changing const-value async load to async reset on $driver$u_id_stage.reg_idex.rd_wen ($aldff) from module rv32im_core.
Changing const-value async load to async reset on $driver$u_id_stage.reg_idex.wb_sel ($aldff) from module rv32im_core.
Changing const-value async load to async reset on $driver$u_id_stage.reg_idex.csr_en ($aldff) from module rv32im_core.
Changing const-value async load to async reset on $driver$u_id_stage.reg_idex.csr_op ($aldff) from module rv32im_core.
Changing const-value async load to async reset on $driver$u_id_stage.reg_idex.csr_addr ($aldff) from module rv32im_core.
Changing const-value async load to async reset on $driver$u_id_stage.reg_idex.csr_rd_en ($aldff) from module rv32im_core.
Changing const-value async load to async reset on $driver$u_id_stage.reg_idex.csr_wr_en ($aldff) from module rv32im_core.
Changing const-value async load to async reset on $driver$u_id_stage.reg_idex.csr_use_imm ($aldff) from module rv32im_core.
Changing const-value async load to async reset on $driver$u_id_stage.reg_idex.csr_uimm ($aldff) from module rv32im_core.
Changing const-value async load to async reset on $driver$u_id_stage.reg_idex.sys_mret ($aldff) from module rv32im_core.
Changing const-value async load to async reset on $driver$u_id_stage.reg_idex.sys_wfi ($aldff) from module rv32im_core.
Changing const-value async load to async reset on $driver$u_id_stage.reg_idex.sys_fencei ($aldff) from module rv32im_core.
Changing const-value async load to async reset on $driver$u_id_stage.reg_idex.exc_valid ($aldff) from module rv32im_core.
Changing const-value async load to async reset on $driver$u_id_stage.reg_idex.exc_code ($aldff) from module rv32im_core.
Changing const-value async load to async reset on $driver$u_id_stage.reg_idex.exc_tval ($aldff) from module rv32im_core.
Changing const-value async load to async reset on $driver$u_id_stage.reg_idex.instr ($aldff) from module rv32im_core.
Changing const-value async load to async reset on $driver$u_regfile.g_rf_flop.reg_file[0] ($aldff) from module rv32im_core.
Changing const-value async load to async reset on $driver$u_regfile.g_rf_flop.reg_file[1] ($aldff) from module rv32im_core.
Changing const-value async load to async reset on $driver$u_regfile.g_rf_flop.reg_file[2] ($aldff) from module rv32im_core.
Changing const-value async load to async reset on $driver$u_regfile.g_rf_flop.reg_file[3] ($aldff) from module rv32im_core.
Changing const-value async load to async reset on $driver$u_regfile.g_rf_flop.reg_file[4] ($aldff) from module rv32im_core.
Changing const-value async load to async reset on $driver$u_regfile.g_rf_flop.reg_file[5] ($aldff) from module rv32im_core.
Changing const-value async load to async reset on $driver$u_regfile.g_rf_flop.reg_file[6] ($aldff) from module rv32im_core.
Changing const-value async load to async reset on $driver$u_regfile.g_rf_flop.reg_file[7] ($aldff) from module rv32im_core.
Changing const-value async load to async reset on $driver$u_regfile.g_rf_flop.reg_file[8] ($aldff) from module rv32im_core.
Changing const-value async load to async reset on $driver$u_regfile.g_rf_flop.reg_file[9] ($aldff) from module rv32im_core.
Changing const-value async load to async reset on $driver$u_regfile.g_rf_flop.reg_file[10] ($aldff) from module rv32im_core.
Changing const-value async load to async reset on $driver$u_regfile.g_rf_flop.reg_file[11] ($aldff) from module rv32im_core.
Changing const-value async load to async reset on $driver$u_regfile.g_rf_flop.reg_file[12] ($aldff) from module rv32im_core.
Changing const-value async load to async reset on $driver$u_regfile.g_rf_flop.reg_file[13] ($aldff) from module rv32im_core.
Changing const-value async load to async reset on $driver$u_regfile.g_rf_flop.reg_file[14] ($aldff) from module rv32im_core.
Changing const-value async load to async reset on $driver$u_regfile.g_rf_flop.reg_file[15] ($aldff) from module rv32im_core.
Changing const-value async load to async reset on $driver$u_regfile.g_rf_flop.reg_file[16] ($aldff) from module rv32im_core.
Changing const-value async load to async reset on $driver$u_regfile.g_rf_flop.reg_file[17] ($aldff) from module rv32im_core.
Changing const-value async load to async reset on $driver$u_regfile.g_rf_flop.reg_file[18] ($aldff) from module rv32im_core.
Changing const-value async load to async reset on $driver$u_regfile.g_rf_flop.reg_file[19] ($aldff) from module rv32im_core.
Changing const-value async load to async reset on $driver$u_regfile.g_rf_flop.reg_file[20] ($aldff) from module rv32im_core.
Changing const-value async load to async reset on $driver$u_regfile.g_rf_flop.reg_file[21] ($aldff) from module rv32im_core.
Changing const-value async load to async reset on $driver$u_regfile.g_rf_flop.reg_file[22] ($aldff) from module rv32im_core.
Changing const-value async load to async reset on $driver$u_regfile.g_rf_flop.reg_file[23] ($aldff) from module rv32im_core.
Changing const-value async load to async reset on $driver$u_regfile.g_rf_flop.reg_file[24] ($aldff) from module rv32im_core.
Changing const-value async load to async reset on $driver$u_regfile.g_rf_flop.reg_file[25] ($aldff) from module rv32im_core.
Changing const-value async load to async reset on $driver$u_regfile.g_rf_flop.reg_file[26] ($aldff) from module rv32im_core.
Changing const-value async load to async reset on $driver$u_regfile.g_rf_flop.reg_file[27] ($aldff) from module rv32im_core.
Changing const-value async load to async reset on $driver$u_regfile.g_rf_flop.reg_file[28] ($aldff) from module rv32im_core.
Changing const-value async load to async reset on $driver$u_regfile.g_rf_flop.reg_file[29] ($aldff) from module rv32im_core.
Changing const-value async load to async reset on $driver$u_regfile.g_rf_flop.reg_file[30] ($aldff) from module rv32im_core.
Changing const-value async load to async reset on $driver$u_regfile.g_rf_flop.reg_file[31] ($aldff) from module rv32im_core.
Changing const-value async load to async reset on $driver$u_ex_stage.u_muldiv.g_muldiv_present.reg_sel_div ($aldff) from module rv32im_core.
Changing const-value async load to async reset on $driver$u_ex_stage.u_muldiv.g_muldiv_present.u_mult.reg_state ($aldff) from module rv32im_core.
Changing const-value async load to async reset on $driver$u_ex_stage.u_muldiv.g_muldiv_present.u_mult.reg_acc ($aldff) from module rv32im_core.
Changing const-value async load to async reset on $driver$u_ex_stage.u_muldiv.g_muldiv_present.u_mult.reg_a_ext ($aldff) from module rv32im_core.
Changing const-value async load to async reset on $driver$u_ex_stage.u_muldiv.g_muldiv_present.u_mult.reg_cnt ($aldff) from module rv32im_core.
Changing const-value async load to async reset on $driver$u_ex_stage.u_muldiv.g_muldiv_present.u_mult.reg_take_high ($aldff) from module rv32im_core.
Changing const-value async load to async reset on $driver$u_ex_stage.u_muldiv.g_muldiv_present.u_div.reg_state ($aldff) from module rv32im_core.
Changing const-value async load to async reset on $driver$u_ex_stage.u_muldiv.g_muldiv_present.u_div.reg_rem ($aldff) from module rv32im_core.
Changing const-value async load to async reset on $driver$u_ex_stage.u_muldiv.g_muldiv_present.u_div.reg_quo ($aldff) from module rv32im_core.
Changing const-value async load to async reset on $driver$u_ex_stage.u_muldiv.g_muldiv_present.u_div.reg_div ($aldff) from module rv32im_core.
Changing const-value async load to async reset on $driver$u_ex_stage.u_muldiv.g_muldiv_present.u_div.reg_cnt ($aldff) from module rv32im_core.
Changing const-value async load to async reset on $driver$u_ex_stage.u_muldiv.g_muldiv_present.u_div.reg_quo_neg ($aldff) from module rv32im_core.
Changing const-value async load to async reset on $driver$u_ex_stage.u_muldiv.g_muldiv_present.u_div.reg_rem_neg ($aldff) from module rv32im_core.
Changing const-value async load to async reset on $driver$u_ex_stage.u_muldiv.g_muldiv_present.u_div.reg_want_rem ($aldff) from module rv32im_core.
Changing const-value async load to async reset on $driver$u_ex_stage.u_muldiv.g_muldiv_present.u_div.reg_special ($aldff) from module rv32im_core.
Changing const-value async load to async reset on $driver$u_ex_stage.u_muldiv.g_muldiv_present.u_div.reg_special_val ($aldff) from module rv32im_core.
Changing const-value async load to async reset on $driver$u_ex_stage.reg_md_started ($aldff) from module rv32im_core.
Changing const-value async load to async reset on $driver$u_ex_stage.reg_md_sticky ($aldff) from module rv32im_core.
Changing const-value async load to async reset on $driver$u_ex_stage.reg_exmem.valid ($aldff) from module rv32im_core.
Changing const-value async load to async reset on $driver$u_ex_stage.reg_exmem.pc ($aldff) from module rv32im_core.
Changing const-value async load to async reset on $driver$u_ex_stage.reg_exmem.alu_result ($aldff) from module rv32im_core.
Changing const-value async load to async reset on $driver$u_ex_stage.reg_exmem.store_data ($aldff) from module rv32im_core.
Changing const-value async load to async reset on $driver$u_ex_stage.reg_exmem.pc_plus4 ($aldff) from module rv32im_core.
Changing const-value async load to async reset on $driver$u_ex_stage.reg_exmem.mem_req ($aldff) from module rv32im_core.
Changing const-value async load to async reset on $driver$u_ex_stage.reg_exmem.mem_we ($aldff) from module rv32im_core.
Changing const-value async load to async reset on $driver$u_ex_stage.reg_exmem.mem_size ($aldff) from module rv32im_core.
Changing const-value async load to async reset on $driver$u_ex_stage.reg_exmem.mem_unsigned ($aldff) from module rv32im_core.
Changing const-value async load to async reset on $driver$u_ex_stage.reg_exmem.rd_addr ($aldff) from module rv32im_core.
Changing const-value async load to async reset on $driver$u_ex_stage.reg_exmem.rd_wen ($aldff) from module rv32im_core.
Changing const-value async load to async reset on $driver$u_ex_stage.reg_exmem.wb_sel ($aldff) from module rv32im_core.
Changing const-value async load to async reset on $driver$u_ex_stage.reg_exmem.csr_en ($aldff) from module rv32im_core.
Changing const-value async load to async reset on $driver$u_ex_stage.reg_exmem.csr_rd_en ($aldff) from module rv32im_core.
Changing const-value async load to async reset on $driver$u_ex_stage.reg_exmem.csr_wr_en ($aldff) from module rv32im_core.
Changing const-value async load to async reset on $driver$u_ex_stage.reg_exmem.csr_op ($aldff) from module rv32im_core.
Changing const-value async load to async reset on $driver$u_ex_stage.reg_exmem.csr_addr ($aldff) from module rv32im_core.
Changing const-value async load to async reset on $driver$u_ex_stage.reg_exmem.csr_wdata ($aldff) from module rv32im_core.
Changing const-value async load to async reset on $driver$u_ex_stage.reg_exmem.sys_mret ($aldff) from module rv32im_core.
Changing const-value async load to async reset on $driver$u_ex_stage.reg_exmem.sys_fencei ($aldff) from module rv32im_core.
Changing const-value async load to async reset on $driver$u_ex_stage.reg_exmem.exc_valid ($aldff) from module rv32im_core.
Changing const-value async load to async reset on $driver$u_ex_stage.reg_exmem.exc_code ($aldff) from module rv32im_core.
Changing const-value async load to async reset on $driver$u_ex_stage.reg_exmem.exc_tval ($aldff) from module rv32im_core.
Changing const-value async load to async reset on $driver$u_ex_stage.reg_exmem.instr ($aldff) from module rv32im_core.
Changing const-value async load to async reset on $driver$u_mem_stage.reg_req_sent ($aldff) from module rv32im_core.
Changing const-value async load to async reset on $driver$u_mem_stage.reg_memwb.valid ($aldff) from module rv32im_core.
Changing const-value async load to async reset on $driver$u_mem_stage.reg_memwb.pc ($aldff) from module rv32im_core.
Changing const-value async load to async reset on $driver$u_mem_stage.reg_memwb.rd_addr ($aldff) from module rv32im_core.
Changing const-value async load to async reset on $driver$u_mem_stage.reg_memwb.rd_wen ($aldff) from module rv32im_core.
Changing const-value async load to async reset on $driver$u_mem_stage.reg_memwb.wb_data ($aldff) from module rv32im_core.
Changing const-value async load to async reset on $driver$u_mem_stage.reg_memwb.instr ($aldff) from module rv32im_core.
Changing const-value async load to async reset on $driver$u_csr_file.reg_mstatus_mie ($aldff) from module rv32im_core.
Changing const-value async load to async reset on $driver$u_csr_file.reg_mstatus_mpie ($aldff) from module rv32im_core.
Changing const-value async load to async reset on $driver$u_csr_file.reg_mie_msie ($aldff) from module rv32im_core.
Changing const-value async load to async reset on $driver$u_csr_file.reg_mie_mtie ($aldff) from module rv32im_core.
Changing const-value async load to async reset on $driver$u_csr_file.reg_mie_meie ($aldff) from module rv32im_core.
Changing const-value async load to async reset on $driver$u_csr_file.reg_mtvec_base ($aldff) from module rv32im_core.
Changing const-value async load to async reset on $driver$u_csr_file.reg_mtvec_mode ($aldff) from module rv32im_core.
Changing const-value async load to async reset on $driver$u_csr_file.reg_mscratch ($aldff) from module rv32im_core.
Changing const-value async load to async reset on $driver$u_csr_file.reg_mtval ($aldff) from module rv32im_core.
Changing const-value async load to async reset on $driver$u_csr_file.reg_mepc ($aldff) from module rv32im_core.
Changing const-value async load to async reset on $driver$u_csr_file.reg_mcause_irq ($aldff) from module rv32im_core.
Changing const-value async load to async reset on $driver$u_csr_file.reg_mcause_code ($aldff) from module rv32im_core.
Changing const-value async load to async reset on $driver$u_csr_file.reg_mcycle ($aldff) from module rv32im_core.
Changing const-value async load to async reset on $driver$u_csr_file.reg_minstret ($aldff) from module rv32im_core.
Adding EN signal on $driver$u_csr_file.reg_minstret ($aldff) from module rv32im_core (D = $766y, Q = \u_csr_file.reg_minstret [31:0]).
Adding EN signal on $driver$u_csr_file.reg_minstret ($aldff) from module rv32im_core (D = $770y, Q = \u_csr_file.reg_minstret [63:32]).

4.8. Executing OPT_CLEAN pass (remove unused cells and wires).
Finding unused cells or wires in module \rv32im_core..
Removed 27 unused cells and 2045 unused wires.
<suppressed ~36 debug messages>

4.9. Executing OPT_EXPR pass (perform const folding).
Optimizing module rv32im_core.
<suppressed ~39 debug messages>

4.10. Rerunning OPT passes. (Maybe there is more to do..)

4.11. Executing OPT_MUXTREE pass (detect dead branches in mux trees).
Running muxtree optimizer on module \rv32im_core..
  Creating internal representation of mux trees.
  Evaluating internal representation of mux trees.
  Analyzing evaluation results.
Removed 0 multiplexer ports.
<suppressed ~339 debug messages>

4.12. Executing OPT_REDUCE pass (consolidate $*mux and $reduce_* inputs).
  Optimizing cells in module \rv32im_core.
    Consolidated identical input bits for $mux cell $auto$opt_share.cc:246:merge_operators$2986:
      Old ports: A=4'0001, B=4'0011, Y=$auto$rtlil.cc:3272:Pmux$2987
      New ports: A=1'0, B=1'1, Y=$auto$rtlil.cc:3272:Pmux$2987 [1]
      New connections: { $auto$rtlil.cc:3272:Pmux$2987 [3:2] $auto$rtlil.cc:3272:Pmux$2987 [0] } = 3'001
    New ctrl vector for $pmux cell $procmux$340: $auto$opt_reduce.cc:137:opt_pmux$3013
    New ctrl vector for $pmux cell $procmux$935: { $auto$opt_reduce.cc:137:opt_pmux$3015 $procmux$944_CMP $procmux$943_CMP $procmux$942_CMP $procmux$941_CMP $procmux$940_CMP $procmux$939_CMP $procmux$938_CMP $procmux$937_CMP $procmux$936_CMP }
  Optimizing cells in module \rv32im_core.
Performed a total of 3 changes.

4.13. Executing OPT_MERGE pass (detect identical cells).
Finding identical cells in module `\rv32im_core'.
Removed a total of 0 cells.

4.14. Executing OPT_SHARE pass.
    Found cells that share an operand and can be merged by moving the $pmux $procmux$1586 in front of them:
        $procmux$1216
        $procmux$1326

4.15. Executing OPT_DFF pass (perform DFF optimizations).
Adding EN signal on $driver$u_regfile.g_rf_flop.reg_file[9] ($adff) from module rv32im_core (D = $288y [735:704], Q = \u_regfile.g_rf_flop.reg_file [735:704]).
Adding EN signal on $driver$u_regfile.g_rf_flop.reg_file[8] ($adff) from module rv32im_core (D = $288y [767:736], Q = \u_regfile.g_rf_flop.reg_file [767:736]).
Adding EN signal on $driver$u_regfile.g_rf_flop.reg_file[7] ($adff) from module rv32im_core (D = $288y [799:768], Q = \u_regfile.g_rf_flop.reg_file [799:768]).
Adding EN signal on $driver$u_regfile.g_rf_flop.reg_file[6] ($adff) from module rv32im_core (D = $288y [831:800], Q = \u_regfile.g_rf_flop.reg_file [831:800]).
Adding EN signal on $driver$u_regfile.g_rf_flop.reg_file[5] ($adff) from module rv32im_core (D = $288y [863:832], Q = \u_regfile.g_rf_flop.reg_file [863:832]).
Adding EN signal on $driver$u_regfile.g_rf_flop.reg_file[4] ($adff) from module rv32im_core (D = $288y [895:864], Q = \u_regfile.g_rf_flop.reg_file [895:864]).
Adding EN signal on $driver$u_regfile.g_rf_flop.reg_file[3] ($adff) from module rv32im_core (D = $288y [927:896], Q = \u_regfile.g_rf_flop.reg_file [927:896]).
Adding EN signal on $driver$u_regfile.g_rf_flop.reg_file[31] ($adff) from module rv32im_core (D = $288y [31:0], Q = \u_regfile.g_rf_flop.reg_file [31:0]).
Adding EN signal on $driver$u_regfile.g_rf_flop.reg_file[30] ($adff) from module rv32im_core (D = $288y [63:32], Q = \u_regfile.g_rf_flop.reg_file [63:32]).
Adding EN signal on $driver$u_regfile.g_rf_flop.reg_file[2] ($adff) from module rv32im_core (D = $288y [959:928], Q = \u_regfile.g_rf_flop.reg_file [959:928]).
Adding EN signal on $driver$u_regfile.g_rf_flop.reg_file[29] ($adff) from module rv32im_core (D = $288y [95:64], Q = \u_regfile.g_rf_flop.reg_file [95:64]).
Adding EN signal on $driver$u_regfile.g_rf_flop.reg_file[28] ($adff) from module rv32im_core (D = $288y [127:96], Q = \u_regfile.g_rf_flop.reg_file [127:96]).
Adding EN signal on $driver$u_regfile.g_rf_flop.reg_file[27] ($adff) from module rv32im_core (D = $288y [159:128], Q = \u_regfile.g_rf_flop.reg_file [159:128]).
Adding EN signal on $driver$u_regfile.g_rf_flop.reg_file[26] ($adff) from module rv32im_core (D = $288y [191:160], Q = \u_regfile.g_rf_flop.reg_file [191:160]).
Adding EN signal on $driver$u_regfile.g_rf_flop.reg_file[25] ($adff) from module rv32im_core (D = $288y [223:192], Q = \u_regfile.g_rf_flop.reg_file [223:192]).
Adding EN signal on $driver$u_regfile.g_rf_flop.reg_file[24] ($adff) from module rv32im_core (D = $288y [255:224], Q = \u_regfile.g_rf_flop.reg_file [255:224]).
Adding EN signal on $driver$u_regfile.g_rf_flop.reg_file[23] ($adff) from module rv32im_core (D = $288y [287:256], Q = \u_regfile.g_rf_flop.reg_file [287:256]).
Adding EN signal on $driver$u_regfile.g_rf_flop.reg_file[22] ($adff) from module rv32im_core (D = $288y [319:288], Q = \u_regfile.g_rf_flop.reg_file [319:288]).
Adding EN signal on $driver$u_regfile.g_rf_flop.reg_file[21] ($adff) from module rv32im_core (D = $288y [351:320], Q = \u_regfile.g_rf_flop.reg_file [351:320]).
Adding EN signal on $driver$u_regfile.g_rf_flop.reg_file[20] ($adff) from module rv32im_core (D = $288y [383:352], Q = \u_regfile.g_rf_flop.reg_file [383:352]).
Adding EN signal on $driver$u_regfile.g_rf_flop.reg_file[1] ($adff) from module rv32im_core (D = $288y [991:960], Q = \u_regfile.g_rf_flop.reg_file [991:960]).
Adding EN signal on $driver$u_regfile.g_rf_flop.reg_file[19] ($adff) from module rv32im_core (D = $288y [415:384], Q = \u_regfile.g_rf_flop.reg_file [415:384]).
Adding EN signal on $driver$u_regfile.g_rf_flop.reg_file[18] ($adff) from module rv32im_core (D = $288y [447:416], Q = \u_regfile.g_rf_flop.reg_file [447:416]).
Adding EN signal on $driver$u_regfile.g_rf_flop.reg_file[17] ($adff) from module rv32im_core (D = $288y [479:448], Q = \u_regfile.g_rf_flop.reg_file [479:448]).
Adding EN signal on $driver$u_regfile.g_rf_flop.reg_file[16] ($adff) from module rv32im_core (D = $288y [511:480], Q = \u_regfile.g_rf_flop.reg_file [511:480]).
Adding EN signal on $driver$u_regfile.g_rf_flop.reg_file[15] ($adff) from module rv32im_core (D = $288y [543:512], Q = \u_regfile.g_rf_flop.reg_file [543:512]).
Adding EN signal on $driver$u_regfile.g_rf_flop.reg_file[14] ($adff) from module rv32im_core (D = $288y [575:544], Q = \u_regfile.g_rf_flop.reg_file [575:544]).
Adding EN signal on $driver$u_regfile.g_rf_flop.reg_file[13] ($adff) from module rv32im_core (D = $288y [607:576], Q = \u_regfile.g_rf_flop.reg_file [607:576]).
Adding EN signal on $driver$u_regfile.g_rf_flop.reg_file[12] ($adff) from module rv32im_core (D = $288y [639:608], Q = \u_regfile.g_rf_flop.reg_file [639:608]).
Adding EN signal on $driver$u_regfile.g_rf_flop.reg_file[11] ($adff) from module rv32im_core (D = $288y [671:640], Q = \u_regfile.g_rf_flop.reg_file [671:640]).
Adding EN signal on $driver$u_regfile.g_rf_flop.reg_file[10] ($adff) from module rv32im_core (D = $288y [703:672], Q = \u_regfile.g_rf_flop.reg_file [703:672]).
Adding EN signal on $driver$u_regfile.g_rf_flop.reg_file[0] ($adff) from module rv32im_core (D = $288y [1023:992], Q = \u_regfile.g_rf_flop.reg_file [1023:992]).
Adding EN signal on $driver$u_mem_stage.reg_memwb.wb_data ($adff) from module rv32im_core (D = $procmux$140_Y [63:32], Q = \u_mem_stage.reg_memwb [63:32]).
Adding EN signal on $driver$u_mem_stage.reg_memwb.valid ($adff) from module rv32im_core (D = $procmux$140_Y [102], Q = \u_mem_stage.reg_memwb [102]).
Adding EN signal on $driver$u_mem_stage.reg_memwb.rd_wen ($adff) from module rv32im_core (D = $procmux$140_Y [64], Q = \u_mem_stage.reg_memwb [64]).
Adding EN signal on $driver$u_mem_stage.reg_memwb.rd_addr ($adff) from module rv32im_core (D = $procmux$140_Y [69:65], Q = \u_mem_stage.reg_memwb [69:65]).
Adding EN signal on $driver$u_mem_stage.reg_memwb.pc ($adff) from module rv32im_core (D = $procmux$140_Y [101:70], Q = \u_mem_stage.reg_memwb [101:70]).
Adding EN signal on $driver$u_mem_stage.reg_memwb.instr ($adff) from module rv32im_core (D = $procmux$140_Y [31:0], Q = \u_mem_stage.reg_memwb [31:0]).
Adding EN signal on $driver$u_if_stage.reg_pc ($adff) from module rv32im_core (D = \u_if_stage.w_redirect_pc [1:0], Q = \u_if_stage.reg_pc [1:0]).
Adding EN signal on $driver$u_if_stage.reg_pc ($adff) from module rv32im_core (D = \u_if_stage.w_pc_nxt [31:2], Q = \u_if_stage.reg_pc [31:2]).
Adding EN signal on $driver$u_if_stage.reg_ifid.valid ($adff) from module rv32im_core (D = $procmux$2841_Y [70], Q = \u_if_stage.reg_ifid [70]).
Adding EN signal on $driver$u_if_stage.reg_ifid.pc ($adff) from module rv32im_core (D = $procmux$2841_Y [69:38], Q = \u_if_stage.reg_ifid [69:38]).
Adding EN signal on $driver$u_if_stage.reg_ifid.instr ($adff) from module rv32im_core (D = $procmux$2841_Y [37:6], Q = \u_if_stage.reg_ifid [37:6]).
Adding EN signal on $driver$u_if_stage.reg_ifid.exc_valid ($adff) from module rv32im_core (D = $procmux$2841_Y [5], Q = \u_if_stage.reg_ifid [5]).
Adding EN signal on $driver$u_if_stage.reg_ifid.exc_code ($adff) from module rv32im_core (D = $procmux$2841_Y [4:0], Q = \u_if_stage.reg_ifid [4:0]).
Adding EN signal on $driver$u_id_stage.reg_idex.wb_sel ($adff) from module rv32im_core (D = $procmux$991_Y [97:96], Q = \u_id_stage.reg_idex [97:96]).
Adding EN signal on $driver$u_id_stage.reg_idex.valid ($adff) from module rv32im_core (D = $procmux$991_Y [264], Q = \u_id_stage.reg_idex [264]).
Adding EN signal on $driver$u_id_stage.reg_idex.sys_wfi ($adff) from module rv32im_core (D = $procmux$991_Y [71], Q = \u_id_stage.reg_idex [71]).
Adding EN signal on $driver$u_id_stage.reg_idex.sys_mret ($adff) from module rv32im_core (D = $procmux$991_Y [72], Q = \u_id_stage.reg_idex [72]).
Adding EN signal on $driver$u_id_stage.reg_idex.sys_fencei ($adff) from module rv32im_core (D = $procmux$991_Y [70], Q = \u_id_stage.reg_idex [70]).
Adding EN signal on $driver$u_id_stage.reg_idex.rs2_data ($adff) from module rv32im_core (D = $procmux$991_Y [189:158], Q = \u_id_stage.reg_idex [189:158]).
Adding EN signal on $driver$u_id_stage.reg_idex.rs2_addr ($adff) from module rv32im_core (D = $procmux$991_Y [226:222], Q = \u_id_stage.reg_idex [226:222]).
Adding EN signal on $driver$u_id_stage.reg_idex.rs1_data ($adff) from module rv32im_core (D = $procmux$991_Y [221:190], Q = \u_id_stage.reg_idex [221:190]).
Adding EN signal on $driver$u_id_stage.reg_idex.rs1_addr ($adff) from module rv32im_core (D = $procmux$991_Y [231:227], Q = \u_id_stage.reg_idex [231:227]).
Adding EN signal on $driver$u_id_stage.reg_idex.rd_wen ($adff) from module rv32im_core (D = $procmux$991_Y [98], Q = \u_id_stage.reg_idex [98]).
Adding EN signal on $driver$u_id_stage.reg_idex.rd_addr ($adff) from module rv32im_core (D = $procmux$991_Y [103:99], Q = \u_id_stage.reg_idex [103:99]).
Adding EN signal on $driver$u_id_stage.reg_idex.pc ($adff) from module rv32im_core (D = $procmux$991_Y [263:232], Q = \u_id_stage.reg_idex [263:232]).
Adding EN signal on $driver$u_id_stage.reg_idex.op_b_sel ($adff) from module rv32im_core (D = $procmux$991_Y [119], Q = \u_id_stage.reg_idex [119]).
Adding EN signal on $driver$u_id_stage.reg_idex.op_a_sel ($adff) from module rv32im_core (D = $procmux$991_Y [121:120], Q = \u_id_stage.reg_idex [121:120]).
Adding EN signal on $driver$u_id_stage.reg_idex.muldiv_op ($adff) from module rv32im_core (D = $procmux$991_Y [111:109], Q = \u_id_stage.reg_idex [111:109]).
Adding EN signal on $driver$u_id_stage.reg_idex.muldiv_en ($adff) from module rv32im_core (D = $procmux$991_Y [112], Q = \u_id_stage.reg_idex [112]).
Adding EN signal on $driver$u_id_stage.reg_idex.mem_we ($adff) from module rv32im_core (D = $procmux$991_Y [107], Q = \u_id_stage.reg_idex [107]).
Adding EN signal on $driver$u_id_stage.reg_idex.mem_unsigned ($adff) from module rv32im_core (D = $procmux$991_Y [104], Q = \u_id_stage.reg_idex [104]).
Adding EN signal on $driver$u_id_stage.reg_idex.mem_size ($adff) from module rv32im_core (D = $procmux$991_Y [106:105], Q = \u_id_stage.reg_idex [106:105]).
Adding EN signal on $driver$u_id_stage.reg_idex.mem_req ($adff) from module rv32im_core (D = $procmux$991_Y [108], Q = \u_id_stage.reg_idex [108]).
Adding EN signal on $driver$u_id_stage.reg_idex.jump_en ($adff) from module rv32im_core (D = $procmux$991_Y [114], Q = \u_id_stage.reg_idex [114]).
Adding EN signal on $driver$u_id_stage.reg_idex.jalr_en ($adff) from module rv32im_core (D = $procmux$991_Y [113], Q = \u_id_stage.reg_idex [113]).
Adding EN signal on $driver$u_id_stage.reg_idex.instr ($adff) from module rv32im_core (D = $procmux$991_Y [31:0], Q = \u_id_stage.reg_idex [31:0]).
Adding EN signal on $driver$u_id_stage.reg_idex.imm ($adff) from module rv32im_core (D = $procmux$991_Y [157:126], Q = \u_id_stage.reg_idex [157:126]).
Adding EN signal on $driver$u_id_stage.reg_idex.exc_valid ($adff) from module rv32im_core (D = $procmux$991_Y [69], Q = \u_id_stage.reg_idex [69]).
Adding EN signal on $driver$u_id_stage.reg_idex.exc_tval ($adff) from module rv32im_core (D = $procmux$991_Y [63:32], Q = \u_id_stage.reg_idex [63:32]).
Adding EN signal on $driver$u_id_stage.reg_idex.exc_code ($adff) from module rv32im_core (D = $procmux$991_Y [68:64], Q = \u_id_stage.reg_idex [68:64]).
Adding EN signal on $driver$u_id_stage.reg_idex.csr_wr_en ($adff) from module rv32im_core (D = $procmux$991_Y [79], Q = \u_id_stage.reg_idex [79]).
Adding EN signal on $driver$u_id_stage.reg_idex.csr_use_imm ($adff) from module rv32im_core (D = $procmux$991_Y [78], Q = \u_id_stage.reg_idex [78]).
Adding EN signal on $driver$u_id_stage.reg_idex.csr_uimm ($adff) from module rv32im_core (D = $procmux$991_Y [77:73], Q = \u_id_stage.reg_idex [77:73]).
Adding EN signal on $driver$u_id_stage.reg_idex.csr_rd_en ($adff) from module rv32im_core (D = $procmux$991_Y [80], Q = \u_id_stage.reg_idex [80]).
Adding EN signal on $driver$u_id_stage.reg_idex.csr_op ($adff) from module rv32im_core (D = $procmux$991_Y [94:93], Q = \u_id_stage.reg_idex [94:93]).
Adding EN signal on $driver$u_id_stage.reg_idex.csr_en ($adff) from module rv32im_core (D = $procmux$991_Y [95], Q = \u_id_stage.reg_idex [95]).
Adding EN signal on $driver$u_id_stage.reg_idex.csr_addr ($adff) from module rv32im_core (D = $procmux$991_Y [92:81], Q = \u_id_stage.reg_idex [92:81]).
Adding EN signal on $driver$u_id_stage.reg_idex.br_op ($adff) from module rv32im_core (D = $procmux$991_Y [117:115], Q = \u_id_stage.reg_idex [117:115]).
Adding EN signal on $driver$u_id_stage.reg_idex.br_en ($adff) from module rv32im_core (D = $procmux$991_Y [118], Q = \u_id_stage.reg_idex [118]).
Adding EN signal on $driver$u_id_stage.reg_idex.alu_op ($adff) from module rv32im_core (D = $procmux$991_Y [125:122], Q = \u_id_stage.reg_idex [125:122]).
Adding EN signal on $driver$u_ex_stage.u_muldiv.g_muldiv_present.u_mult.reg_take_high ($adff) from module rv32im_core (D = $procmux$790_Y, Q = \u_ex_stage.u_muldiv.g_muldiv_present.u_mult.reg_take_high).
Adding EN signal on $driver$u_ex_stage.u_muldiv.g_muldiv_present.u_mult.reg_state ($adff) from module rv32im_core (D = $procmux$802_Y, Q = \u_ex_stage.u_muldiv.g_muldiv_present.u_mult.reg_state).
Adding EN signal on $driver$u_ex_stage.u_muldiv.g_muldiv_present.u_mult.reg_cnt ($adff) from module rv32im_core (D = $procmux$793_Y, Q = \u_ex_stage.u_muldiv.g_muldiv_present.u_mult.reg_cnt).
Adding EN signal on $driver$u_ex_stage.u_muldiv.g_muldiv_present.u_mult.reg_acc ($adff) from module rv32im_core (D = $procmux$799_Y, Q = \u_ex_stage.u_muldiv.g_muldiv_present.u_mult.reg_acc).
Adding EN signal on $driver$u_ex_stage.u_muldiv.g_muldiv_present.u_mult.reg_a_ext ($adff) from module rv32im_core (D = $procmux$796_Y, Q = \u_ex_stage.u_muldiv.g_muldiv_present.u_mult.reg_a_ext).
Adding EN signal on $driver$u_ex_stage.u_muldiv.g_muldiv_present.u_div.reg_want_rem ($adff) from module rv32im_core (D = $procmux$558_Y, Q = \u_ex_stage.u_muldiv.g_muldiv_present.u_div.reg_want_rem).
Adding EN signal on $driver$u_ex_stage.u_muldiv.g_muldiv_present.u_div.reg_state ($adff) from module rv32im_core (D = $procmux$586_Y, Q = \u_ex_stage.u_muldiv.g_muldiv_present.u_div.reg_state).
Adding EN signal on $driver$u_ex_stage.u_muldiv.g_muldiv_present.u_div.reg_special_val ($adff) from module rv32im_core (D = $procmux$550_Y, Q = \u_ex_stage.u_muldiv.g_muldiv_present.u_div.reg_special_val).
Adding EN signal on $driver$u_ex_stage.u_muldiv.g_muldiv_present.u_div.reg_special ($adff) from module rv32im_core (D = $procmux$554_Y, Q = \u_ex_stage.u_muldiv.g_muldiv_present.u_div.reg_special).
Adding EN signal on $driver$u_ex_stage.u_muldiv.g_muldiv_present.u_div.reg_rem_neg ($adff) from module rv32im_core (D = $procmux$562_Y, Q = \u_ex_stage.u_muldiv.g_muldiv_present.u_div.reg_rem_neg).
Adding EN signal on $driver$u_ex_stage.u_muldiv.g_muldiv_present.u_div.reg_rem ($adff) from module rv32im_core (D = $procmux$582_Y [31:0], Q = \u_ex_stage.u_muldiv.g_muldiv_present.u_div.reg_rem [31:0]).
Adding EN signal on $driver$u_ex_stage.u_muldiv.g_muldiv_present.u_div.reg_rem ($adff) from module rv32im_core (D = $procmux$582_Y [32], Q = \u_ex_stage.u_muldiv.g_muldiv_present.u_div.reg_rem [32]).
Adding EN signal on $driver$u_ex_stage.u_muldiv.g_muldiv_present.u_div.reg_quo_neg ($adff) from module rv32im_core (D = $procmux$566_Y, Q = \u_ex_stage.u_muldiv.g_muldiv_present.u_div.reg_quo_neg).
Adding EN signal on $driver$u_ex_stage.u_muldiv.g_muldiv_present.u_div.reg_quo ($adff) from module rv32im_core (D = $procmux$578_Y, Q = \u_ex_stage.u_muldiv.g_muldiv_present.u_div.reg_quo).
Adding EN signal on $driver$u_ex_stage.u_muldiv.g_muldiv_present.u_div.reg_div ($adff) from module rv32im_core (D = $procmux$574_Y, Q = \u_ex_stage.u_muldiv.g_muldiv_present.u_div.reg_div).
Adding EN signal on $driver$u_ex_stage.u_muldiv.g_muldiv_present.u_div.reg_cnt ($adff) from module rv32im_core (D = $procmux$570_Y, Q = \u_ex_stage.u_muldiv.g_muldiv_present.u_div.reg_cnt).
Adding EN signal on $driver$u_ex_stage.u_muldiv.g_muldiv_present.reg_sel_div ($adff) from module rv32im_core (D = $procmux$924_Y, Q = \u_ex_stage.u_muldiv.g_muldiv_present.reg_sel_div).
Adding EN signal on $driver$u_ex_stage.reg_md_result ($dff) from module rv32im_core (D = \u_ex_stage.w_md_result, Q = \u_ex_stage.reg_md_result).
Adding EN signal on $driver$u_ex_stage.reg_exmem.wb_sel ($adff) from module rv32im_core (D = $procmux$358_Y [122:121], Q = \u_ex_stage.reg_exmem [122:121]).
Adding EN signal on $driver$u_ex_stage.reg_exmem.valid ($adff) from module rv32im_core (D = $procmux$358_Y [262], Q = \u_ex_stage.reg_exmem [262]).
Adding EN signal on $driver$u_ex_stage.reg_exmem.sys_mret ($adff) from module rv32im_core (D = $procmux$358_Y [71], Q = \u_ex_stage.reg_exmem [71]).
Adding EN signal on $driver$u_ex_stage.reg_exmem.sys_fencei ($adff) from module rv32im_core (D = $procmux$358_Y [70], Q = \u_ex_stage.reg_exmem [70]).
Adding EN signal on $driver$u_ex_stage.reg_exmem.store_data ($adff) from module rv32im_core (D = $procmux$358_Y [197:166], Q = \u_ex_stage.reg_exmem [197:166]).
Adding EN signal on $driver$u_ex_stage.reg_exmem.rd_wen ($adff) from module rv32im_core (D = $procmux$358_Y [123], Q = \u_ex_stage.reg_exmem [123]).
Adding EN signal on $driver$u_ex_stage.reg_exmem.rd_addr ($adff) from module rv32im_core (D = $procmux$358_Y [128:124], Q = \u_ex_stage.reg_exmem [128:124]).
Adding EN signal on $driver$u_ex_stage.reg_exmem.pc_plus4 ($adff) from module rv32im_core (D = $procmux$358_Y [165:134], Q = \u_ex_stage.reg_exmem [165:134]).
Adding EN signal on $driver$u_ex_stage.reg_exmem.pc ($adff) from module rv32im_core (D = $procmux$358_Y [261:230], Q = \u_ex_stage.reg_exmem [261:230]).
Adding EN signal on $driver$u_ex_stage.reg_exmem.mem_we ($adff) from module rv32im_core (D = $procmux$358_Y [132], Q = \u_ex_stage.reg_exmem [132]).
Adding EN signal on $driver$u_ex_stage.reg_exmem.mem_unsigned ($adff) from module rv32im_core (D = $procmux$358_Y [129], Q = \u_ex_stage.reg_exmem [129]).
Adding EN signal on $driver$u_ex_stage.reg_exmem.mem_size ($adff) from module rv32im_core (D = $procmux$358_Y [131:130], Q = \u_ex_stage.reg_exmem [131:130]).
Adding EN signal on $driver$u_ex_stage.reg_exmem.mem_req ($adff) from module rv32im_core (D = $procmux$358_Y [133], Q = \u_ex_stage.reg_exmem [133]).
Adding EN signal on $driver$u_ex_stage.reg_exmem.instr ($adff) from module rv32im_core (D = $procmux$358_Y [31:0], Q = \u_ex_stage.reg_exmem [31:0]).
Adding EN signal on $driver$u_ex_stage.reg_exmem.exc_valid ($adff) from module rv32im_core (D = $procmux$358_Y [69], Q = \u_ex_stage.reg_exmem [69]).
Adding EN signal on $driver$u_ex_stage.reg_exmem.exc_tval ($adff) from module rv32im_core (D = $procmux$358_Y [63:32], Q = \u_ex_stage.reg_exmem [63:32]).
Adding EN signal on $driver$u_ex_stage.reg_exmem.exc_code ($adff) from module rv32im_core (D = $procmux$358_Y [68:64], Q = \u_ex_stage.reg_exmem [68:64]).
Adding EN signal on $driver$u_ex_stage.reg_exmem.csr_wr_en ($adff) from module rv32im_core (D = $procmux$358_Y [118], Q = \u_ex_stage.reg_exmem [118]).
Adding EN signal on $driver$u_ex_stage.reg_exmem.csr_wdata ($adff) from module rv32im_core (D = $procmux$358_Y [103:72], Q = \u_ex_stage.reg_exmem [103:72]).
Adding EN signal on $driver$u_ex_stage.reg_exmem.csr_rd_en ($adff) from module rv32im_core (D = $procmux$358_Y [119], Q = \u_ex_stage.reg_exmem [119]).
Adding EN signal on $driver$u_ex_stage.reg_exmem.csr_op ($adff) from module rv32im_core (D = $procmux$358_Y [117:116], Q = \u_ex_stage.reg_exmem [117:116]).
Adding EN signal on $driver$u_ex_stage.reg_exmem.csr_en ($adff) from module rv32im_core (D = $procmux$358_Y [120], Q = \u_ex_stage.reg_exmem [120]).
Adding EN signal on $driver$u_ex_stage.reg_exmem.csr_addr ($adff) from module rv32im_core (D = $procmux$358_Y [115:104], Q = \u_ex_stage.reg_exmem [115:104]).
Adding EN signal on $driver$u_ex_stage.reg_exmem.alu_result ($adff) from module rv32im_core (D = $procmux$358_Y [229:198], Q = \u_ex_stage.reg_exmem [229:198]).
Adding EN signal on $driver$u_csr_file.reg_mtvec_mode ($adff) from module rv32im_core (D = 2'00, Q = \u_csr_file.reg_mtvec_mode).
Adding EN signal on $driver$u_csr_file.reg_mtvec_base ($adff) from module rv32im_core (D = \u_csr_file.w_csr_wval [31:2], Q = \u_csr_file.reg_mtvec_base).
Adding EN signal on $driver$u_csr_file.reg_mtval ($adff) from module rv32im_core (D = $procmux$16_Y, Q = \u_csr_file.reg_mtval).
Adding EN signal on $driver$u_csr_file.reg_mstatus_mie ($adff) from module rv32im_core (D = $procmux$68_Y, Q = \u_csr_file.reg_mstatus_mie).
Adding EN signal on $driver$u_csr_file.reg_mscratch ($adff) from module rv32im_core (D = \u_csr_file.w_csr_wval, Q = \u_csr_file.reg_mscratch).
Adding EN signal on $driver$u_csr_file.reg_mie_mtie ($adff) from module rv32im_core (D = \u_csr_file.w_csr_wval [7], Q = \u_csr_file.reg_mie_mtie).
Adding EN signal on $driver$u_csr_file.reg_mie_msie ($adff) from module rv32im_core (D = \u_csr_file.w_csr_wval [3], Q = \u_csr_file.reg_mie_msie).
Adding EN signal on $driver$u_csr_file.reg_mie_meie ($adff) from module rv32im_core (D = \u_csr_file.w_csr_wval [11], Q = \u_csr_file.reg_mie_meie).
Adding EN signal on $driver$u_csr_file.reg_mepc ($adff) from module rv32im_core (D = $procmux$2874_Y, Q = \u_csr_file.reg_mepc).
Adding EN signal on $driver$u_csr_file.reg_mcause_irq ($adff) from module rv32im_core (D = $procmux$2865_Y, Q = \u_csr_file.reg_mcause_irq).
Adding EN signal on $driver$u_csr_file.reg_mcause_code ($adff) from module rv32im_core (D = $procmux$2861_Y, Q = \u_csr_file.reg_mcause_code).
Setting constant 0-bit at position 0 on $auto$ff.cc:266:slice$3397 ($adffe) from module rv32im_core.
Setting constant 0-bit at position 1 on $auto$ff.cc:266:slice$3397 ($adffe) from module rv32im_core.

4.16. Executing OPT_CLEAN pass (remove unused cells and wires).
Finding unused cells or wires in module \rv32im_core..
Removed 15 unused cells and 38 unused wires.
<suppressed ~16 debug messages>

4.17. Executing OPT_EXPR pass (perform const folding).
Optimizing module rv32im_core.
<suppressed ~161 debug messages>

4.18. Rerunning OPT passes. (Maybe there is more to do..)

4.19. Executing OPT_MUXTREE pass (detect dead branches in mux trees).
Running muxtree optimizer on module \rv32im_core..
  Creating internal representation of mux trees.
  Evaluating internal representation of mux trees.
  Analyzing evaluation results.
Removed 0 multiplexer ports.
<suppressed ~258 debug messages>

4.20. Executing OPT_REDUCE pass (consolidate $*mux and $reduce_* inputs).
  Optimizing cells in module \rv32im_core.
    New ctrl vector for $pmux cell $procmux$1586: $auto$opt_reduce.cc:137:opt_pmux$3419
    Consolidated identical input bits for $mux cell $procmux$2841:
      Old ports: A=$procmux$2834_Y, B=71'00000000000000000000000000000000000000000000000000000000000000000000000, Y=$procmux$2841_Y
      New ports: A={ \u_if_stage.w_ifid_nxt [70] \u_if_stage.reg_pc \u_if_stage.w_rsp_data \u_if_stage.w_ifid_nxt [5] 1'1 }, B=67'0000000000000000000000000000000000000000000000000000000000000000000, Y={ $procmux$2841_Y [70:5] $procmux$2841_Y [0] }
      New connections: $procmux$2841_Y [4:1] = 4'0000
    Consolidated identical input bits for $mux cell $procmux$358:
      Old ports: A=$procmux$351_Y, B=263'00000000000000000000000000000000000000000000000000000000000000000000000000000000000000000000000000000000000000000000000000000000000000000000000000000000000000000000000000000000000000000000000000000000000000000000000000000000000000000000000000000000000000000000000, Y=$procmux$358_Y
      New ports: A={ \u_ex_stage.w_exmem_nxt [262] \u_id_stage.reg_idex [263:234] \u_ex_stage.w_exmem_nxt [229:198] \u_ex_stage.u_branch_unit.i_op_b \u_ex_stage.w_exmem_nxt [165:136] \u_id_stage.reg_idex [233:232] \u_ex_stage.w_exmem_nxt [133] \u_id_stage.reg_idex [107:99] \u_ex_stage.w_exmem_nxt [123] \u_id_stage.reg_idex [97:96] \u_ex_stage.w_exmem_nxt [120] \u_id_stage.reg_idex [80:79] \u_id_stage.reg_idex [94:81] \u_ex_stage.w_exmem_nxt [103:72] \u_id_stage.reg_idex [72] \u_id_stage.reg_idex [70] \u_ex_stage.w_exc_valid \u_ex_stage.w_exc_code \u_ex_stage.w_exc_tval \u_id_stage.reg_idex [31:0] }, B=261'000000000000000000000000000000000000000000000000000000000000000000000000000000000000000000000000000000000000000000000000000000000000000000000000000000000000000000000000000000000000000000000000000000000000000000000000000000000000000000000000000000000000000000000, Y={ $procmux$358_Y [262:232] $procmux$358_Y [229:0] }
      New connections: $procmux$358_Y [231:230] = $procmux$358_Y [135:134]
    Consolidated identical input bits for $mux cell $procmux$574:
      Old ports: A=\u_ex_stage.u_muldiv.g_muldiv_present.u_div.w_div_nxt, B=33'000000000000000000000000000000000, Y=$procmux$574_Y
      New ports: A=\u_ex_stage.u_muldiv.g_muldiv_present.u_div.w_abs_b, B=0, Y=$procmux$574_Y [31:0]
      New connections: $procmux$574_Y [32] = 1'0
    New ctrl vector for $pmux cell $procmux$753: $508y
    Consolidated identical input bits for $mux cell $procmux$796:
      Old ports: A=\u_ex_stage.u_muldiv.g_muldiv_present.u_mult.w_a_ext_nxt, B=34'0000000000000000000000000000000000, Y=$procmux$796_Y
      New ports: A={ \u_ex_stage.u_muldiv.g_muldiv_present.u_mult.w_a33 [32] \u_ex_stage.u_branch_unit.i_op_a }, B=33'000000000000000000000000000000000, Y=$procmux$796_Y [32:0]
      New connections: $procmux$796_Y [33] = $procmux$796_Y [32]
    Consolidated identical input bits for $mux cell $procmux$919:
      Old ports: A=$procmux$885_Y, B={ $procmux$813_Y [33] $procmux$813_Y \u_ex_stage.u_muldiv.g_muldiv_present.u_mult.reg_acc [32:1] }, Y=\u_ex_stage.u_muldiv.g_muldiv_present.u_mult.w_acc_nxt
      New ports: A={ $procmux$836_Y [66] $procmux$836_Y [66] $procmux$836_Y [63:32] \u_ex_stage.u_muldiv.g_muldiv_present.u_mult.w_acc_init [32] \u_ex_stage.u_branch_unit.i_op_b [31:1] }, B={ $procmux$813_Y \u_ex_stage.u_muldiv.g_muldiv_present.u_mult.reg_acc [32:1] }, Y=\u_ex_stage.u_muldiv.g_muldiv_present.u_mult.w_acc_nxt [65:0]
      New connections: \u_ex_stage.u_muldiv.g_muldiv_present.u_mult.w_acc_nxt [66] = \u_ex_stage.u_muldiv.g_muldiv_present.u_mult.w_acc_nxt [65]
    Consolidated identical input bits for $mux cell $procmux$991:
      Old ports: A=$procmux$984_Y, B=265'0000000000000000000000000000000000000000000000000000000000000000000000000000000000000000000000000000000000000000000000000000000000000000000000000000000000000000000000000000000000000000000000000000000000000000000000000000000000000000000000000000000000000000000000000, Y=$procmux$991_Y
      New ports: A={ \u_if_stage.reg_ifid [70:38] \u_id_stage.i_rf_rs1_data \u_id_stage.i_rf_rs2_data \u_id_stage.u_imm_gen.o_imm \u_id_stage.u_decoder.o_alu_op \u_id_stage.u_decoder.o_op_a_sel \u_id_stage.u_decoder.o_op_b_sel \u_id_stage.w_idex_nxt [118] \u_id_stage.u_decoder.o_br_op \u_id_stage.u_decoder.o_jump_en \u_id_stage.u_decoder.o_jalr_en \u_id_stage.w_idex_nxt [112] \u_id_stage.u_decoder.o_muldiv_op \u_id_stage.w_idex_nxt [108] \u_id_stage.u_decoder.o_mem_we \u_id_stage.u_decoder.o_mem_size \u_id_stage.u_decoder.o_mem_unsigned \u_id_stage.w_idex_nxt [98] \u_id_stage.u_decoder.o_wb_sel \u_id_stage.w_idex_nxt [95] \u_id_stage.u_decoder.o_csr_op \u_id_stage.u_decoder.o_csr_rd_en \u_id_stage.u_decoder.o_csr_wr_en \u_id_stage.u_decoder.o_csr_use_imm \u_id_stage.u_decoder.o_sys_mret \u_id_stage.u_decoder.o_sys_wfi \u_id_stage.u_decoder.o_sys_fencei \u_id_stage.w_exc_valid \u_id_stage.w_exc_code \u_id_stage.w_exc_tval \u_if_stage.reg_ifid [37:6] }, B=233'00000000000000000000000000000000000000000000000000000000000000000000000000000000000000000000000000000000000000000000000000000000000000000000000000000000000000000000000000000000000000000000000000000000000000000000000000000000000000000, Y={ $procmux$991_Y [264:232] $procmux$991_Y [221:104] $procmux$991_Y [98:93] $procmux$991_Y [80:78] $procmux$991_Y [72:0] }
      New connections: { $procmux$991_Y [231:222] $procmux$991_Y [103:99] $procmux$991_Y [92:81] $procmux$991_Y [77:73] } = { $procmux$991_Y [19:15] $procmux$991_Y [24:20] $procmux$991_Y [11:7] $procmux$991_Y [31:15] }
    New input vector for $reduce_or cell $auto$opt_reduce.cc:131:opt_pmux$3418: { $procmux$1244_CMP $procmux$1144_CMP }
  Optimizing cells in module \rv32im_core.
    Consolidated identical input bits for $mux cell $procmux$799:
      Old ports: A=\u_ex_stage.u_muldiv.g_muldiv_present.u_mult.w_acc_nxt, B=67'0000000000000000000000000000000000000000000000000000000000000000000, Y=$procmux$799_Y
      New ports: A=\u_ex_stage.u_muldiv.g_muldiv_present.u_mult.w_acc_nxt [65:0], B=66'000000000000000000000000000000000000000000000000000000000000000000, Y=$procmux$799_Y [65:0]
      New connections: $procmux$799_Y [66] = $procmux$799_Y [65]
  Optimizing cells in module \rv32im_core.
Performed a total of 10 changes.

4.21. Executing OPT_MERGE pass (detect identical cells).
Finding identical cells in module `\rv32im_core'.
<suppressed ~273 debug messages>
Removed a total of 91 cells.

4.22. Executing OPT_SHARE pass.

4.23. Executing OPT_DFF pass (perform DFF optimizations).

4.24. Executing OPT_CLEAN pass (remove unused cells and wires).
Finding unused cells or wires in module \rv32im_core..
Removed 0 unused cells and 125 unused wires.
<suppressed ~1 debug messages>

4.25. Executing OPT_EXPR pass (perform const folding).
Optimizing module rv32im_core.
<suppressed ~1 debug messages>

4.26. Rerunning OPT passes. (Maybe there is more to do..)

4.27. Executing OPT_MUXTREE pass (detect dead branches in mux trees).
Running muxtree optimizer on module \rv32im_core..
  Creating internal representation of mux trees.
  Evaluating internal representation of mux trees.
  Analyzing evaluation results.
Removed 0 multiplexer ports.
<suppressed ~256 debug messages>

4.28. Executing OPT_REDUCE pass (consolidate $*mux and $reduce_* inputs).
  Optimizing cells in module \rv32im_core.
Performed a total of 0 changes.

4.29. Executing OPT_MERGE pass (detect identical cells).
Finding identical cells in module `\rv32im_core'.
Removed a total of 0 cells.

4.30. Executing OPT_SHARE pass.

4.31. Executing OPT_DFF pass (perform DFF optimizations).
Setting constant 0-bit at position 1 on $auto$ff.cc:266:slice$3089 ($adffe) from module rv32im_core.
Setting constant 0-bit at position 2 on $auto$ff.cc:266:slice$3089 ($adffe) from module rv32im_core.
Setting constant 0-bit at position 3 on $auto$ff.cc:266:slice$3089 ($adffe) from module rv32im_core.
Setting constant 0-bit at position 4 on $auto$ff.cc:266:slice$3089 ($adffe) from module rv32im_core.
Setting constant 0-bit at position 32 on $auto$ff.cc:266:slice$3305 ($adffe) from module rv32im_core.

4.32. Executing OPT_CLEAN pass (remove unused cells and wires).
Finding unused cells or wires in module \rv32im_core..

4.33. Executing OPT_EXPR pass (perform const folding).
Optimizing module rv32im_core.

4.34. Rerunning OPT passes. (Maybe there is more to do..)

4.35. Executing OPT_MUXTREE pass (detect dead branches in mux trees).
Running muxtree optimizer on module \rv32im_core..
  Creating internal representation of mux trees.
  Evaluating internal representation of mux trees.
  Analyzing evaluation results.
Removed 0 multiplexer ports.
<suppressed ~256 debug messages>

4.36. Executing OPT_REDUCE pass (consolidate $*mux and $reduce_* inputs).
  Optimizing cells in module \rv32im_core.
    Consolidated identical input bits for $mux cell $procmux$1113:
      Old ports: A={ 1'0 $procmux$1089_Y [3] 1'0 $procmux$1089_Y [1:0] }, B={ 4'0000 \u_if_stage.reg_ifid [0] }, Y=$procmux$1113_Y
      New ports: A={ $procmux$1089_Y [3] $procmux$1089_Y [1:0] }, B={ 2'00 \u_if_stage.reg_ifid [0] }, Y={ $procmux$1113_Y [3] $procmux$1113_Y [1:0] }
      New connections: { $procmux$1113_Y [4] $procmux$1113_Y [2] } = 2'00
  Optimizing cells in module \rv32im_core.
    Consolidated identical input bits for $mux cell $procmux$1127:
      Old ports: A=5'00001, B=$procmux$1113_Y, Y=\u_id_stage.w_exc_code
      New ports: A=3'001, B={ $procmux$1113_Y [3] $procmux$1113_Y [1:0] }, Y={ \u_id_stage.w_exc_code [3] \u_id_stage.w_exc_code [1:0] }
      New connections: { \u_id_stage.w_exc_code [4] \u_id_stage.w_exc_code [2] } = 2'00
  Optimizing cells in module \rv32im_core.
    Consolidated identical input bits for $mux cell $procmux$991:
      Old ports: A={ \u_if_stage.reg_ifid [70:38] \u_id_stage.i_rf_rs1_data \u_id_stage.i_rf_rs2_data \u_id_stage.u_imm_gen.o_imm \u_id_stage.u_decoder.o_alu_op \u_id_stage.u_decoder.o_op_a_sel \u_id_stage.u_decoder.o_op_b_sel \u_id_stage.w_idex_nxt [118] \u_id_stage.u_decoder.o_br_op \u_id_stage.u_decoder.o_jump_en \u_id_stage.u_decoder.o_jalr_en \u_id_stage.w_idex_nxt [112] \u_id_stage.u_decoder.o_muldiv_op \u_id_stage.w_idex_nxt [108] \u_id_stage.u_decoder.o_mem_we \u_id_stage.u_decoder.o_mem_size \u_id_stage.u_decoder.o_mem_unsigned \u_id_stage.w_idex_nxt [98] \u_id_stage.u_decoder.o_wb_sel \u_id_stage.w_idex_nxt [95] \u_id_stage.u_decoder.o_csr_op \u_id_stage.u_decoder.o_csr_rd_en \u_id_stage.u_decoder.o_csr_wr_en \u_id_stage.u_decoder.o_csr_use_imm \u_id_stage.u_decoder.o_sys_mret \u_id_stage.u_decoder.o_sys_wfi \u_id_stage.u_decoder.o_sys_fencei \u_id_stage.w_exc_valid \u_id_stage.w_exc_code \u_id_stage.w_exc_tval \u_if_stage.reg_ifid [37:6] }, B=233'00000000000000000000000000000000000000000000000000000000000000000000000000000000000000000000000000000000000000000000000000000000000000000000000000000000000000000000000000000000000000000000000000000000000000000000000000000000000000000, Y={ $procmux$991_Y [264:232] $procmux$991_Y [221:104] $procmux$991_Y [98:93] $procmux$991_Y [80:78] $procmux$991_Y [72:32] $procmux$991_Y [92:86] $procmux$991_Y [226:222] $procmux$991_Y [231:227] $procmux$991_Y [14:12] $procmux$991_Y [103:99] $procmux$991_Y [6:0] }
      New ports: A={ \u_if_stage.reg_ifid [70:38] \u_id_stage.i_rf_rs1_data \u_id_stage.i_rf_rs2_data \u_id_stage.u_imm_gen.o_imm \u_id_stage.u_decoder.o_alu_op \u_id_stage.u_decoder.o_op_a_sel \u_id_stage.u_decoder.o_op_b_sel \u_id_stage.w_idex_nxt [118] \u_id_stage.u_decoder.o_br_op \u_id_stage.u_decoder.o_jump_en \u_id_stage.u_decoder.o_jalr_en \u_id_stage.w_idex_nxt [112] \u_id_stage.u_decoder.o_muldiv_op \u_id_stage.w_idex_nxt [108] \u_id_stage.u_decoder.o_mem_we \u_id_stage.u_decoder.o_mem_size \u_id_stage.u_decoder.o_mem_unsigned \u_id_stage.w_idex_nxt [98] \u_id_stage.u_decoder.o_wb_sel \u_id_stage.w_idex_nxt [95] \u_id_stage.u_decoder.o_csr_op \u_id_stage.u_decoder.o_csr_rd_en \u_id_stage.u_decoder.o_csr_wr_en \u_id_stage.u_decoder.o_csr_use_imm \u_id_stage.u_decoder.o_sys_mret \u_id_stage.u_decoder.o_sys_wfi \u_id_stage.u_decoder.o_sys_fencei \u_id_stage.w_exc_valid \u_id_stage.w_exc_code [3] \u_id_stage.w_exc_code [1:0] \u_id_stage.w_exc_tval \u_if_stage.reg_ifid [37:6] }, B=231'000000000000000000000000000000000000000000000000000000000000000000000000000000000000000000000000000000000000000000000000000000000000000000000000000000000000000000000000000000000000000000000000000000000000000000000000000000000000000, Y={ $procmux$991_Y [264:232] $procmux$991_Y [221:104] $procmux$991_Y [98:93] $procmux$991_Y [80:78] $procmux$991_Y [72:69] $procmux$991_Y [67] $procmux$991_Y [65:32] $procmux$991_Y [92:86] $procmux$991_Y [226:222] $procmux$991_Y [231:227] $procmux$991_Y [14:12] $procmux$991_Y [103:99] $procmux$991_Y [6:0] }
      New connections: { $procmux$991_Y [68] $procmux$991_Y [66] } = 2'00
  Optimizing cells in module \rv32im_core.
Performed a total of 3 changes.

4.37. Executing OPT_MERGE pass (detect identical cells).
Finding identical cells in module `\rv32im_core'.
Removed a total of 0 cells.

4.38. Executing OPT_SHARE pass.

4.39. Executing OPT_DFF pass (perform DFF optimizations).

4.40. Executing OPT_CLEAN pass (remove unused cells and wires).
Finding unused cells or wires in module \rv32im_core..

4.41. Executing OPT_EXPR pass (perform const folding).
Optimizing module rv32im_core.

4.42. Rerunning OPT passes. (Maybe there is more to do..)

4.43. Executing OPT_MUXTREE pass (detect dead branches in mux trees).
Running muxtree optimizer on module \rv32im_core..
  Creating internal representation of mux trees.
  Evaluating internal representation of mux trees.
  Analyzing evaluation results.
Removed 0 multiplexer ports.
<suppressed ~256 debug messages>

4.44. Executing OPT_REDUCE pass (consolidate $*mux and $reduce_* inputs).
  Optimizing cells in module \rv32im_core.
Performed a total of 0 changes.

4.45. Executing OPT_MERGE pass (detect identical cells).
Finding identical cells in module `\rv32im_core'.
Removed a total of 0 cells.

4.46. Executing OPT_SHARE pass.

4.47. Executing OPT_DFF pass (perform DFF optimizations).
Setting constant 0-bit at position 2 on $auto$ff.cc:266:slice$3170 ($adffe) from module rv32im_core.
Setting constant 0-bit at position 4 on $auto$ff.cc:266:slice$3170 ($adffe) from module rv32im_core.

4.48. Executing OPT_CLEAN pass (remove unused cells and wires).
Finding unused cells or wires in module \rv32im_core..

4.49. Executing OPT_EXPR pass (perform const folding).
Optimizing module rv32im_core.

4.50. Rerunning OPT passes. (Maybe there is more to do..)

4.51. Executing OPT_MUXTREE pass (detect dead branches in mux trees).
Running muxtree optimizer on module \rv32im_core..
  Creating internal representation of mux trees.
  Evaluating internal representation of mux trees.
  Analyzing evaluation results.
Removed 0 multiplexer ports.
<suppressed ~256 debug messages>

4.52. Executing OPT_REDUCE pass (consolidate $*mux and $reduce_* inputs).
  Optimizing cells in module \rv32im_core.
    Consolidated identical input bits for $mux cell $procmux$482:
      Old ports: A={ 2'00 $procmux$464_Y [2:1] 1'0 }, B={ 1'0 \u_id_stage.reg_idex [67] 1'0 \u_id_stage.reg_idex [65:64] }, Y=\u_ex_stage.w_exc_code
      New ports: A={ 1'0 $procmux$464_Y [2:1] 1'0 }, B={ \u_id_stage.reg_idex [67] 1'0 \u_id_stage.reg_idex [65:64] }, Y=\u_ex_stage.w_exc_code [3:0]
      New connections: \u_ex_stage.w_exc_code [4] = 1'0
  Optimizing cells in module \rv32im_core.
    Consolidated identical input bits for $mux cell $procmux$358:
      Old ports: A={ \u_ex_stage.w_exmem_nxt [262] \u_id_stage.reg_idex [263:234] \u_ex_stage.w_exmem_nxt [229:198] \u_ex_stage.u_branch_unit.i_op_b \u_ex_stage.w_exmem_nxt [165:136] \u_id_stage.reg_idex [233:232] \u_ex_stage.w_exmem_nxt [133] \u_id_stage.reg_idex [107:99] \u_ex_stage.w_exmem_nxt [123] \u_id_stage.reg_idex [97:96] \u_ex_stage.w_exmem_nxt [120] \u_id_stage.reg_idex [80:79] \u_id_stage.reg_idex [94:81] \u_ex_stage.w_exmem_nxt [103:72] \u_id_stage.reg_idex [72] \u_id_stage.reg_idex [70] \u_ex_stage.w_exc_valid \u_ex_stage.w_exc_code \u_ex_stage.w_exc_tval \u_id_stage.reg_idex [31:0] }, B=261'000000000000000000000000000000000000000000000000000000000000000000000000000000000000000000000000000000000000000000000000000000000000000000000000000000000000000000000000000000000000000000000000000000000000000000000000000000000000000000000000000000000000000000000, Y={ $procmux$358_Y [262:232] $procmux$358_Y [229:136] $procmux$358_Y [231:230] $procmux$358_Y [133:0] }
      New ports: A={ \u_ex_stage.w_exmem_nxt [262] \u_id_stage.reg_idex [263:234] \u_ex_stage.w_exmem_nxt [229:198] \u_ex_stage.u_branch_unit.i_op_b \u_ex_stage.w_exmem_nxt [165:136] \u_id_stage.reg_idex [233:232] \u_ex_stage.w_exmem_nxt [133] \u_id_stage.reg_idex [107:99] \u_ex_stage.w_exmem_nxt [123] \u_id_stage.reg_idex [97:96] \u_ex_stage.w_exmem_nxt [120] \u_id_stage.reg_idex [80:79] \u_id_stage.reg_idex [94:81] \u_ex_stage.w_exmem_nxt [103:72] \u_id_stage.reg_idex [72] \u_id_stage.reg_idex [70] \u_ex_stage.w_exc_valid \u_ex_stage.w_exc_code [3:0] \u_ex_stage.w_exc_tval \u_id_stage.reg_idex [31:0] }, B=260'00000000000000000000000000000000000000000000000000000000000000000000000000000000000000000000000000000000000000000000000000000000000000000000000000000000000000000000000000000000000000000000000000000000000000000000000000000000000000000000000000000000000000000000, Y={ $procmux$358_Y [262:232] $procmux$358_Y [229:136] $procmux$358_Y [231:230] $procmux$358_Y [133:69] $procmux$358_Y [67:0] }
      New connections: $procmux$358_Y [68] = 1'0
  Optimizing cells in module \rv32im_core.
Performed a total of 2 changes.

4.53. Executing OPT_MERGE pass (detect identical cells).
Finding identical cells in module `\rv32im_core'.
Removed a total of 0 cells.

4.54. Executing OPT_SHARE pass.

4.55. Executing OPT_DFF pass (perform DFF optimizations).

4.56. Executing OPT_CLEAN pass (remove unused cells and wires).
Finding unused cells or wires in module \rv32im_core..

4.57. Executing OPT_EXPR pass (perform const folding).
Optimizing module rv32im_core.

4.58. Rerunning OPT passes. (Maybe there is more to do..)

4.59. Executing OPT_MUXTREE pass (detect dead branches in mux trees).
Running muxtree optimizer on module \rv32im_core..
  Creating internal representation of mux trees.
  Evaluating internal representation of mux trees.
  Analyzing evaluation results.
Removed 0 multiplexer ports.
<suppressed ~256 debug messages>

4.60. Executing OPT_REDUCE pass (consolidate $*mux and $reduce_* inputs).
  Optimizing cells in module \rv32im_core.
Performed a total of 0 changes.

4.61. Executing OPT_MERGE pass (detect identical cells).
Finding identical cells in module `\rv32im_core'.
Removed a total of 0 cells.

4.62. Executing OPT_SHARE pass.

4.63. Executing OPT_DFF pass (perform DFF optimizations).
Setting constant 0-bit at position 4 on $auto$ff.cc:266:slice$3373 ($adffe) from module rv32im_core.

4.64. Executing OPT_CLEAN pass (remove unused cells and wires).
Finding unused cells or wires in module \rv32im_core..

4.65. Executing OPT_EXPR pass (perform const folding).
Optimizing module rv32im_core.

4.66. Rerunning OPT passes. (Maybe there is more to do..)

4.67. Executing OPT_MUXTREE pass (detect dead branches in mux trees).
Running muxtree optimizer on module \rv32im_core..
  Creating internal representation of mux trees.
  Evaluating internal representation of mux trees.
  Analyzing evaluation results.
Removed 0 multiplexer ports.
<suppressed ~256 debug messages>

4.68. Executing OPT_REDUCE pass (consolidate $*mux and $reduce_* inputs).
  Optimizing cells in module \rv32im_core.
    Consolidated identical input bits for $mux cell $procmux$281:
      Old ports: A={ 2'00 $procmux$257_Y [2:1] $procmux$257_Y [2] }, B={ 1'0 \u_ex_stage.reg_exmem [67:64] }, Y=$procmux$281_Y
      New ports: A={ 1'0 $procmux$257_Y [2:1] $procmux$257_Y [2] }, B=\u_ex_stage.reg_exmem [67:64], Y=$procmux$281_Y [3:0]
      New connections: $procmux$281_Y [4] = 1'0
  Optimizing cells in module \rv32im_core.
    Consolidated identical input bits for $mux cell $procmux$295:
      Old ports: A=5'00010, B=$procmux$281_Y, Y=\u_trap_ctrl.i_exc_code
      New ports: A=4'0010, B=$procmux$281_Y [3:0], Y=\u_trap_ctrl.i_exc_code [3:0]
      New connections: \u_trap_ctrl.i_exc_code [4] = 1'0
  Optimizing cells in module \rv32im_core.
    Consolidated identical input bits for $mux cell $782:
      Old ports: A=\u_trap_ctrl.i_exc_code, B={ 1'0 \u_trap_ctrl.w_irq_code [3:2] 2'11 }, Y=\u_csr_file.i_trap_code
      New ports: A=\u_trap_ctrl.i_exc_code [3:0], B={ \u_trap_ctrl.w_irq_code [3:2] 2'11 }, Y=\u_csr_file.i_trap_code [3:0]
      New connections: \u_csr_file.i_trap_code [4] = 1'0
  Optimizing cells in module \rv32im_core.
Performed a total of 3 changes.

4.69. Executing OPT_MERGE pass (detect identical cells).
Finding identical cells in module `\rv32im_core'.
Removed a total of 0 cells.

4.70. Executing OPT_SHARE pass.

4.71. Executing OPT_DFF pass (perform DFF optimizations).

4.72. Executing OPT_CLEAN pass (remove unused cells and wires).
Finding unused cells or wires in module \rv32im_core..

4.73. Executing OPT_EXPR pass (perform const folding).
Optimizing module rv32im_core.

4.74. Rerunning OPT passes. (Maybe there is more to do..)

4.75. Executing OPT_MUXTREE pass (detect dead branches in mux trees).
Running muxtree optimizer on module \rv32im_core..
  Creating internal representation of mux trees.
  Evaluating internal representation of mux trees.
  Analyzing evaluation results.
Removed 0 multiplexer ports.
<suppressed ~256 debug messages>

4.76. Executing OPT_REDUCE pass (consolidate $*mux and $reduce_* inputs).
  Optimizing cells in module \rv32im_core.
Performed a total of 0 changes.

4.77. Executing OPT_MERGE pass (detect identical cells).
Finding identical cells in module `\rv32im_core'.
Removed a total of 0 cells.

4.78. Executing OPT_SHARE pass.

4.79. Executing OPT_DFF pass (perform DFF optimizations).

4.80. Executing OPT_CLEAN pass (remove unused cells and wires).
Finding unused cells or wires in module \rv32im_core..

4.81. Executing OPT_EXPR pass (perform const folding).
Optimizing module rv32im_core.

4.82. Finished fast OPT passes. (There is nothing left to do.)

5. Executing MEMORY pass.

5.1. Executing OPT_MEM pass (optimize memories).
Performed a total of 0 transformations.

5.2. Executing OPT_MEM_PRIORITY pass (removing unnecessary memory write priority relations).
Performed a total of 0 transformations.

5.3. Executing OPT_MEM_FEEDBACK pass (finding memory read-to-write feedback paths).

5.4. Executing MEMORY_BMUX2ROM pass (converting muxes to ROMs).

5.5. Executing MEMORY_DFF pass (merging $dff cells to $memrd).
Checking read port `$auto$proc_rom.cc:155:do_switch$2'[0] in module `\rv32im_core': FF found, but with a mux select that doesn't seem to correspond to transparency logic.
Checking read port `$auto$proc_rom.cc:155:do_switch$6'[0] in module `\rv32im_core': no output FF found.
Checking read port address `$auto$proc_rom.cc:155:do_switch$2'[0] in module `\rv32im_core': address FF has async set and/or reset, not supported.
Checking read port address `$auto$proc_rom.cc:155:do_switch$6'[0] in module `\rv32im_core': address FF has async set and/or reset, not supported.

5.6. Executing OPT_CLEAN pass (remove unused cells and wires).
Finding unused cells or wires in module \rv32im_core..

5.7. Executing MEMORY_SHARE pass (consolidating $memrd/$memwr cells).

5.8. Executing OPT_MEM_WIDEN pass (optimize memories where all ports are wide).
Performed a total of 0 transformations.

5.9. Executing OPT_CLEAN pass (remove unused cells and wires).
Finding unused cells or wires in module \rv32im_core..

5.10. Executing MEMORY_COLLECT pass (generating $mem cells).

5.11. Executing MEMORY_MAP pass (converting memories to logic and flip-flops).
Mapping memory $auto$proc_rom.cc:155:do_switch$2 in module \rv32im_core:
  created 8 $dff cells and 0 static cells of width 3.
  read interface: 0 $dff and 7 $mux cells.
  write interface: 0 write mux blocks.
Mapping memory $auto$proc_rom.cc:155:do_switch$6 in module \rv32im_core:
  created 8 $dff cells and 0 static cells of width 4.
  read interface: 0 $dff and 7 $mux cells.
  write interface: 0 write mux blocks.

6. Executing OPT pass (performing simple optimizations).

6.1. Executing OPT_EXPR pass (perform const folding).
Optimizing module rv32im_core.

6.2. Executing OPT_MERGE pass (detect identical cells).
Finding identical cells in module `\rv32im_core'.
Removed a total of 0 cells.

6.3. Executing OPT_MUXTREE pass (detect dead branches in mux trees).
Running muxtree optimizer on module \rv32im_core..
  Creating internal representation of mux trees.
  Evaluating internal representation of mux trees.
  Analyzing evaluation results.
Removed 0 multiplexer ports.
<suppressed ~270 debug messages>

6.4. Executing OPT_REDUCE pass (consolidate $*mux and $reduce_* inputs).
  Optimizing cells in module \rv32im_core.
    Consolidated identical input bits for $mux cell $memory$auto$proc_rom.cc:155:do_switch$6$rdmux[0][2][2]$3464:
      Old ports: A=4'0101, B=4'0110, Y=$memory$auto$proc_rom.cc:155:do_switch$6$rdmux[0][1][1]$a$3456
      New ports: A=2'01, B=2'10, Y=$memory$auto$proc_rom.cc:155:do_switch$6$rdmux[0][1][1]$a$3456 [1:0]
      New connections: $memory$auto$proc_rom.cc:155:do_switch$6$rdmux[0][1][1]$a$3456 [3:2] = 2'01
    Consolidated identical input bits for $mux cell $memory$auto$proc_rom.cc:155:do_switch$6$rdmux[0][2][1]$3461:
      Old ports: A=4'0011, B=4'0100, Y=$memory$auto$proc_rom.cc:155:do_switch$6$rdmux[0][1][0]$b$3454
      New ports: A=2'01, B=2'10, Y={ $memory$auto$proc_rom.cc:155:do_switch$6$rdmux[0][1][0]$b$3454 [2] $memory$auto$proc_rom.cc:155:do_switch$6$rdmux[0][1][0]$b$3454 [0] }
      New connections: { $memory$auto$proc_rom.cc:155:do_switch$6$rdmux[0][1][0]$b$3454 [3] $memory$auto$proc_rom.cc:155:do_switch$6$rdmux[0][1][0]$b$3454 [1] } = { 1'0 $memory$auto$proc_rom.cc:155:do_switch$6$rdmux[0][1][0]$b$3454 [0] }
    Consolidated identical input bits for $mux cell $memory$auto$proc_rom.cc:155:do_switch$6$rdmux[0][2][0]$3458:
      Old ports: A=4'0000, B=4'0010, Y=$memory$auto$proc_rom.cc:155:do_switch$6$rdmux[0][1][0]$a$3453
      New ports: A=1'0, B=1'1, Y=$memory$auto$proc_rom.cc:155:do_switch$6$rdmux[0][1][0]$a$3453 [1]
      New connections: { $memory$auto$proc_rom.cc:155:do_switch$6$rdmux[0][1][0]$a$3453 [3:2] $memory$auto$proc_rom.cc:155:do_switch$6$rdmux[0][1][0]$a$3453 [0] } = 3'000
    Consolidated identical input bits for $mux cell $memory$auto$proc_rom.cc:155:do_switch$2$rdmux[0][2][2]$3443:
      Old ports: A=3'100, B=3'101, Y=$memory$auto$proc_rom.cc:155:do_switch$2$rdmux[0][1][1]$a$3435
      New ports: A=1'0, B=1'1, Y=$memory$auto$proc_rom.cc:155:do_switch$2$rdmux[0][1][1]$a$3435 [0]
      New connections: $memory$auto$proc_rom.cc:155:do_switch$2$rdmux[0][1][1]$a$3435 [2:1] = 2'10
    Consolidated identical input bits for $mux cell $memory$auto$proc_rom.cc:155:do_switch$2$rdmux[0][2][1]$3440:
      Old ports: A=3'010, B=3'011, Y=$memory$auto$proc_rom.cc:155:do_switch$2$rdmux[0][1][0]$b$3433
      New ports: A=1'0, B=1'1, Y=$memory$auto$proc_rom.cc:155:do_switch$2$rdmux[0][1][0]$b$3433 [0]
      New connections: $memory$auto$proc_rom.cc:155:do_switch$2$rdmux[0][1][0]$b$3433 [2:1] = 2'01
    Consolidated identical input bits for $mux cell $memory$auto$proc_rom.cc:155:do_switch$2$rdmux[0][2][0]$3437:
      Old ports: A=3'000, B=3'001, Y=$memory$auto$proc_rom.cc:155:do_switch$2$rdmux[0][1][0]$a$3432
      New ports: A=1'0, B=1'1, Y=$memory$auto$proc_rom.cc:155:do_switch$2$rdmux[0][1][0]$a$3432 [0]
      New connections: $memory$auto$proc_rom.cc:155:do_switch$2$rdmux[0][1][0]$a$3432 [2:1] = 2'00
    Consolidated identical input bits for $mux cell $memory$auto$proc_rom.cc:155:do_switch$2$rdmux[0][2][3]$3446:
      Old ports: A=3'110, B=3'111, Y=$memory$auto$proc_rom.cc:155:do_switch$2$rdmux[0][1][1]$b$3436
      New ports: A=1'0, B=1'1, Y=$memory$auto$proc_rom.cc:155:do_switch$2$rdmux[0][1][1]$b$3436 [0]
      New connections: $memory$auto$proc_rom.cc:155:do_switch$2$rdmux[0][1][1]$b$3436 [2:1] = 2'11
    Consolidated identical input bits for $mux cell $memory$auto$proc_rom.cc:155:do_switch$6$rdmux[0][2][3]$3467:
      Old ports: A=4'1000, B=4'1001, Y=$memory$auto$proc_rom.cc:155:do_switch$6$rdmux[0][1][1]$b$3457
      New ports: A=1'0, B=1'1, Y=$memory$auto$proc_rom.cc:155:do_switch$6$rdmux[0][1][1]$b$3457 [0]
      New connections: $memory$auto$proc_rom.cc:155:do_switch$6$rdmux[0][1][1]$b$3457 [3:1] = 3'100
  Optimizing cells in module \rv32im_core.
    Consolidated identical input bits for $mux cell $memory$auto$proc_rom.cc:155:do_switch$6$rdmux[0][1][0]$3452:
      Old ports: A=$memory$auto$proc_rom.cc:155:do_switch$6$rdmux[0][1][0]$a$3453, B=$memory$auto$proc_rom.cc:155:do_switch$6$rdmux[0][1][0]$b$3454, Y=$memory$auto$proc_rom.cc:155:do_switch$6$rdmux[0][0][0]$a$3450
      New ports: A={ 1'0 $memory$auto$proc_rom.cc:155:do_switch$6$rdmux[0][1][0]$a$3453 [1] 1'0 }, B={ $memory$auto$proc_rom.cc:155:do_switch$6$rdmux[0][1][0]$b$3454 [2] $memory$auto$proc_rom.cc:155:do_switch$6$rdmux[0][1][0]$b$3454 [0] $memory$auto$proc_rom.cc:155:do_switch$6$rdmux[0][1][0]$b$3454 [0] }, Y=$memory$auto$proc_rom.cc:155:do_switch$6$rdmux[0][0][0]$a$3450 [2:0]
      New connections: $memory$auto$proc_rom.cc:155:do_switch$6$rdmux[0][0][0]$a$3450 [3] = 1'0
    Consolidated identical input bits for $mux cell $memory$auto$proc_rom.cc:155:do_switch$2$rdmux[0][1][1]$3434:
      Old ports: A=$memory$auto$proc_rom.cc:155:do_switch$2$rdmux[0][1][1]$a$3435, B=$memory$auto$proc_rom.cc:155:do_switch$2$rdmux[0][1][1]$b$3436, Y=$memory$auto$proc_rom.cc:155:do_switch$2$rdmux[0][0][0]$b$3430
      New ports: A={ 1'0 $memory$auto$proc_rom.cc:155:do_switch$2$rdmux[0][1][1]$a$3435 [0] }, B={ 1'1 $memory$auto$proc_rom.cc:155:do_switch$2$rdmux[0][1][1]$b$3436 [0] }, Y=$memory$auto$proc_rom.cc:155:do_switch$2$rdmux[0][0][0]$b$3430 [1:0]
      New connections: $memory$auto$proc_rom.cc:155:do_switch$2$rdmux[0][0][0]$b$3430 [2] = 1'1
    Consolidated identical input bits for $mux cell $memory$auto$proc_rom.cc:155:do_switch$2$rdmux[0][1][0]$3431:
      Old ports: A=$memory$auto$proc_rom.cc:155:do_switch$2$rdmux[0][1][0]$a$3432, B=$memory$auto$proc_rom.cc:155:do_switch$2$rdmux[0][1][0]$b$3433, Y=$memory$auto$proc_rom.cc:155:do_switch$2$rdmux[0][0][0]$a$3429
      New ports: A={ 1'0 $memory$auto$proc_rom.cc:155:do_switch$2$rdmux[0][1][0]$a$3432 [0] }, B={ 1'1 $memory$auto$proc_rom.cc:155:do_switch$2$rdmux[0][1][0]$b$3433 [0] }, Y=$memory$auto$proc_rom.cc:155:do_switch$2$rdmux[0][0][0]$a$3429 [1:0]
      New connections: $memory$auto$proc_rom.cc:155:do_switch$2$rdmux[0][0][0]$a$3429 [2] = 1'0
  Optimizing cells in module \rv32im_core.
Performed a total of 11 changes.

6.5. Executing OPT_MERGE pass (detect identical cells).
Finding identical cells in module `\rv32im_core'.
<suppressed ~21 debug messages>
Removed a total of 7 cells.

6.6. Executing OPT_SHARE pass.

6.7. Executing OPT_DFF pass (perform DFF optimizations).

6.8. Executing OPT_CLEAN pass (remove unused cells and wires).
Finding unused cells or wires in module \rv32im_core..
Removed 0 unused cells and 23 unused wires.
<suppressed ~1 debug messages>

6.9. Executing OPT_EXPR pass (perform const folding).
Optimizing module rv32im_core.
<suppressed ~1 debug messages>

6.10. Rerunning OPT passes. (Maybe there is more to do..)

6.11. Executing OPT_MUXTREE pass (detect dead branches in mux trees).
Running muxtree optimizer on module \rv32im_core..
  Creating internal representation of mux trees.
  Evaluating internal representation of mux trees.
  Analyzing evaluation results.
Removed 0 multiplexer ports.
<suppressed ~266 debug messages>

6.12. Executing OPT_REDUCE pass (consolidate $*mux and $reduce_* inputs).
  Optimizing cells in module \rv32im_core.
    Consolidated identical input bits for $mux cell $memory$auto$proc_rom.cc:155:do_switch$2$rdmux[0][0][0]$3428:
      Old ports: A={ 1'0 $memory$auto$proc_rom.cc:155:do_switch$2$rdmux[0][0][0]$a$3429 [1:0] }, B={ 1'1 $memory$auto$proc_rom.cc:155:do_switch$2$rdmux[0][0][0]$a$3429 [1:0] }, Y=$auto$proc_rom.cc:154:do_switch$1
      New ports: A=1'0, B=1'1, Y=$auto$proc_rom.cc:154:do_switch$1 [2]
      New connections: $auto$proc_rom.cc:154:do_switch$1 [1:0] = $memory$auto$proc_rom.cc:155:do_switch$2$rdmux[0][0][0]$a$3429 [1:0]
    Consolidated identical input bits for $mux cell $memory$auto$proc_rom.cc:155:do_switch$2$rdmux[0][1][1]$3434:
      Old ports: A={ 1'0 $memory$auto$proc_rom.cc:155:do_switch$2$rdmux[0][1][0]$a$3432 [0] }, B={ 1'1 $memory$auto$proc_rom.cc:155:do_switch$2$rdmux[0][1][0]$a$3432 [0] }, Y=$memory$auto$proc_rom.cc:155:do_switch$2$rdmux[0][0][0]$a$3429 [1:0]
      New ports: A=1'0, B=1'1, Y=$memory$auto$proc_rom.cc:155:do_switch$2$rdmux[0][0][0]$a$3429 [1]
      New connections: $memory$auto$proc_rom.cc:155:do_switch$2$rdmux[0][0][0]$a$3429 [0] = \u_if_stage.reg_ifid [18]
  Optimizing cells in module \rv32im_core.
Performed a total of 2 changes.

6.13. Executing OPT_MERGE pass (detect identical cells).
Finding identical cells in module `\rv32im_core'.
Removed a total of 0 cells.

6.14. Executing OPT_SHARE pass.

6.15. Executing OPT_DFF pass (perform DFF optimizations).

6.16. Executing OPT_CLEAN pass (remove unused cells and wires).
Finding unused cells or wires in module \rv32im_core..
Removed 0 unused cells and 2 unused wires.
<suppressed ~1 debug messages>

6.17. Executing OPT_EXPR pass (perform const folding).
Optimizing module rv32im_core.
<suppressed ~2 debug messages>

6.18. Rerunning OPT passes. (Maybe there is more to do..)

6.19. Executing OPT_MUXTREE pass (detect dead branches in mux trees).
Running muxtree optimizer on module \rv32im_core..
  Creating internal representation of mux trees.
  Evaluating internal representation of mux trees.
  Analyzing evaluation results.
Removed 0 multiplexer ports.
<suppressed ~263 debug messages>

6.20. Executing OPT_REDUCE pass (consolidate $*mux and $reduce_* inputs).
  Optimizing cells in module \rv32im_core.
Performed a total of 0 changes.

6.21. Executing OPT_MERGE pass (detect identical cells).
Finding identical cells in module `\rv32im_core'.
Removed a total of 0 cells.

6.22. Executing OPT_SHARE pass.

6.23. Executing OPT_DFF pass (perform DFF optimizations).

6.24. Executing OPT_CLEAN pass (remove unused cells and wires).
Finding unused cells or wires in module \rv32im_core..
Removed 0 unused cells and 1 unused wires.
<suppressed ~1 debug messages>

6.25. Executing OPT_EXPR pass (perform const folding).
Optimizing module rv32im_core.

6.26. Rerunning OPT passes. (Maybe there is more to do..)

6.27. Executing OPT_MUXTREE pass (detect dead branches in mux trees).
Running muxtree optimizer on module \rv32im_core..
  Creating internal representation of mux trees.
  Evaluating internal representation of mux trees.
  Analyzing evaluation results.
Removed 0 multiplexer ports.
<suppressed ~263 debug messages>

6.28. Executing OPT_REDUCE pass (consolidate $*mux and $reduce_* inputs).
  Optimizing cells in module \rv32im_core.
Performed a total of 0 changes.

6.29. Executing OPT_MERGE pass (detect identical cells).
Finding identical cells in module `\rv32im_core'.
Removed a total of 0 cells.

6.30. Executing OPT_SHARE pass.

6.31. Executing OPT_DFF pass (perform DFF optimizations).

6.32. Executing OPT_CLEAN pass (remove unused cells and wires).
Finding unused cells or wires in module \rv32im_core..

6.33. Executing OPT_EXPR pass (perform const folding).
Optimizing module rv32im_core.

6.34. Finished fast OPT passes. (There is nothing left to do.)

7. Executing TECHMAP pass (map to technology primitives).

7.1. Executing Verilog-2005 frontend: /tools/OSS/oss-cad-suite/lib/../share/yosys/techmap.v
Parsing Verilog input from `/tools/OSS/oss-cad-suite/lib/../share/yosys/techmap.v' to AST representation.
verilog frontend filename /tools/OSS/oss-cad-suite/lib/../share/yosys/techmap.v
Generating RTLIL representation for module `\_90_simplemap_bool_ops'.
Generating RTLIL representation for module `\_90_simplemap_reduce_ops'.
Generating RTLIL representation for module `\_90_simplemap_logic_ops'.
Generating RTLIL representation for module `\_90_simplemap_compare_ops'.
Generating RTLIL representation for module `\_90_simplemap_various'.
Generating RTLIL representation for module `\_90_simplemap_registers'.
Generating RTLIL representation for module `\_90_shift_ops_shr_shl_sshl_sshr'.
Generating RTLIL representation for module `\_90_shift_shiftx'.
Generating RTLIL representation for module `\_90_fa'.
Generating RTLIL representation for module `\_90_lcu_brent_kung'.
Generating RTLIL representation for module `\_90_alu'.
Generating RTLIL representation for module `\_90_macc'.
Generating RTLIL representation for module `\_90_alumacc'.
Generating RTLIL representation for module `\$__div_mod_u'.
Generating RTLIL representation for module `\$__div_mod_trunc'.
Generating RTLIL representation for module `\_90_div'.
Generating RTLIL representation for module `\_90_mod'.
Generating RTLIL representation for module `\$__div_mod_floor'.
Generating RTLIL representation for module `\_90_divfloor'.
Generating RTLIL representation for module `\_90_modfloor'.
Generating RTLIL representation for module `\_90_pow'.
Generating RTLIL representation for module `\_90_pmux'.
Generating RTLIL representation for module `\_90_demux'.
Generating RTLIL representation for module `\_90_lut'.
Generating RTLIL representation for module `\$connect'.
Generating RTLIL representation for module `\$input_port'.
Successfully finished Verilog frontend.

7.2. Continuing TECHMAP pass.
Using extmapper simplemap for cells of type $reduce_and.
Using extmapper simplemap for cells of type $mux.
Using extmapper simplemap for cells of type $reduce_or.
Using extmapper simplemap for cells of type $logic_and.
Using extmapper simplemap for cells of type $logic_or.
Using extmapper simplemap for cells of type $ne.
Running "alumacc" on wrapper $extern:wrap:$add:A_SIGNED=0:A_WIDTH=30:B_SIGNED=0:B_WIDTH=30:Y_WIDTH=30:394426c56d1a028ba8fdd5469b163e04011def47.
Using template $extern:wrap:$add:A_SIGNED=0:A_WIDTH=30:B_SIGNED=0:B_WIDTH=30:Y_WIDTH=30:394426c56d1a028ba8fdd5469b163e04011def47 for cells of type $extern:wrap:$add:A_SIGNED=0:A_WIDTH=30:B_SIGNED=0:B_WIDTH=30:Y_WIDTH=30:394426c56d1a028ba8fdd5469b163e04011def47.
Using extmapper simplemap for cells of type $logic_not.
Using extmapper simplemap for cells of type $adff.
Using extmapper simplemap for cells of type $dff.
Using extmapper simplemap for cells of type $adffe.
Using extmapper simplemap for cells of type $eq.
Using extmapper simplemap for cells of type $not.
Running "alumacc" on wrapper $extern:wrap:$ge:A_SIGNED=1:A_WIDTH=6:B_SIGNED=1:B_WIDTH=6:Y_WIDTH=1:394426c56d1a028ba8fdd5469b163e04011def47.
Using template $extern:wrap:$ge:A_SIGNED=1:A_WIDTH=6:B_SIGNED=1:B_WIDTH=6:Y_WIDTH=1:394426c56d1a028ba8fdd5469b163e04011def47 for cells of type $extern:wrap:$ge:A_SIGNED=1:A_WIDTH=6:B_SIGNED=1:B_WIDTH=6:Y_WIDTH=1:394426c56d1a028ba8fdd5469b163e04011def47.
Using template $paramod$2407ada40cc3dda6c6015be2b49b748cddb5a800\_90_demux for cells of type $demux.
Using extmapper simplemap for cells of type $bwmux.
Using extmapper simplemap for cells of type $bmux.
Running "alumacc" on wrapper $extern:wrap:$sub:A_SIGNED=0:A_WIDTH=32:B_SIGNED=0:B_WIDTH=32:Y_WIDTH=32:394426c56d1a028ba8fdd5469b163e04011def47.
Using template $extern:wrap:$sub:A_SIGNED=0:A_WIDTH=32:B_SIGNED=0:B_WIDTH=32:Y_WIDTH=32:394426c56d1a028ba8fdd5469b163e04011def47 for cells of type $extern:wrap:$sub:A_SIGNED=0:A_WIDTH=32:B_SIGNED=0:B_WIDTH=32:Y_WIDTH=32:394426c56d1a028ba8fdd5469b163e04011def47.
Using template $paramod$8fabc56b80a569262acfc42757a02ca0b8e91278\_90_pmux for cells of type $pmux.
Using template $paramod$constmap:4621fcf06a436d1e2a4080e2ed9866a7d07a6e07$paramod$335cfd09f1afa8139c4aafcbbe5f361887b79c5e\_90_shift_ops_shr_shl_sshl_sshr for cells of type $shl.
Running "alumacc" on wrapper $extern:wrap:$lt:A_SIGNED=1:A_WIDTH=32:B_SIGNED=1:B_WIDTH=32:Y_WIDTH=1:394426c56d1a028ba8fdd5469b163e04011def47.
Using template $extern:wrap:$lt:A_SIGNED=1:A_WIDTH=32:B_SIGNED=1:B_WIDTH=32:Y_WIDTH=1:394426c56d1a028ba8fdd5469b163e04011def47 for cells of type $extern:wrap:$lt:A_SIGNED=1:A_WIDTH=32:B_SIGNED=1:B_WIDTH=32:Y_WIDTH=1:394426c56d1a028ba8fdd5469b163e04011def47.
Running "alumacc" on wrapper $extern:wrap:$lt:A_SIGNED=0:A_WIDTH=32:B_SIGNED=0:B_WIDTH=32:Y_WIDTH=1:394426c56d1a028ba8fdd5469b163e04011def47.
Using template $extern:wrap:$lt:A_SIGNED=0:A_WIDTH=32:B_SIGNED=0:B_WIDTH=32:Y_WIDTH=1:394426c56d1a028ba8fdd5469b163e04011def47 for cells of type $extern:wrap:$lt:A_SIGNED=0:A_WIDTH=32:B_SIGNED=0:B_WIDTH=32:Y_WIDTH=1:394426c56d1a028ba8fdd5469b163e04011def47.
Using extmapper simplemap for cells of type $xor.
Using template $paramod$constmap:4621fcf06a436d1e2a4080e2ed9866a7d07a6e07$paramod$feecc7a0dbd012970970f2858f15e786e251f677\_90_shift_ops_shr_shl_sshl_sshr for cells of type $shr.
Using template $paramod$constmap:4621fcf06a436d1e2a4080e2ed9866a7d07a6e07$paramod$e765c459d3029c22a22a27989e94858fd9ebfa9c\_90_shift_ops_shr_shl_sshl_sshr for cells of type $sshr.
Using extmapper simplemap for cells of type $or.
Using extmapper simplemap for cells of type $and.
Running "alumacc" on wrapper $extern:wrap:$ge:A_SIGNED=1:A_WIDTH=32:B_SIGNED=1:B_WIDTH=32:Y_WIDTH=1:394426c56d1a028ba8fdd5469b163e04011def47.
Using template $extern:wrap:$ge:A_SIGNED=1:A_WIDTH=32:B_SIGNED=1:B_WIDTH=32:Y_WIDTH=1:394426c56d1a028ba8fdd5469b163e04011def47 for cells of type $extern:wrap:$ge:A_SIGNED=1:A_WIDTH=32:B_SIGNED=1:B_WIDTH=32:Y_WIDTH=1:394426c56d1a028ba8fdd5469b163e04011def47.
Running "alumacc" on wrapper $extern:wrap:$ge:A_SIGNED=0:A_WIDTH=32:B_SIGNED=0:B_WIDTH=32:Y_WIDTH=1:394426c56d1a028ba8fdd5469b163e04011def47.
Using template $extern:wrap:$ge:A_SIGNED=0:A_WIDTH=32:B_SIGNED=0:B_WIDTH=32:Y_WIDTH=1:394426c56d1a028ba8fdd5469b163e04011def47 for cells of type $extern:wrap:$ge:A_SIGNED=0:A_WIDTH=32:B_SIGNED=0:B_WIDTH=32:Y_WIDTH=1:394426c56d1a028ba8fdd5469b163e04011def47.
Running "alumacc" on wrapper $extern:wrap:$add:A_SIGNED=0:A_WIDTH=32:B_SIGNED=0:B_WIDTH=32:Y_WIDTH=32:394426c56d1a028ba8fdd5469b163e04011def47.
Using template $extern:wrap:$add:A_SIGNED=0:A_WIDTH=32:B_SIGNED=0:B_WIDTH=32:Y_WIDTH=32:394426c56d1a028ba8fdd5469b163e04011def47 for cells of type $extern:wrap:$add:A_SIGNED=0:A_WIDTH=32:B_SIGNED=0:B_WIDTH=32:Y_WIDTH=32:394426c56d1a028ba8fdd5469b163e04011def47.
Using extmapper simplemap for cells of type $dffe.
Using extmapper simplemap for cells of type $reduce_bool.
Running "alumacc" on wrapper $extern:wrap:$sub:A_SIGNED=0:A_WIDTH=34:B_SIGNED=0:B_WIDTH=34:Y_WIDTH=34:394426c56d1a028ba8fdd5469b163e04011def47.
Using template $extern:wrap:$sub:A_SIGNED=0:A_WIDTH=34:B_SIGNED=0:B_WIDTH=34:Y_WIDTH=34:394426c56d1a028ba8fdd5469b163e04011def47 for cells of type $extern:wrap:$sub:A_SIGNED=0:A_WIDTH=34:B_SIGNED=0:B_WIDTH=34:Y_WIDTH=34:394426c56d1a028ba8fdd5469b163e04011def47.
Running "alumacc" on wrapper $extern:wrap:$add:A_SIGNED=0:A_WIDTH=6:B_SIGNED=0:B_WIDTH=6:Y_WIDTH=6:394426c56d1a028ba8fdd5469b163e04011def47.
Using template $extern:wrap:$add:A_SIGNED=0:A_WIDTH=6:B_SIGNED=0:B_WIDTH=6:Y_WIDTH=6:394426c56d1a028ba8fdd5469b163e04011def47 for cells of type $extern:wrap:$add:A_SIGNED=0:A_WIDTH=6:B_SIGNED=0:B_WIDTH=6:Y_WIDTH=6:394426c56d1a028ba8fdd5469b163e04011def47.
Running "alumacc" on wrapper $extern:wrap:$add:A_SIGNED=0:A_WIDTH=33:B_SIGNED=0:B_WIDTH=33:Y_WIDTH=33:394426c56d1a028ba8fdd5469b163e04011def47.
Using template $extern:wrap:$add:A_SIGNED=0:A_WIDTH=33:B_SIGNED=0:B_WIDTH=33:Y_WIDTH=33:394426c56d1a028ba8fdd5469b163e04011def47 for cells of type $extern:wrap:$add:A_SIGNED=0:A_WIDTH=33:B_SIGNED=0:B_WIDTH=33:Y_WIDTH=33:394426c56d1a028ba8fdd5469b163e04011def47.
Using template $paramod$constmap:cc9ead60583c9800ab8536dcfb0d4209a062238f$paramod$7b0bb309dce042ecaf2e0bfa495da988fc49fdf1\_90_shift_ops_shr_shl_sshl_sshr for cells of type $shl.
Running "alumacc" on wrapper $extern:wrap:$add:A_SIGNED=0:A_WIDTH=64:B_SIGNED=0:B_WIDTH=64:Y_WIDTH=64:394426c56d1a028ba8fdd5469b163e04011def47.
Using template $extern:wrap:$add:A_SIGNED=0:A_WIDTH=64:B_SIGNED=0:B_WIDTH=64:Y_WIDTH=64:394426c56d1a028ba8fdd5469b163e04011def47 for cells of type $extern:wrap:$add:A_SIGNED=0:A_WIDTH=64:B_SIGNED=0:B_WIDTH=64:Y_WIDTH=64:394426c56d1a028ba8fdd5469b163e04011def47.
Using template $paramod$871b1637e2a0322d7216dfe7f3515386c39ed63c\_90_pmux for cells of type $pmux.
Using template $paramod$645fe0cc96ae5edb83bff90cc2c78f4a20ca3e3c\_90_pmux for cells of type $pmux.
Using template $paramod$54d740639e1393b22262823179ff783ea9f17a35\_90_pmux for cells of type $pmux.
Using template $paramod$cc1e387d9d5ac1d3f6e6bed180038d9c0ac48d0c\_90_pmux for cells of type $pmux.
Using template $paramod$104d3d1e82b09b030a785dad8a5e608a6d4401f7\_90_pmux for cells of type $pmux.
Using template $paramod$c5c783b17ab1d780abfad8cfe6563a0a7b47a3b0\_90_pmux for cells of type $pmux.
Using template $paramod$97565c3687be688407d1272a293bd9d0ae6852dc\_90_pmux for cells of type $pmux.
Using template $paramod$4fe6558ca5dbce8e35661465c5ec60854ca25402\_90_pmux for cells of type $pmux.
Using template $paramod$521ce43182eecb9f60c72393a788160d2c356bf5\_90_pmux for cells of type $pmux.
Using template $paramod$ed0bb9616228df1e6c226f91f8133e751815f1b1\_90_pmux for cells of type $pmux.
Using template $paramod$eaeb96106163dbf82031649d189817109fe07c69\_90_pmux for cells of type $pmux.
Using template $paramod$c96def1cdcef2eee3c62e5dfb7ba2dd09c9f74dd\_90_pmux for cells of type $pmux.
Running "alumacc" on wrapper $extern:wrap:$neg:A_SIGNED=0:A_WIDTH=34:Y_WIDTH=34:394426c56d1a028ba8fdd5469b163e04011def47.
Using template $extern:wrap:$neg:A_SIGNED=0:A_WIDTH=34:Y_WIDTH=34:394426c56d1a028ba8fdd5469b163e04011def47 for cells of type $extern:wrap:$neg:A_SIGNED=0:A_WIDTH=34:Y_WIDTH=34:394426c56d1a028ba8fdd5469b163e04011def47.
Running "alumacc" on wrapper $extern:wrap:$neg:A_SIGNED=0:A_WIDTH=33:Y_WIDTH=33:394426c56d1a028ba8fdd5469b163e04011def47.
Using template $extern:wrap:$neg:A_SIGNED=0:A_WIDTH=33:Y_WIDTH=33:394426c56d1a028ba8fdd5469b163e04011def47 for cells of type $extern:wrap:$neg:A_SIGNED=0:A_WIDTH=33:Y_WIDTH=33:394426c56d1a028ba8fdd5469b163e04011def47.
Running "alumacc" on wrapper $extern:wrap:$neg:A_SIGNED=0:A_WIDTH=32:Y_WIDTH=32:394426c56d1a028ba8fdd5469b163e04011def47.
Using template $extern:wrap:$neg:A_SIGNED=0:A_WIDTH=32:Y_WIDTH=32:394426c56d1a028ba8fdd5469b163e04011def47 for cells of type $extern:wrap:$neg:A_SIGNED=0:A_WIDTH=32:Y_WIDTH=32:394426c56d1a028ba8fdd5469b163e04011def47.
Using template $paramod$33afdd83bf3811dac2de7a968d39eea5718691bc\_90_pmux for cells of type $pmux.
Using template $paramod$56f7ce6d87f8add68ca646dc02d7695a3189f8e5\_90_pmux for cells of type $pmux.
Using template $paramod$eb7b5fa594d21f32e2ff3bd05b81752f0f326d5f\_90_pmux for cells of type $pmux.
Using template $paramod$068ad458e7761d78e5eed8238508872e7b0aef95\_90_pmux for cells of type $pmux.
Using template $paramod$c2e415ef15bc3ccd2723772353a6b450d3d76206\_90_pmux for cells of type $pmux.
Using template $paramod$d629d85c8826a74239b9178d1930215a43b0ceb0\_90_pmux for cells of type $pmux.
Using template $paramod$bf541dd3c0ba8228982b61e7bfbc350a2c253f4c\_90_pmux for cells of type $pmux.
Using template $paramod$403d07c18de10cda2ac652a859c56aea81aaf9b5\_90_alu for cells of type $alu.
Using template $paramod$63301a5e78ceb1f2c17a4ac1894f292ed5701c1f\_90_demux for cells of type $demux.
Using template $paramod$46c272b461898a6a76adeeeedb0917ce1a81b478\_90_demux for cells of type $demux.
Using extmapper simplemap for cells of type $pos.
Using template $paramod$030af2d453228ec4a0bf9aab9aacebf7dbcaada7\_90_alu for cells of type $alu.
Using template $paramod$fbc7873bff55778c0b3173955b7e4bce1d9d6834\_90_alu for cells of type $alu.
Using template $paramod$2653f68ddb8eab7b1907b4a20767b72a824a7a36\_90_alu for cells of type $alu.
Using template $paramod$dbef6e48cd28208af1b77a9bd7dfc80580f16131\_90_alu for cells of type $alu.
Using template $paramod$00298f3f8094950cb9a5ff2fda48d0d8bde8806c\_90_alu for cells of type $alu.
Using template $paramod$cc6a978c1b57cdb49efcec348c88d8e28bf1a01f\_90_alu for cells of type $alu.
Using template $paramod$039520c137afc9cd69dd56c3fb11a4e1fbe5f664\_90_alu for cells of type $alu.
Using template $paramod$5df00d937acb7eec974af336d757aff1e7061109\_90_alu for cells of type $alu.
Using template $paramod$e3e2a2ae1e4d598b5e0e0be67cc1104653ecf8c1\_90_alu for cells of type $alu.
Using template $paramod$c6baa65225090ac0a120feab1b920965244aa496\_90_alu for cells of type $alu.
Using template $paramod\_90_fa\WIDTH=32'00000000000000000000000000011110 for cells of type $fa.
Using template $paramod\_90_lcu_brent_kung\WIDTH=32'00000000000000000000000000011110 for cells of type $lcu.
Using template $paramod$5d1d2614b24accd0f9d06c4779fd9ef771faf494\_90_demux for cells of type $demux.
Using template $paramod\_90_fa\WIDTH=32'00000000000000000000000000000110 for cells of type $fa.
Using template $paramod\_90_lcu_brent_kung\WIDTH=32'00000000000000000000000000000110 for cells of type $lcu.
Using template $paramod\_90_fa\WIDTH=32'00000000000000000000000000100000 for cells of type $fa.
Using template $paramod\_90_lcu_brent_kung\WIDTH=32'00000000000000000000000000100000 for cells of type $lcu.
Using template $paramod\_90_fa\WIDTH=32'00000000000000000000000000100010 for cells of type $fa.
Using template $paramod\_90_lcu_brent_kung\WIDTH=32'00000000000000000000000000100010 for cells of type $lcu.
Using template $paramod\_90_fa\WIDTH=32'00000000000000000000000000100001 for cells of type $fa.
Using template $paramod\_90_lcu_brent_kung\WIDTH=32'00000000000000000000000000100001 for cells of type $lcu.
Using template $paramod\_90_fa\WIDTH=32'00000000000000000000000001000000 for cells of type $fa.
Using template $paramod\_90_lcu_brent_kung\WIDTH=32'00000000000000000000000001000000 for cells of type $lcu.
No more expansions possible.
<suppressed ~8513 debug messages>

8. Executing OPT pass (performing simple optimizations).

8.1. Executing OPT_EXPR pass (perform const folding).
Optimizing module rv32im_core.
<suppressed ~11360 debug messages>

8.2. Executing OPT_MERGE pass (detect identical cells).
Finding identical cells in module `\rv32im_core'.
<suppressed ~6858 debug messages>
Removed a total of 2286 cells.

8.3. Executing OPT_DFF pass (perform DFF optimizations).
Adding EN signal on $auto$ff.cc:266:slice$5591 ($_DFFE_PN0P_) from module rv32im_core (D = \u_mem_stage.reg_memwb [63], Q = \u_regfile.g_rf_flop.reg_file [1023]).
Adding EN signal on $auto$ff.cc:266:slice$5623 ($_DFFE_PN0P_) from module rv32im_core (D = \u_mem_stage.reg_memwb [63], Q = \u_regfile.g_rf_flop.reg_file [703]).
Adding EN signal on $auto$ff.cc:266:slice$5655 ($_DFFE_PN0P_) from module rv32im_core (D = \u_mem_stage.reg_memwb [63], Q = \u_regfile.g_rf_flop.reg_file [671]).
Adding EN signal on $auto$ff.cc:266:slice$5687 ($_DFFE_PN0P_) from module rv32im_core (D = \u_mem_stage.reg_memwb [63], Q = \u_regfile.g_rf_flop.reg_file [639]).
Adding EN signal on $auto$ff.cc:266:slice$5719 ($_DFFE_PN0P_) from module rv32im_core (D = \u_mem_stage.reg_memwb [63], Q = \u_regfile.g_rf_flop.reg_file [607]).
Adding EN signal on $auto$ff.cc:266:slice$5751 ($_DFFE_PN0P_) from module rv32im_core (D = \u_mem_stage.reg_memwb [63], Q = \u_regfile.g_rf_flop.reg_file [575]).
Adding EN signal on $auto$ff.cc:266:slice$5783 ($_DFFE_PN0P_) from module rv32im_core (D = \u_mem_stage.reg_memwb [63], Q = \u_regfile.g_rf_flop.reg_file [543]).
Adding EN signal on $auto$ff.cc:266:slice$5815 ($_DFFE_PN0P_) from module rv32im_core (D = \u_mem_stage.reg_memwb [63], Q = \u_regfile.g_rf_flop.reg_file [511]).
Adding EN signal on $auto$ff.cc:266:slice$5847 ($_DFFE_PN0P_) from module rv32im_core (D = \u_mem_stage.reg_memwb [63], Q = \u_regfile.g_rf_flop.reg_file [479]).
Adding EN signal on $auto$ff.cc:266:slice$5879 ($_DFFE_PN0P_) from module rv32im_core (D = \u_mem_stage.reg_memwb [63], Q = \u_regfile.g_rf_flop.reg_file [447]).
Adding EN signal on $auto$ff.cc:266:slice$5303 ($_DFFE_PN0P_) from module rv32im_core (D = \u_mem_stage.reg_memwb [63], Q = \u_regfile.g_rf_flop.reg_file [415]).
Adding EN signal on $auto$ff.cc:266:slice$5911 ($_DFFE_PN0P_) from module rv32im_core (D = \u_mem_stage.reg_memwb [63], Q = \u_regfile.g_rf_flop.reg_file [991]).
Adding EN signal on $auto$ff.cc:266:slice$5943 ($_DFFE_PN0P_) from module rv32im_core (D = \u_mem_stage.reg_memwb [63], Q = \u_regfile.g_rf_flop.reg_file [383]).
Adding EN signal on $auto$ff.cc:266:slice$5975 ($_DFFE_PN0P_) from module rv32im_core (D = \u_mem_stage.reg_memwb [63], Q = \u_regfile.g_rf_flop.reg_file [351]).
Adding EN signal on $auto$ff.cc:266:slice$6007 ($_DFFE_PN0P_) from module rv32im_core (D = \u_mem_stage.reg_memwb [63], Q = \u_regfile.g_rf_flop.reg_file [319]).
Adding EN signal on $auto$ff.cc:266:slice$6039 ($_DFFE_PN0P_) from module rv32im_core (D = \u_mem_stage.reg_memwb [63], Q = \u_regfile.g_rf_flop.reg_file [287]).
Adding EN signal on $auto$ff.cc:266:slice$6071 ($_DFFE_PN0P_) from module rv32im_core (D = \u_mem_stage.reg_memwb [63], Q = \u_regfile.g_rf_flop.reg_file [255]).
Adding EN signal on $auto$ff.cc:266:slice$6103 ($_DFFE_PN0P_) from module rv32im_core (D = \u_mem_stage.reg_memwb [63], Q = \u_regfile.g_rf_flop.reg_file [223]).
Adding EN signal on $auto$ff.cc:266:slice$6135 ($_DFFE_PN0P_) from module rv32im_core (D = \u_mem_stage.reg_memwb [63], Q = \u_regfile.g_rf_flop.reg_file [191]).
Adding EN signal on $auto$ff.cc:266:slice$6167 ($_DFFE_PN0P_) from module rv32im_core (D = \u_mem_stage.reg_memwb [63], Q = \u_regfile.g_rf_flop.reg_file [159]).
Adding EN signal on $auto$ff.cc:266:slice$6199 ($_DFFE_PN0P_) from module rv32im_core (D = \u_mem_stage.reg_memwb [63], Q = \u_regfile.g_rf_flop.reg_file [127]).
Adding EN signal on $auto$ff.cc:266:slice$5335 ($_DFFE_PN0P_) from module rv32im_core (D = \u_mem_stage.reg_memwb [63], Q = \u_regfile.g_rf_flop.reg_file [95]).
Adding EN signal on $auto$ff.cc:266:slice$6231 ($_DFFE_PN0P_) from module rv32im_core (D = \u_mem_stage.reg_memwb [63], Q = \u_regfile.g_rf_flop.reg_file [959]).
Adding EN signal on $auto$ff.cc:266:slice$6263 ($_DFFE_PN0P_) from module rv32im_core (D = \u_mem_stage.reg_memwb [63], Q = \u_regfile.g_rf_flop.reg_file [63]).
Adding EN signal on $auto$ff.cc:266:slice$5367 ($_DFFE_PN0P_) from module rv32im_core (D = \u_mem_stage.reg_memwb [63], Q = \u_regfile.g_rf_flop.reg_file [31]).
Adding EN signal on $auto$ff.cc:266:slice$5399 ($_DFFE_PN0P_) from module rv32im_core (D = \u_mem_stage.reg_memwb [63], Q = \u_regfile.g_rf_flop.reg_file [927]).
Adding EN signal on $auto$ff.cc:266:slice$5431 ($_DFFE_PN0P_) from module rv32im_core (D = \u_mem_stage.reg_memwb [63], Q = \u_regfile.g_rf_flop.reg_file [895]).
Adding EN signal on $auto$ff.cc:266:slice$5463 ($_DFFE_PN0P_) from module rv32im_core (D = \u_mem_stage.reg_memwb [63], Q = \u_regfile.g_rf_flop.reg_file [863]).
Adding EN signal on $auto$ff.cc:266:slice$5495 ($_DFFE_PN0P_) from module rv32im_core (D = \u_mem_stage.reg_memwb [63], Q = \u_regfile.g_rf_flop.reg_file [831]).
Adding EN signal on $auto$ff.cc:266:slice$5527 ($_DFFE_PN0P_) from module rv32im_core (D = \u_mem_stage.reg_memwb [63], Q = \u_regfile.g_rf_flop.reg_file [799]).
Adding EN signal on $auto$ff.cc:266:slice$5559 ($_DFFE_PN0P_) from module rv32im_core (D = \u_mem_stage.reg_memwb [63], Q = \u_regfile.g_rf_flop.reg_file [767]).
Adding EN signal on $auto$ff.cc:266:slice$14262 ($_DFFE_PN0P_) from module rv32im_core (D = \u_mem_stage.reg_memwb [63], Q = \u_regfile.g_rf_flop.reg_file [735]).
Adding EN signal on $auto$ff.cc:266:slice$5272 ($_DFFE_PN0P_) from module rv32im_core (D = \u_mem_stage.reg_memwb [32], Q = \u_regfile.g_rf_flop.reg_file [384]).
Adding EN signal on $auto$ff.cc:266:slice$5273 ($_DFFE_PN0P_) from module rv32im_core (D = \u_mem_stage.reg_memwb [33], Q = \u_regfile.g_rf_flop.reg_file [385]).
Adding EN signal on $auto$ff.cc:266:slice$5274 ($_DFFE_PN0P_) from module rv32im_core (D = \u_mem_stage.reg_memwb [34], Q = \u_regfile.g_rf_flop.reg_file [386]).
Adding EN signal on $auto$ff.cc:266:slice$5275 ($_DFFE_PN0P_) from module rv32im_core (D = \u_mem_stage.reg_memwb [35], Q = \u_regfile.g_rf_flop.reg_file [387]).
Adding EN signal on $auto$ff.cc:266:slice$5276 ($_DFFE_PN0P_) from module rv32im_core (D = \u_mem_stage.reg_memwb [36], Q = \u_regfile.g_rf_flop.reg_file [388]).
Adding EN signal on $auto$ff.cc:266:slice$5277 ($_DFFE_PN0P_) from module rv32im_core (D = \u_mem_stage.reg_memwb [37], Q = \u_regfile.g_rf_flop.reg_file [389]).
Adding EN signal on $auto$ff.cc:266:slice$5278 ($_DFFE_PN0P_) from module rv32im_core (D = \u_mem_stage.reg_memwb [38], Q = \u_regfile.g_rf_flop.reg_file [390]).
Adding EN signal on $auto$ff.cc:266:slice$5279 ($_DFFE_PN0P_) from module rv32im_core (D = \u_mem_stage.reg_memwb [39], Q = \u_regfile.g_rf_flop.reg_file [391]).
Adding EN signal on $auto$ff.cc:266:slice$5280 ($_DFFE_PN0P_) from module rv32im_core (D = \u_mem_stage.reg_memwb [40], Q = \u_regfile.g_rf_flop.reg_file [392]).
Adding EN signal on $auto$ff.cc:266:slice$5281 ($_DFFE_PN0P_) from module rv32im_core (D = \u_mem_stage.reg_memwb [41], Q = \u_regfile.g_rf_flop.reg_file [393]).
Adding EN signal on $auto$ff.cc:266:slice$5282 ($_DFFE_PN0P_) from module rv32im_core (D = \u_mem_stage.reg_memwb [42], Q = \u_regfile.g_rf_flop.reg_file [394]).
Adding EN signal on $auto$ff.cc:266:slice$5283 ($_DFFE_PN0P_) from module rv32im_core (D = \u_mem_stage.reg_memwb [43], Q = \u_regfile.g_rf_flop.reg_file [395]).
Adding EN signal on $auto$ff.cc:266:slice$5284 ($_DFFE_PN0P_) from module rv32im_core (D = \u_mem_stage.reg_memwb [44], Q = \u_regfile.g_rf_flop.reg_file [396]).
Adding EN signal on $auto$ff.cc:266:slice$5285 ($_DFFE_PN0P_) from module rv32im_core (D = \u_mem_stage.reg_memwb [45], Q = \u_regfile.g_rf_flop.reg_file [397]).
Adding EN signal on $auto$ff.cc:266:slice$5286 ($_DFFE_PN0P_) from module rv32im_core (D = \u_mem_stage.reg_memwb [46], Q = \u_regfile.g_rf_flop.reg_file [398]).
Adding EN signal on $auto$ff.cc:266:slice$5287 ($_DFFE_PN0P_) from module rv32im_core (D = \u_mem_stage.reg_memwb [47], Q = \u_regfile.g_rf_flop.reg_file [399]).
Adding EN signal on $auto$ff.cc:266:slice$5288 ($_DFFE_PN0P_) from module rv32im_core (D = \u_mem_stage.reg_memwb [48], Q = \u_regfile.g_rf_flop.reg_file [400]).
Adding EN signal on $auto$ff.cc:266:slice$5289 ($_DFFE_PN0P_) from module rv32im_core (D = \u_mem_stage.reg_memwb [49], Q = \u_regfile.g_rf_flop.reg_file [401]).
Adding EN signal on $auto$ff.cc:266:slice$5290 ($_DFFE_PN0P_) from module rv32im_core (D = \u_mem_stage.reg_memwb [50], Q = \u_regfile.g_rf_flop.reg_file [402]).
Adding EN signal on $auto$ff.cc:266:slice$5291 ($_DFFE_PN0P_) from module rv32im_core (D = \u_mem_stage.reg_memwb [51], Q = \u_regfile.g_rf_flop.reg_file [403]).
Adding EN signal on $auto$ff.cc:266:slice$5292 ($_DFFE_PN0P_) from module rv32im_core (D = \u_mem_stage.reg_memwb [52], Q = \u_regfile.g_rf_flop.reg_file [404]).
Adding EN signal on $auto$ff.cc:266:slice$5293 ($_DFFE_PN0P_) from module rv32im_core (D = \u_mem_stage.reg_memwb [53], Q = \u_regfile.g_rf_flop.reg_file [405]).
Adding EN signal on $auto$ff.cc:266:slice$5294 ($_DFFE_PN0P_) from module rv32im_core (D = \u_mem_stage.reg_memwb [54], Q = \u_regfile.g_rf_flop.reg_file [406]).
Adding EN signal on $auto$ff.cc:266:slice$5295 ($_DFFE_PN0P_) from module rv32im_core (D = \u_mem_stage.reg_memwb [55], Q = \u_regfile.g_rf_flop.reg_file [407]).
Adding EN signal on $auto$ff.cc:266:slice$5296 ($_DFFE_PN0P_) from module rv32im_core (D = \u_mem_stage.reg_memwb [56], Q = \u_regfile.g_rf_flop.reg_file [408]).
Adding EN signal on $auto$ff.cc:266:slice$5297 ($_DFFE_PN0P_) from module rv32im_core (D = \u_mem_stage.reg_memwb [57], Q = \u_regfile.g_rf_flop.reg_file [409]).
Adding EN signal on $auto$ff.cc:266:slice$5298 ($_DFFE_PN0P_) from module rv32im_core (D = \u_mem_stage.reg_memwb [58], Q = \u_regfile.g_rf_flop.reg_file [410]).
Adding EN signal on $auto$ff.cc:266:slice$5299 ($_DFFE_PN0P_) from module rv32im_core (D = \u_mem_stage.reg_memwb [59], Q = \u_regfile.g_rf_flop.reg_file [411]).
Adding EN signal on $auto$ff.cc:266:slice$5300 ($_DFFE_PN0P_) from module rv32im_core (D = \u_mem_stage.reg_memwb [60], Q = \u_regfile.g_rf_flop.reg_file [412]).
Adding EN signal on $auto$ff.cc:266:slice$5301 ($_DFFE_PN0P_) from module rv32im_core (D = \u_mem_stage.reg_memwb [61], Q = \u_regfile.g_rf_flop.reg_file [413]).
Adding EN signal on $auto$ff.cc:266:slice$5302 ($_DFFE_PN0P_) from module rv32im_core (D = \u_mem_stage.reg_memwb [62], Q = \u_regfile.g_rf_flop.reg_file [414]).
Adding EN signal on $auto$ff.cc:266:slice$5304 ($_DFFE_PN0P_) from module rv32im_core (D = \u_mem_stage.reg_memwb [32], Q = \u_regfile.g_rf_flop.reg_file [64]).
Adding EN signal on $auto$ff.cc:266:slice$5305 ($_DFFE_PN0P_) from module rv32im_core (D = \u_mem_stage.reg_memwb [33], Q = \u_regfile.g_rf_flop.reg_file [65]).
Adding EN signal on $auto$ff.cc:266:slice$5306 ($_DFFE_PN0P_) from module rv32im_core (D = \u_mem_stage.reg_memwb [34], Q = \u_regfile.g_rf_flop.reg_file [66]).
Adding EN signal on $auto$ff.cc:266:slice$5307 ($_DFFE_PN0P_) from module rv32im_core (D = \u_mem_stage.reg_memwb [35], Q = \u_regfile.g_rf_flop.reg_file [67]).
Adding EN signal on $auto$ff.cc:266:slice$5308 ($_DFFE_PN0P_) from module rv32im_core (D = \u_mem_stage.reg_memwb [36], Q = \u_regfile.g_rf_flop.reg_file [68]).
Adding EN signal on $auto$ff.cc:266:slice$5309 ($_DFFE_PN0P_) from module rv32im_core (D = \u_mem_stage.reg_memwb [37], Q = \u_regfile.g_rf_flop.reg_file [69]).
Adding EN signal on $auto$ff.cc:266:slice$5310 ($_DFFE_PN0P_) from module rv32im_core (D = \u_mem_stage.reg_memwb [38], Q = \u_regfile.g_rf_flop.reg_file [70]).
Adding EN signal on $auto$ff.cc:266:slice$5311 ($_DFFE_PN0P_) from module rv32im_core (D = \u_mem_stage.reg_memwb [39], Q = \u_regfile.g_rf_flop.reg_file [71]).
Adding EN signal on $auto$ff.cc:266:slice$5312 ($_DFFE_PN0P_) from module rv32im_core (D = \u_mem_stage.reg_memwb [40], Q = \u_regfile.g_rf_flop.reg_file [72]).
Adding EN signal on $auto$ff.cc:266:slice$5313 ($_DFFE_PN0P_) from module rv32im_core (D = \u_mem_stage.reg_memwb [41], Q = \u_regfile.g_rf_flop.reg_file [73]).
Adding EN signal on $auto$ff.cc:266:slice$5314 ($_DFFE_PN0P_) from module rv32im_core (D = \u_mem_stage.reg_memwb [42], Q = \u_regfile.g_rf_flop.reg_file [74]).
Adding EN signal on $auto$ff.cc:266:slice$5315 ($_DFFE_PN0P_) from module rv32im_core (D = \u_mem_stage.reg_memwb [43], Q = \u_regfile.g_rf_flop.reg_file [75]).
Adding EN signal on $auto$ff.cc:266:slice$5316 ($_DFFE_PN0P_) from module rv32im_core (D = \u_mem_stage.reg_memwb [44], Q = \u_regfile.g_rf_flop.reg_file [76]).
Adding EN signal on $auto$ff.cc:266:slice$5317 ($_DFFE_PN0P_) from module rv32im_core (D = \u_mem_stage.reg_memwb [45], Q = \u_regfile.g_rf_flop.reg_file [77]).
Adding EN signal on $auto$ff.cc:266:slice$5318 ($_DFFE_PN0P_) from module rv32im_core (D = \u_mem_stage.reg_memwb [46], Q = \u_regfile.g_rf_flop.reg_file [78]).
Adding EN signal on $auto$ff.cc:266:slice$5319 ($_DFFE_PN0P_) from module rv32im_core (D = \u_mem_stage.reg_memwb [47], Q = \u_regfile.g_rf_flop.reg_file [79]).
Adding EN signal on $auto$ff.cc:266:slice$5320 ($_DFFE_PN0P_) from module rv32im_core (D = \u_mem_stage.reg_memwb [48], Q = \u_regfile.g_rf_flop.reg_file [80]).
Adding EN signal on $auto$ff.cc:266:slice$5321 ($_DFFE_PN0P_) from module rv32im_core (D = \u_mem_stage.reg_memwb [49], Q = \u_regfile.g_rf_flop.reg_file [81]).
Adding EN signal on $auto$ff.cc:266:slice$5322 ($_DFFE_PN0P_) from module rv32im_core (D = \u_mem_stage.reg_memwb [50], Q = \u_regfile.g_rf_flop.reg_file [82]).
Adding EN signal on $auto$ff.cc:266:slice$5323 ($_DFFE_PN0P_) from module rv32im_core (D = \u_mem_stage.reg_memwb [51], Q = \u_regfile.g_rf_flop.reg_file [83]).
Adding EN signal on $auto$ff.cc:266:slice$5324 ($_DFFE_PN0P_) from module rv32im_core (D = \u_mem_stage.reg_memwb [52], Q = \u_regfile.g_rf_flop.reg_file [84]).
Adding EN signal on $auto$ff.cc:266:slice$5325 ($_DFFE_PN0P_) from module rv32im_core (D = \u_mem_stage.reg_memwb [53], Q = \u_regfile.g_rf_flop.reg_file [85]).
Adding EN signal on $auto$ff.cc:266:slice$5326 ($_DFFE_PN0P_) from module rv32im_core (D = \u_mem_stage.reg_memwb [54], Q = \u_regfile.g_rf_flop.reg_file [86]).
Adding EN signal on $auto$ff.cc:266:slice$5327 ($_DFFE_PN0P_) from module rv32im_core (D = \u_mem_stage.reg_memwb [55], Q = \u_regfile.g_rf_flop.reg_file [87]).
Adding EN signal on $auto$ff.cc:266:slice$5328 ($_DFFE_PN0P_) from module rv32im_core (D = \u_mem_stage.reg_memwb [56], Q = \u_regfile.g_rf_flop.reg_file [88]).
Adding EN signal on $auto$ff.cc:266:slice$5329 ($_DFFE_PN0P_) from module rv32im_core (D = \u_mem_stage.reg_memwb [57], Q = \u_regfile.g_rf_flop.reg_file [89]).
Adding EN signal on $auto$ff.cc:266:slice$5330 ($_DFFE_PN0P_) from module rv32im_core (D = \u_mem_stage.reg_memwb [58], Q = \u_regfile.g_rf_flop.reg_file [90]).
Adding EN signal on $auto$ff.cc:266:slice$5331 ($_DFFE_PN0P_) from module rv32im_core (D = \u_mem_stage.reg_memwb [59], Q = \u_regfile.g_rf_flop.reg_file [91]).
Adding EN signal on $auto$ff.cc:266:slice$5332 ($_DFFE_PN0P_) from module rv32im_core (D = \u_mem_stage.reg_memwb [60], Q = \u_regfile.g_rf_flop.reg_file [92]).
Adding EN signal on $auto$ff.cc:266:slice$5333 ($_DFFE_PN0P_) from module rv32im_core (D = \u_mem_stage.reg_memwb [61], Q = \u_regfile.g_rf_flop.reg_file [93]).
Adding EN signal on $auto$ff.cc:266:slice$5334 ($_DFFE_PN0P_) from module rv32im_core (D = \u_mem_stage.reg_memwb [62], Q = \u_regfile.g_rf_flop.reg_file [94]).
Adding EN signal on $auto$ff.cc:266:slice$5336 ($_DFFE_PN0P_) from module rv32im_core (D = \u_mem_stage.reg_memwb [32], Q = \u_regfile.g_rf_flop.reg_file [0]).
Adding EN signal on $auto$ff.cc:266:slice$5337 ($_DFFE_PN0P_) from module rv32im_core (D = \u_mem_stage.reg_memwb [33], Q = \u_regfile.g_rf_flop.reg_file [1]).
Adding EN signal on $auto$ff.cc:266:slice$5338 ($_DFFE_PN0P_) from module rv32im_core (D = \u_mem_stage.reg_memwb [34], Q = \u_regfile.g_rf_flop.reg_file [2]).
Adding EN signal on $auto$ff.cc:266:slice$5339 ($_DFFE_PN0P_) from module rv32im_core (D = \u_mem_stage.reg_memwb [35], Q = \u_regfile.g_rf_flop.reg_file [3]).
Adding EN signal on $auto$ff.cc:266:slice$5340 ($_DFFE_PN0P_) from module rv32im_core (D = \u_mem_stage.reg_memwb [36], Q = \u_regfile.g_rf_flop.reg_file [4]).
Adding EN signal on $auto$ff.cc:266:slice$5341 ($_DFFE_PN0P_) from module rv32im_core (D = \u_mem_stage.reg_memwb [37], Q = \u_regfile.g_rf_flop.reg_file [5]).
Adding EN signal on $auto$ff.cc:266:slice$5342 ($_DFFE_PN0P_) from module rv32im_core (D = \u_mem_stage.reg_memwb [38], Q = \u_regfile.g_rf_flop.reg_file [6]).
Adding EN signal on $auto$ff.cc:266:slice$5343 ($_DFFE_PN0P_) from module rv32im_core (D = \u_mem_stage.reg_memwb [39], Q = \u_regfile.g_rf_flop.reg_file [7]).
Adding EN signal on $auto$ff.cc:266:slice$5344 ($_DFFE_PN0P_) from module rv32im_core (D = \u_mem_stage.reg_memwb [40], Q = \u_regfile.g_rf_flop.reg_file [8]).
Adding EN signal on $auto$ff.cc:266:slice$5345 ($_DFFE_PN0P_) from module rv32im_core (D = \u_mem_stage.reg_memwb [41], Q = \u_regfile.g_rf_flop.reg_file [9]).
Adding EN signal on $auto$ff.cc:266:slice$5346 ($_DFFE_PN0P_) from module rv32im_core (D = \u_mem_stage.reg_memwb [42], Q = \u_regfile.g_rf_flop.reg_file [10]).
Adding EN signal on $auto$ff.cc:266:slice$5347 ($_DFFE_PN0P_) from module rv32im_core (D = \u_mem_stage.reg_memwb [43], Q = \u_regfile.g_rf_flop.reg_file [11]).
Adding EN signal on $auto$ff.cc:266:slice$5348 ($_DFFE_PN0P_) from module rv32im_core (D = \u_mem_stage.reg_memwb [44], Q = \u_regfile.g_rf_flop.reg_file [12]).
Adding EN signal on $auto$ff.cc:266:slice$5349 ($_DFFE_PN0P_) from module rv32im_core (D = \u_mem_stage.reg_memwb [45], Q = \u_regfile.g_rf_flop.reg_file [13]).
Adding EN signal on $auto$ff.cc:266:slice$5350 ($_DFFE_PN0P_) from module rv32im_core (D = \u_mem_stage.reg_memwb [46], Q = \u_regfile.g_rf_flop.reg_file [14]).
Adding EN signal on $auto$ff.cc:266:slice$5351 ($_DFFE_PN0P_) from module rv32im_core (D = \u_mem_stage.reg_memwb [47], Q = \u_regfile.g_rf_flop.reg_file [15]).
Adding EN signal on $auto$ff.cc:266:slice$5352 ($_DFFE_PN0P_) from module rv32im_core (D = \u_mem_stage.reg_memwb [48], Q = \u_regfile.g_rf_flop.reg_file [16]).
Adding EN signal on $auto$ff.cc:266:slice$5353 ($_DFFE_PN0P_) from module rv32im_core (D = \u_mem_stage.reg_memwb [49], Q = \u_regfile.g_rf_flop.reg_file [17]).
Adding EN signal on $auto$ff.cc:266:slice$5354 ($_DFFE_PN0P_) from module rv32im_core (D = \u_mem_stage.reg_memwb [50], Q = \u_regfile.g_rf_flop.reg_file [18]).
Adding EN signal on $auto$ff.cc:266:slice$5355 ($_DFFE_PN0P_) from module rv32im_core (D = \u_mem_stage.reg_memwb [51], Q = \u_regfile.g_rf_flop.reg_file [19]).
Adding EN signal on $auto$ff.cc:266:slice$5356 ($_DFFE_PN0P_) from module rv32im_core (D = \u_mem_stage.reg_memwb [52], Q = \u_regfile.g_rf_flop.reg_file [20]).
Adding EN signal on $auto$ff.cc:266:slice$5357 ($_DFFE_PN0P_) from module rv32im_core (D = \u_mem_stage.reg_memwb [53], Q = \u_regfile.g_rf_flop.reg_file [21]).
Adding EN signal on $auto$ff.cc:266:slice$5358 ($_DFFE_PN0P_) from module rv32im_core (D = \u_mem_stage.reg_memwb [54], Q = \u_regfile.g_rf_flop.reg_file [22]).
Adding EN signal on $auto$ff.cc:266:slice$5359 ($_DFFE_PN0P_) from module rv32im_core (D = \u_mem_stage.reg_memwb [55], Q = \u_regfile.g_rf_flop.reg_file [23]).
Adding EN signal on $auto$ff.cc:266:slice$5360 ($_DFFE_PN0P_) from module rv32im_core (D = \u_mem_stage.reg_memwb [56], Q = \u_regfile.g_rf_flop.reg_file [24]).
Adding EN signal on $auto$ff.cc:266:slice$5361 ($_DFFE_PN0P_) from module rv32im_core (D = \u_mem_stage.reg_memwb [57], Q = \u_regfile.g_rf_flop.reg_file [25]).
Adding EN signal on $auto$ff.cc:266:slice$5362 ($_DFFE_PN0P_) from module rv32im_core (D = \u_mem_stage.reg_memwb [58], Q = \u_regfile.g_rf_flop.reg_file [26]).
Adding EN signal on $auto$ff.cc:266:slice$5363 ($_DFFE_PN0P_) from module rv32im_core (D = \u_mem_stage.reg_memwb [59], Q = \u_regfile.g_rf_flop.reg_file [27]).
Adding EN signal on $auto$ff.cc:266:slice$5364 ($_DFFE_PN0P_) from module rv32im_core (D = \u_mem_stage.reg_memwb [60], Q = \u_regfile.g_rf_flop.reg_file [28]).
Adding EN signal on $auto$ff.cc:266:slice$5365 ($_DFFE_PN0P_) from module rv32im_core (D = \u_mem_stage.reg_memwb [61], Q = \u_regfile.g_rf_flop.reg_file [29]).
Adding EN signal on $auto$ff.cc:266:slice$5366 ($_DFFE_PN0P_) from module rv32im_core (D = \u_mem_stage.reg_memwb [62], Q = \u_regfile.g_rf_flop.reg_file [30]).
Adding EN signal on $auto$ff.cc:266:slice$5368 ($_DFFE_PN0P_) from module rv32im_core (D = \u_mem_stage.reg_memwb [32], Q = \u_regfile.g_rf_flop.reg_file [896]).
Adding EN signal on $auto$ff.cc:266:slice$5369 ($_DFFE_PN0P_) from module rv32im_core (D = \u_mem_stage.reg_memwb [33], Q = \u_regfile.g_rf_flop.reg_file [897]).
Adding EN signal on $auto$ff.cc:266:slice$5370 ($_DFFE_PN0P_) from module rv32im_core (D = \u_mem_stage.reg_memwb [34], Q = \u_regfile.g_rf_flop.reg_file [898]).
Adding EN signal on $auto$ff.cc:266:slice$5371 ($_DFFE_PN0P_) from module rv32im_core (D = \u_mem_stage.reg_memwb [35], Q = \u_regfile.g_rf_flop.reg_file [899]).
Adding EN signal on $auto$ff.cc:266:slice$5372 ($_DFFE_PN0P_) from module rv32im_core (D = \u_mem_stage.reg_memwb [36], Q = \u_regfile.g_rf_flop.reg_file [900]).
Adding EN signal on $auto$ff.cc:266:slice$5373 ($_DFFE_PN0P_) from module rv32im_core (D = \u_mem_stage.reg_memwb [37], Q = \u_regfile.g_rf_flop.reg_file [901]).
Adding EN signal on $auto$ff.cc:266:slice$5374 ($_DFFE_PN0P_) from module rv32im_core (D = \u_mem_stage.reg_memwb [38], Q = \u_regfile.g_rf_flop.reg_file [902]).
Adding EN signal on $auto$ff.cc:266:slice$5375 ($_DFFE_PN0P_) from module rv32im_core (D = \u_mem_stage.reg_memwb [39], Q = \u_regfile.g_rf_flop.reg_file [903]).
Adding EN signal on $auto$ff.cc:266:slice$5376 ($_DFFE_PN0P_) from module rv32im_core (D = \u_mem_stage.reg_memwb [40], Q = \u_regfile.g_rf_flop.reg_file [904]).
Adding EN signal on $auto$ff.cc:266:slice$5377 ($_DFFE_PN0P_) from module rv32im_core (D = \u_mem_stage.reg_memwb [41], Q = \u_regfile.g_rf_flop.reg_file [905]).
Adding EN signal on $auto$ff.cc:266:slice$5378 ($_DFFE_PN0P_) from module rv32im_core (D = \u_mem_stage.reg_memwb [42], Q = \u_regfile.g_rf_flop.reg_file [906]).
Adding EN signal on $auto$ff.cc:266:slice$5379 ($_DFFE_PN0P_) from module rv32im_core (D = \u_mem_stage.reg_memwb [43], Q = \u_regfile.g_rf_flop.reg_file [907]).
Adding EN signal on $auto$ff.cc:266:slice$5380 ($_DFFE_PN0P_) from module rv32im_core (D = \u_mem_stage.reg_memwb [44], Q = \u_regfile.g_rf_flop.reg_file [908]).
Adding EN signal on $auto$ff.cc:266:slice$5381 ($_DFFE_PN0P_) from module rv32im_core (D = \u_mem_stage.reg_memwb [45], Q = \u_regfile.g_rf_flop.reg_file [909]).
Adding EN signal on $auto$ff.cc:266:slice$5382 ($_DFFE_PN0P_) from module rv32im_core (D = \u_mem_stage.reg_memwb [46], Q = \u_regfile.g_rf_flop.reg_file [910]).
Adding EN signal on $auto$ff.cc:266:slice$5383 ($_DFFE_PN0P_) from module rv32im_core (D = \u_mem_stage.reg_memwb [47], Q = \u_regfile.g_rf_flop.reg_file [911]).
Adding EN signal on $auto$ff.cc:266:slice$5384 ($_DFFE_PN0P_) from module rv32im_core (D = \u_mem_stage.reg_memwb [48], Q = \u_regfile.g_rf_flop.reg_file [912]).
Adding EN signal on $auto$ff.cc:266:slice$5385 ($_DFFE_PN0P_) from module rv32im_core (D = \u_mem_stage.reg_memwb [49], Q = \u_regfile.g_rf_flop.reg_file [913]).
Adding EN signal on $auto$ff.cc:266:slice$5386 ($_DFFE_PN0P_) from module rv32im_core (D = \u_mem_stage.reg_memwb [50], Q = \u_regfile.g_rf_flop.reg_file [914]).
Adding EN signal on $auto$ff.cc:266:slice$5387 ($_DFFE_PN0P_) from module rv32im_core (D = \u_mem_stage.reg_memwb [51], Q = \u_regfile.g_rf_flop.reg_file [915]).
Adding EN signal on $auto$ff.cc:266:slice$5388 ($_DFFE_PN0P_) from module rv32im_core (D = \u_mem_stage.reg_memwb [52], Q = \u_regfile.g_rf_flop.reg_file [916]).
Adding EN signal on $auto$ff.cc:266:slice$5389 ($_DFFE_PN0P_) from module rv32im_core (D = \u_mem_stage.reg_memwb [53], Q = \u_regfile.g_rf_flop.reg_file [917]).
Adding EN signal on $auto$ff.cc:266:slice$5390 ($_DFFE_PN0P_) from module rv32im_core (D = \u_mem_stage.reg_memwb [54], Q = \u_regfile.g_rf_flop.reg_file [918]).
Adding EN signal on $auto$ff.cc:266:slice$5391 ($_DFFE_PN0P_) from module rv32im_core (D = \u_mem_stage.reg_memwb [55], Q = \u_regfile.g_rf_flop.reg_file [919]).
Adding EN signal on $auto$ff.cc:266:slice$5392 ($_DFFE_PN0P_) from module rv32im_core (D = \u_mem_stage.reg_memwb [56], Q = \u_regfile.g_rf_flop.reg_file [920]).
Adding EN signal on $auto$ff.cc:266:slice$5393 ($_DFFE_PN0P_) from module rv32im_core (D = \u_mem_stage.reg_memwb [57], Q = \u_regfile.g_rf_flop.reg_file [921]).
Adding EN signal on $auto$ff.cc:266:slice$5394 ($_DFFE_PN0P_) from module rv32im_core (D = \u_mem_stage.reg_memwb [58], Q = \u_regfile.g_rf_flop.reg_file [922]).
Adding EN signal on $auto$ff.cc:266:slice$5395 ($_DFFE_PN0P_) from module rv32im_core (D = \u_mem_stage.reg_memwb [59], Q = \u_regfile.g_rf_flop.reg_file [923]).
Adding EN signal on $auto$ff.cc:266:slice$5396 ($_DFFE_PN0P_) from module rv32im_core (D = \u_mem_stage.reg_memwb [60], Q = \u_regfile.g_rf_flop.reg_file [924]).
Adding EN signal on $auto$ff.cc:266:slice$5397 ($_DFFE_PN0P_) from module rv32im_core (D = \u_mem_stage.reg_memwb [61], Q = \u_regfile.g_rf_flop.reg_file [925]).
Adding EN signal on $auto$ff.cc:266:slice$5398 ($_DFFE_PN0P_) from module rv32im_core (D = \u_mem_stage.reg_memwb [62], Q = \u_regfile.g_rf_flop.reg_file [926]).
Adding EN signal on $auto$ff.cc:266:slice$5400 ($_DFFE_PN0P_) from module rv32im_core (D = \u_mem_stage.reg_memwb [32], Q = \u_regfile.g_rf_flop.reg_file [864]).
Adding EN signal on $auto$ff.cc:266:slice$5401 ($_DFFE_PN0P_) from module rv32im_core (D = \u_mem_stage.reg_memwb [33], Q = \u_regfile.g_rf_flop.reg_file [865]).
Adding EN signal on $auto$ff.cc:266:slice$5402 ($_DFFE_PN0P_) from module rv32im_core (D = \u_mem_stage.reg_memwb [34], Q = \u_regfile.g_rf_flop.reg_file [866]).
Adding EN signal on $auto$ff.cc:266:slice$5403 ($_DFFE_PN0P_) from module rv32im_core (D = \u_mem_stage.reg_memwb [35], Q = \u_regfile.g_rf_flop.reg_file [867]).
Adding EN signal on $auto$ff.cc:266:slice$5404 ($_DFFE_PN0P_) from module rv32im_core (D = \u_mem_stage.reg_memwb [36], Q = \u_regfile.g_rf_flop.reg_file [868]).
Adding EN signal on $auto$ff.cc:266:slice$5405 ($_DFFE_PN0P_) from module rv32im_core (D = \u_mem_stage.reg_memwb [37], Q = \u_regfile.g_rf_flop.reg_file [869]).
Adding EN signal on $auto$ff.cc:266:slice$5406 ($_DFFE_PN0P_) from module rv32im_core (D = \u_mem_stage.reg_memwb [38], Q = \u_regfile.g_rf_flop.reg_file [870]).
Adding EN signal on $auto$ff.cc:266:slice$5407 ($_DFFE_PN0P_) from module rv32im_core (D = \u_mem_stage.reg_memwb [39], Q = \u_regfile.g_rf_flop.reg_file [871]).
Adding EN signal on $auto$ff.cc:266:slice$5408 ($_DFFE_PN0P_) from module rv32im_core (D = \u_mem_stage.reg_memwb [40], Q = \u_regfile.g_rf_flop.reg_file [872]).
Adding EN signal on $auto$ff.cc:266:slice$5409 ($_DFFE_PN0P_) from module rv32im_core (D = \u_mem_stage.reg_memwb [41], Q = \u_regfile.g_rf_flop.reg_file [873]).
Adding EN signal on $auto$ff.cc:266:slice$5410 ($_DFFE_PN0P_) from module rv32im_core (D = \u_mem_stage.reg_memwb [42], Q = \u_regfile.g_rf_flop.reg_file [874]).
Adding EN signal on $auto$ff.cc:266:slice$5411 ($_DFFE_PN0P_) from module rv32im_core (D = \u_mem_stage.reg_memwb [43], Q = \u_regfile.g_rf_flop.reg_file [875]).
Adding EN signal on $auto$ff.cc:266:slice$5412 ($_DFFE_PN0P_) from module rv32im_core (D = \u_mem_stage.reg_memwb [44], Q = \u_regfile.g_rf_flop.reg_file [876]).
Adding EN signal on $auto$ff.cc:266:slice$5413 ($_DFFE_PN0P_) from module rv32im_core (D = \u_mem_stage.reg_memwb [45], Q = \u_regfile.g_rf_flop.reg_file [877]).
Adding EN signal on $auto$ff.cc:266:slice$5414 ($_DFFE_PN0P_) from module rv32im_core (D = \u_mem_stage.reg_memwb [46], Q = \u_regfile.g_rf_flop.reg_file [878]).
Adding EN signal on $auto$ff.cc:266:slice$5415 ($_DFFE_PN0P_) from module rv32im_core (D = \u_mem_stage.reg_memwb [47], Q = \u_regfile.g_rf_flop.reg_file [879]).
Adding EN signal on $auto$ff.cc:266:slice$5416 ($_DFFE_PN0P_) from module rv32im_core (D = \u_mem_stage.reg_memwb [48], Q = \u_regfile.g_rf_flop.reg_file [880]).
Adding EN signal on $auto$ff.cc:266:slice$5417 ($_DFFE_PN0P_) from module rv32im_core (D = \u_mem_stage.reg_memwb [49], Q = \u_regfile.g_rf_flop.reg_file [881]).
Adding EN signal on $auto$ff.cc:266:slice$5418 ($_DFFE_PN0P_) from module rv32im_core (D = \u_mem_stage.reg_memwb [50], Q = \u_regfile.g_rf_flop.reg_file [882]).
Adding EN signal on $auto$ff.cc:266:slice$5419 ($_DFFE_PN0P_) from module rv32im_core (D = \u_mem_stage.reg_memwb [51], Q = \u_regfile.g_rf_flop.reg_file [883]).
Adding EN signal on $auto$ff.cc:266:slice$5420 ($_DFFE_PN0P_) from module rv32im_core (D = \u_mem_stage.reg_memwb [52], Q = \u_regfile.g_rf_flop.reg_file [884]).
Adding EN signal on $auto$ff.cc:266:slice$5421 ($_DFFE_PN0P_) from module rv32im_core (D = \u_mem_stage.reg_memwb [53], Q = \u_regfile.g_rf_flop.reg_file [885]).
Adding EN signal on $auto$ff.cc:266:slice$5422 ($_DFFE_PN0P_) from module rv32im_core (D = \u_mem_stage.reg_memwb [54], Q = \u_regfile.g_rf_flop.reg_file [886]).
Adding EN signal on $auto$ff.cc:266:slice$5423 ($_DFFE_PN0P_) from module rv32im_core (D = \u_mem_stage.reg_memwb [55], Q = \u_regfile.g_rf_flop.reg_file [887]).
Adding EN signal on $auto$ff.cc:266:slice$5424 ($_DFFE_PN0P_) from module rv32im_core (D = \u_mem_stage.reg_memwb [56], Q = \u_regfile.g_rf_flop.reg_file [888]).
Adding EN signal on $auto$ff.cc:266:slice$5425 ($_DFFE_PN0P_) from module rv32im_core (D = \u_mem_stage.reg_memwb [57], Q = \u_regfile.g_rf_flop.reg_file [889]).
Adding EN signal on $auto$ff.cc:266:slice$5426 ($_DFFE_PN0P_) from module rv32im_core (D = \u_mem_stage.reg_memwb [58], Q = \u_regfile.g_rf_flop.reg_file [890]).
Adding EN signal on $auto$ff.cc:266:slice$5427 ($_DFFE_PN0P_) from module rv32im_core (D = \u_mem_stage.reg_memwb [59], Q = \u_regfile.g_rf_flop.reg_file [891]).
Adding EN signal on $auto$ff.cc:266:slice$5428 ($_DFFE_PN0P_) from module rv32im_core (D = \u_mem_stage.reg_memwb [60], Q = \u_regfile.g_rf_flop.reg_file [892]).
Adding EN signal on $auto$ff.cc:266:slice$5429 ($_DFFE_PN0P_) from module rv32im_core (D = \u_mem_stage.reg_memwb [61], Q = \u_regfile.g_rf_flop.reg_file [893]).
Adding EN signal on $auto$ff.cc:266:slice$5430 ($_DFFE_PN0P_) from module rv32im_core (D = \u_mem_stage.reg_memwb [62], Q = \u_regfile.g_rf_flop.reg_file [894]).
Adding EN signal on $auto$ff.cc:266:slice$5432 ($_DFFE_PN0P_) from module rv32im_core (D = \u_mem_stage.reg_memwb [32], Q = \u_regfile.g_rf_flop.reg_file [832]).
Adding EN signal on $auto$ff.cc:266:slice$5433 ($_DFFE_PN0P_) from module rv32im_core (D = \u_mem_stage.reg_memwb [33], Q = \u_regfile.g_rf_flop.reg_file [833]).
Adding EN signal on $auto$ff.cc:266:slice$5434 ($_DFFE_PN0P_) from module rv32im_core (D = \u_mem_stage.reg_memwb [34], Q = \u_regfile.g_rf_flop.reg_file [834]).
Adding EN signal on $auto$ff.cc:266:slice$5435 ($_DFFE_PN0P_) from module rv32im_core (D = \u_mem_stage.reg_memwb [35], Q = \u_regfile.g_rf_flop.reg_file [835]).
Adding EN signal on $auto$ff.cc:266:slice$5436 ($_DFFE_PN0P_) from module rv32im_core (D = \u_mem_stage.reg_memwb [36], Q = \u_regfile.g_rf_flop.reg_file [836]).
Adding EN signal on $auto$ff.cc:266:slice$5437 ($_DFFE_PN0P_) from module rv32im_core (D = \u_mem_stage.reg_memwb [37], Q = \u_regfile.g_rf_flop.reg_file [837]).
Adding EN signal on $auto$ff.cc:266:slice$5438 ($_DFFE_PN0P_) from module rv32im_core (D = \u_mem_stage.reg_memwb [38], Q = \u_regfile.g_rf_flop.reg_file [838]).
Adding EN signal on $auto$ff.cc:266:slice$5439 ($_DFFE_PN0P_) from module rv32im_core (D = \u_mem_stage.reg_memwb [39], Q = \u_regfile.g_rf_flop.reg_file [839]).
Adding EN signal on $auto$ff.cc:266:slice$5440 ($_DFFE_PN0P_) from module rv32im_core (D = \u_mem_stage.reg_memwb [40], Q = \u_regfile.g_rf_flop.reg_file [840]).
Adding EN signal on $auto$ff.cc:266:slice$5441 ($_DFFE_PN0P_) from module rv32im_core (D = \u_mem_stage.reg_memwb [41], Q = \u_regfile.g_rf_flop.reg_file [841]).
Adding EN signal on $auto$ff.cc:266:slice$5442 ($_DFFE_PN0P_) from module rv32im_core (D = \u_mem_stage.reg_memwb [42], Q = \u_regfile.g_rf_flop.reg_file [842]).
Adding EN signal on $auto$ff.cc:266:slice$5443 ($_DFFE_PN0P_) from module rv32im_core (D = \u_mem_stage.reg_memwb [43], Q = \u_regfile.g_rf_flop.reg_file [843]).
Adding EN signal on $auto$ff.cc:266:slice$5444 ($_DFFE_PN0P_) from module rv32im_core (D = \u_mem_stage.reg_memwb [44], Q = \u_regfile.g_rf_flop.reg_file [844]).
Adding EN signal on $auto$ff.cc:266:slice$5445 ($_DFFE_PN0P_) from module rv32im_core (D = \u_mem_stage.reg_memwb [45], Q = \u_regfile.g_rf_flop.reg_file [845]).
Adding EN signal on $auto$ff.cc:266:slice$5446 ($_DFFE_PN0P_) from module rv32im_core (D = \u_mem_stage.reg_memwb [46], Q = \u_regfile.g_rf_flop.reg_file [846]).
Adding EN signal on $auto$ff.cc:266:slice$5447 ($_DFFE_PN0P_) from module rv32im_core (D = \u_mem_stage.reg_memwb [47], Q = \u_regfile.g_rf_flop.reg_file [847]).
Adding EN signal on $auto$ff.cc:266:slice$5448 ($_DFFE_PN0P_) from module rv32im_core (D = \u_mem_stage.reg_memwb [48], Q = \u_regfile.g_rf_flop.reg_file [848]).
Adding EN signal on $auto$ff.cc:266:slice$5449 ($_DFFE_PN0P_) from module rv32im_core (D = \u_mem_stage.reg_memwb [49], Q = \u_regfile.g_rf_flop.reg_file [849]).
Adding EN signal on $auto$ff.cc:266:slice$5450 ($_DFFE_PN0P_) from module rv32im_core (D = \u_mem_stage.reg_memwb [50], Q = \u_regfile.g_rf_flop.reg_file [850]).
Adding EN signal on $auto$ff.cc:266:slice$5451 ($_DFFE_PN0P_) from module rv32im_core (D = \u_mem_stage.reg_memwb [51], Q = \u_regfile.g_rf_flop.reg_file [851]).
Adding EN signal on $auto$ff.cc:266:slice$5452 ($_DFFE_PN0P_) from module rv32im_core (D = \u_mem_stage.reg_memwb [52], Q = \u_regfile.g_rf_flop.reg_file [852]).
Adding EN signal on $auto$ff.cc:266:slice$5453 ($_DFFE_PN0P_) from module rv32im_core (D = \u_mem_stage.reg_memwb [53], Q = \u_regfile.g_rf_flop.reg_file [853]).
Adding EN signal on $auto$ff.cc:266:slice$5454 ($_DFFE_PN0P_) from module rv32im_core (D = \u_mem_stage.reg_memwb [54], Q = \u_regfile.g_rf_flop.reg_file [854]).
Adding EN signal on $auto$ff.cc:266:slice$5455 ($_DFFE_PN0P_) from module rv32im_core (D = \u_mem_stage.reg_memwb [55], Q = \u_regfile.g_rf_flop.reg_file [855]).
Adding EN signal on $auto$ff.cc:266:slice$5456 ($_DFFE_PN0P_) from module rv32im_core (D = \u_mem_stage.reg_memwb [56], Q = \u_regfile.g_rf_flop.reg_file [856]).
Adding EN signal on $auto$ff.cc:266:slice$5457 ($_DFFE_PN0P_) from module rv32im_core (D = \u_mem_stage.reg_memwb [57], Q = \u_regfile.g_rf_flop.reg_file [857]).
Adding EN signal on $auto$ff.cc:266:slice$5458 ($_DFFE_PN0P_) from module rv32im_core (D = \u_mem_stage.reg_memwb [58], Q = \u_regfile.g_rf_flop.reg_file [858]).
Adding EN signal on $auto$ff.cc:266:slice$5459 ($_DFFE_PN0P_) from module rv32im_core (D = \u_mem_stage.reg_memwb [59], Q = \u_regfile.g_rf_flop.reg_file [859]).
Adding EN signal on $auto$ff.cc:266:slice$5460 ($_DFFE_PN0P_) from module rv32im_core (D = \u_mem_stage.reg_memwb [60], Q = \u_regfile.g_rf_flop.reg_file [860]).
Adding EN signal on $auto$ff.cc:266:slice$5461 ($_DFFE_PN0P_) from module rv32im_core (D = \u_mem_stage.reg_memwb [61], Q = \u_regfile.g_rf_flop.reg_file [861]).
Adding EN signal on $auto$ff.cc:266:slice$5462 ($_DFFE_PN0P_) from module rv32im_core (D = \u_mem_stage.reg_memwb [62], Q = \u_regfile.g_rf_flop.reg_file [862]).
Adding EN signal on $auto$ff.cc:266:slice$5464 ($_DFFE_PN0P_) from module rv32im_core (D = \u_mem_stage.reg_memwb [32], Q = \u_regfile.g_rf_flop.reg_file [800]).
Adding EN signal on $auto$ff.cc:266:slice$5465 ($_DFFE_PN0P_) from module rv32im_core (D = \u_mem_stage.reg_memwb [33], Q = \u_regfile.g_rf_flop.reg_file [801]).
Adding EN signal on $auto$ff.cc:266:slice$5466 ($_DFFE_PN0P_) from module rv32im_core (D = \u_mem_stage.reg_memwb [34], Q = \u_regfile.g_rf_flop.reg_file [802]).
Adding EN signal on $auto$ff.cc:266:slice$5467 ($_DFFE_PN0P_) from module rv32im_core (D = \u_mem_stage.reg_memwb [35], Q = \u_regfile.g_rf_flop.reg_file [803]).
Adding EN signal on $auto$ff.cc:266:slice$5468 ($_DFFE_PN0P_) from module rv32im_core (D = \u_mem_stage.reg_memwb [36], Q = \u_regfile.g_rf_flop.reg_file [804]).
Adding EN signal on $auto$ff.cc:266:slice$5469 ($_DFFE_PN0P_) from module rv32im_core (D = \u_mem_stage.reg_memwb [37], Q = \u_regfile.g_rf_flop.reg_file [805]).
Adding EN signal on $auto$ff.cc:266:slice$5470 ($_DFFE_PN0P_) from module rv32im_core (D = \u_mem_stage.reg_memwb [38], Q = \u_regfile.g_rf_flop.reg_file [806]).
Adding EN signal on $auto$ff.cc:266:slice$5471 ($_DFFE_PN0P_) from module rv32im_core (D = \u_mem_stage.reg_memwb [39], Q = \u_regfile.g_rf_flop.reg_file [807]).
Adding EN signal on $auto$ff.cc:266:slice$5472 ($_DFFE_PN0P_) from module rv32im_core (D = \u_mem_stage.reg_memwb [40], Q = \u_regfile.g_rf_flop.reg_file [808]).
Adding EN signal on $auto$ff.cc:266:slice$5473 ($_DFFE_PN0P_) from module rv32im_core (D = \u_mem_stage.reg_memwb [41], Q = \u_regfile.g_rf_flop.reg_file [809]).
Adding EN signal on $auto$ff.cc:266:slice$5474 ($_DFFE_PN0P_) from module rv32im_core (D = \u_mem_stage.reg_memwb [42], Q = \u_regfile.g_rf_flop.reg_file [810]).
Adding EN signal on $auto$ff.cc:266:slice$5475 ($_DFFE_PN0P_) from module rv32im_core (D = \u_mem_stage.reg_memwb [43], Q = \u_regfile.g_rf_flop.reg_file [811]).
Adding EN signal on $auto$ff.cc:266:slice$5476 ($_DFFE_PN0P_) from module rv32im_core (D = \u_mem_stage.reg_memwb [44], Q = \u_regfile.g_rf_flop.reg_file [812]).
Adding EN signal on $auto$ff.cc:266:slice$5477 ($_DFFE_PN0P_) from module rv32im_core (D = \u_mem_stage.reg_memwb [45], Q = \u_regfile.g_rf_flop.reg_file [813]).
Adding EN signal on $auto$ff.cc:266:slice$5478 ($_DFFE_PN0P_) from module rv32im_core (D = \u_mem_stage.reg_memwb [46], Q = \u_regfile.g_rf_flop.reg_file [814]).
Adding EN signal on $auto$ff.cc:266:slice$5479 ($_DFFE_PN0P_) from module rv32im_core (D = \u_mem_stage.reg_memwb [47], Q = \u_regfile.g_rf_flop.reg_file [815]).
Adding EN signal on $auto$ff.cc:266:slice$5480 ($_DFFE_PN0P_) from module rv32im_core (D = \u_mem_stage.reg_memwb [48], Q = \u_regfile.g_rf_flop.reg_file [816]).
Adding EN signal on $auto$ff.cc:266:slice$5481 ($_DFFE_PN0P_) from module rv32im_core (D = \u_mem_stage.reg_memwb [49], Q = \u_regfile.g_rf_flop.reg_file [817]).
Adding EN signal on $auto$ff.cc:266:slice$5482 ($_DFFE_PN0P_) from module rv32im_core (D = \u_mem_stage.reg_memwb [50], Q = \u_regfile.g_rf_flop.reg_file [818]).
Adding EN signal on $auto$ff.cc:266:slice$5483 ($_DFFE_PN0P_) from module rv32im_core (D = \u_mem_stage.reg_memwb [51], Q = \u_regfile.g_rf_flop.reg_file [819]).
Adding EN signal on $auto$ff.cc:266:slice$5484 ($_DFFE_PN0P_) from module rv32im_core (D = \u_mem_stage.reg_memwb [52], Q = \u_regfile.g_rf_flop.reg_file [820]).
Adding EN signal on $auto$ff.cc:266:slice$5485 ($_DFFE_PN0P_) from module rv32im_core (D = \u_mem_stage.reg_memwb [53], Q = \u_regfile.g_rf_flop.reg_file [821]).
Adding EN signal on $auto$ff.cc:266:slice$5486 ($_DFFE_PN0P_) from module rv32im_core (D = \u_mem_stage.reg_memwb [54], Q = \u_regfile.g_rf_flop.reg_file [822]).
Adding EN signal on $auto$ff.cc:266:slice$5487 ($_DFFE_PN0P_) from module rv32im_core (D = \u_mem_stage.reg_memwb [55], Q = \u_regfile.g_rf_flop.reg_file [823]).
Adding EN signal on $auto$ff.cc:266:slice$5488 ($_DFFE_PN0P_) from module rv32im_core (D = \u_mem_stage.reg_memwb [56], Q = \u_regfile.g_rf_flop.reg_file [824]).
Adding EN signal on $auto$ff.cc:266:slice$5489 ($_DFFE_PN0P_) from module rv32im_core (D = \u_mem_stage.reg_memwb [57], Q = \u_regfile.g_rf_flop.reg_file [825]).
Adding EN signal on $auto$ff.cc:266:slice$5490 ($_DFFE_PN0P_) from module rv32im_core (D = \u_mem_stage.reg_memwb [58], Q = \u_regfile.g_rf_flop.reg_file [826]).
Adding EN signal on $auto$ff.cc:266:slice$5491 ($_DFFE_PN0P_) from module rv32im_core (D = \u_mem_stage.reg_memwb [59], Q = \u_regfile.g_rf_flop.reg_file [827]).
Adding EN signal on $auto$ff.cc:266:slice$5492 ($_DFFE_PN0P_) from module rv32im_core (D = \u_mem_stage.reg_memwb [60], Q = \u_regfile.g_rf_flop.reg_file [828]).
Adding EN signal on $auto$ff.cc:266:slice$5493 ($_DFFE_PN0P_) from module rv32im_core (D = \u_mem_stage.reg_memwb [61], Q = \u_regfile.g_rf_flop.reg_file [829]).
Adding EN signal on $auto$ff.cc:266:slice$5494 ($_DFFE_PN0P_) from module rv32im_core (D = \u_mem_stage.reg_memwb [62], Q = \u_regfile.g_rf_flop.reg_file [830]).
Adding EN signal on $auto$ff.cc:266:slice$5496 ($_DFFE_PN0P_) from module rv32im_core (D = \u_mem_stage.reg_memwb [32], Q = \u_regfile.g_rf_flop.reg_file [768]).
Adding EN signal on $auto$ff.cc:266:slice$5497 ($_DFFE_PN0P_) from module rv32im_core (D = \u_mem_stage.reg_memwb [33], Q = \u_regfile.g_rf_flop.reg_file [769]).
Adding EN signal on $auto$ff.cc:266:slice$5498 ($_DFFE_PN0P_) from module rv32im_core (D = \u_mem_stage.reg_memwb [34], Q = \u_regfile.g_rf_flop.reg_file [770]).
Adding EN signal on $auto$ff.cc:266:slice$5499 ($_DFFE_PN0P_) from module rv32im_core (D = \u_mem_stage.reg_memwb [35], Q = \u_regfile.g_rf_flop.reg_file [771]).
Adding EN signal on $auto$ff.cc:266:slice$5500 ($_DFFE_PN0P_) from module rv32im_core (D = \u_mem_stage.reg_memwb [36], Q = \u_regfile.g_rf_flop.reg_file [772]).
Adding EN signal on $auto$ff.cc:266:slice$5501 ($_DFFE_PN0P_) from module rv32im_core (D = \u_mem_stage.reg_memwb [37], Q = \u_regfile.g_rf_flop.reg_file [773]).
Adding EN signal on $auto$ff.cc:266:slice$5502 ($_DFFE_PN0P_) from module rv32im_core (D = \u_mem_stage.reg_memwb [38], Q = \u_regfile.g_rf_flop.reg_file [774]).
Adding EN signal on $auto$ff.cc:266:slice$5503 ($_DFFE_PN0P_) from module rv32im_core (D = \u_mem_stage.reg_memwb [39], Q = \u_regfile.g_rf_flop.reg_file [775]).
Adding EN signal on $auto$ff.cc:266:slice$5504 ($_DFFE_PN0P_) from module rv32im_core (D = \u_mem_stage.reg_memwb [40], Q = \u_regfile.g_rf_flop.reg_file [776]).
Adding EN signal on $auto$ff.cc:266:slice$5505 ($_DFFE_PN0P_) from module rv32im_core (D = \u_mem_stage.reg_memwb [41], Q = \u_regfile.g_rf_flop.reg_file [777]).
Adding EN signal on $auto$ff.cc:266:slice$5506 ($_DFFE_PN0P_) from module rv32im_core (D = \u_mem_stage.reg_memwb [42], Q = \u_regfile.g_rf_flop.reg_file [778]).
Adding EN signal on $auto$ff.cc:266:slice$5507 ($_DFFE_PN0P_) from module rv32im_core (D = \u_mem_stage.reg_memwb [43], Q = \u_regfile.g_rf_flop.reg_file [779]).
Adding EN signal on $auto$ff.cc:266:slice$5508 ($_DFFE_PN0P_) from module rv32im_core (D = \u_mem_stage.reg_memwb [44], Q = \u_regfile.g_rf_flop.reg_file [780]).
Adding EN signal on $auto$ff.cc:266:slice$5509 ($_DFFE_PN0P_) from module rv32im_core (D = \u_mem_stage.reg_memwb [45], Q = \u_regfile.g_rf_flop.reg_file [781]).
Adding EN signal on $auto$ff.cc:266:slice$5510 ($_DFFE_PN0P_) from module rv32im_core (D = \u_mem_stage.reg_memwb [46], Q = \u_regfile.g_rf_flop.reg_file [782]).
Adding EN signal on $auto$ff.cc:266:slice$5511 ($_DFFE_PN0P_) from module rv32im_core (D = \u_mem_stage.reg_memwb [47], Q = \u_regfile.g_rf_flop.reg_file [783]).
Adding EN signal on $auto$ff.cc:266:slice$5512 ($_DFFE_PN0P_) from module rv32im_core (D = \u_mem_stage.reg_memwb [48], Q = \u_regfile.g_rf_flop.reg_file [784]).
Adding EN signal on $auto$ff.cc:266:slice$5513 ($_DFFE_PN0P_) from module rv32im_core (D = \u_mem_stage.reg_memwb [49], Q = \u_regfile.g_rf_flop.reg_file [785]).
Adding EN signal on $auto$ff.cc:266:slice$5514 ($_DFFE_PN0P_) from module rv32im_core (D = \u_mem_stage.reg_memwb [50], Q = \u_regfile.g_rf_flop.reg_file [786]).
Adding EN signal on $auto$ff.cc:266:slice$5515 ($_DFFE_PN0P_) from module rv32im_core (D = \u_mem_stage.reg_memwb [51], Q = \u_regfile.g_rf_flop.reg_file [787]).
Adding EN signal on $auto$ff.cc:266:slice$5516 ($_DFFE_PN0P_) from module rv32im_core (D = \u_mem_stage.reg_memwb [52], Q = \u_regfile.g_rf_flop.reg_file [788]).
Adding EN signal on $auto$ff.cc:266:slice$5517 ($_DFFE_PN0P_) from module rv32im_core (D = \u_mem_stage.reg_memwb [53], Q = \u_regfile.g_rf_flop.reg_file [789]).
Adding EN signal on $auto$ff.cc:266:slice$5518 ($_DFFE_PN0P_) from module rv32im_core (D = \u_mem_stage.reg_memwb [54], Q = \u_regfile.g_rf_flop.reg_file [790]).
Adding EN signal on $auto$ff.cc:266:slice$5519 ($_DFFE_PN0P_) from module rv32im_core (D = \u_mem_stage.reg_memwb [55], Q = \u_regfile.g_rf_flop.reg_file [791]).
Adding EN signal on $auto$ff.cc:266:slice$5520 ($_DFFE_PN0P_) from module rv32im_core (D = \u_mem_stage.reg_memwb [56], Q = \u_regfile.g_rf_flop.reg_file [792]).
Adding EN signal on $auto$ff.cc:266:slice$5521 ($_DFFE_PN0P_) from module rv32im_core (D = \u_mem_stage.reg_memwb [57], Q = \u_regfile.g_rf_flop.reg_file [793]).
Adding EN signal on $auto$ff.cc:266:slice$5522 ($_DFFE_PN0P_) from module rv32im_core (D = \u_mem_stage.reg_memwb [58], Q = \u_regfile.g_rf_flop.reg_file [794]).
Adding EN signal on $auto$ff.cc:266:slice$5523 ($_DFFE_PN0P_) from module rv32im_core (D = \u_mem_stage.reg_memwb [59], Q = \u_regfile.g_rf_flop.reg_file [795]).
Adding EN signal on $auto$ff.cc:266:slice$5524 ($_DFFE_PN0P_) from module rv32im_core (D = \u_mem_stage.reg_memwb [60], Q = \u_regfile.g_rf_flop.reg_file [796]).
Adding EN signal on $auto$ff.cc:266:slice$5525 ($_DFFE_PN0P_) from module rv32im_core (D = \u_mem_stage.reg_memwb [61], Q = \u_regfile.g_rf_flop.reg_file [797]).
Adding EN signal on $auto$ff.cc:266:slice$5526 ($_DFFE_PN0P_) from module rv32im_core (D = \u_mem_stage.reg_memwb [62], Q = \u_regfile.g_rf_flop.reg_file [798]).
Adding EN signal on $auto$ff.cc:266:slice$5528 ($_DFFE_PN0P_) from module rv32im_core (D = \u_mem_stage.reg_memwb [32], Q = \u_regfile.g_rf_flop.reg_file [736]).
Adding EN signal on $auto$ff.cc:266:slice$5529 ($_DFFE_PN0P_) from module rv32im_core (D = \u_mem_stage.reg_memwb [33], Q = \u_regfile.g_rf_flop.reg_file [737]).
Adding EN signal on $auto$ff.cc:266:slice$5530 ($_DFFE_PN0P_) from module rv32im_core (D = \u_mem_stage.reg_memwb [34], Q = \u_regfile.g_rf_flop.reg_file [738]).
Adding EN signal on $auto$ff.cc:266:slice$5531 ($_DFFE_PN0P_) from module rv32im_core (D = \u_mem_stage.reg_memwb [35], Q = \u_regfile.g_rf_flop.reg_file [739]).
Adding EN signal on $auto$ff.cc:266:slice$5532 ($_DFFE_PN0P_) from module rv32im_core (D = \u_mem_stage.reg_memwb [36], Q = \u_regfile.g_rf_flop.reg_file [740]).
Adding EN signal on $auto$ff.cc:266:slice$5533 ($_DFFE_PN0P_) from module rv32im_core (D = \u_mem_stage.reg_memwb [37], Q = \u_regfile.g_rf_flop.reg_file [741]).
Adding EN signal on $auto$ff.cc:266:slice$5534 ($_DFFE_PN0P_) from module rv32im_core (D = \u_mem_stage.reg_memwb [38], Q = \u_regfile.g_rf_flop.reg_file [742]).
Adding EN signal on $auto$ff.cc:266:slice$5535 ($_DFFE_PN0P_) from module rv32im_core (D = \u_mem_stage.reg_memwb [39], Q = \u_regfile.g_rf_flop.reg_file [743]).
Adding EN signal on $auto$ff.cc:266:slice$5536 ($_DFFE_PN0P_) from module rv32im_core (D = \u_mem_stage.reg_memwb [40], Q = \u_regfile.g_rf_flop.reg_file [744]).
Adding EN signal on $auto$ff.cc:266:slice$5537 ($_DFFE_PN0P_) from module rv32im_core (D = \u_mem_stage.reg_memwb [41], Q = \u_regfile.g_rf_flop.reg_file [745]).
Adding EN signal on $auto$ff.cc:266:slice$5538 ($_DFFE_PN0P_) from module rv32im_core (D = \u_mem_stage.reg_memwb [42], Q = \u_regfile.g_rf_flop.reg_file [746]).
Adding EN signal on $auto$ff.cc:266:slice$5539 ($_DFFE_PN0P_) from module rv32im_core (D = \u_mem_stage.reg_memwb [43], Q = \u_regfile.g_rf_flop.reg_file [747]).
Adding EN signal on $auto$ff.cc:266:slice$5540 ($_DFFE_PN0P_) from module rv32im_core (D = \u_mem_stage.reg_memwb [44], Q = \u_regfile.g_rf_flop.reg_file [748]).
Adding EN signal on $auto$ff.cc:266:slice$5541 ($_DFFE_PN0P_) from module rv32im_core (D = \u_mem_stage.reg_memwb [45], Q = \u_regfile.g_rf_flop.reg_file [749]).
Adding EN signal on $auto$ff.cc:266:slice$5542 ($_DFFE_PN0P_) from module rv32im_core (D = \u_mem_stage.reg_memwb [46], Q = \u_regfile.g_rf_flop.reg_file [750]).
Adding EN signal on $auto$ff.cc:266:slice$5543 ($_DFFE_PN0P_) from module rv32im_core (D = \u_mem_stage.reg_memwb [47], Q = \u_regfile.g_rf_flop.reg_file [751]).
Adding EN signal on $auto$ff.cc:266:slice$5544 ($_DFFE_PN0P_) from module rv32im_core (D = \u_mem_stage.reg_memwb [48], Q = \u_regfile.g_rf_flop.reg_file [752]).
Adding EN signal on $auto$ff.cc:266:slice$5545 ($_DFFE_PN0P_) from module rv32im_core (D = \u_mem_stage.reg_memwb [49], Q = \u_regfile.g_rf_flop.reg_file [753]).
Adding EN signal on $auto$ff.cc:266:slice$5546 ($_DFFE_PN0P_) from module rv32im_core (D = \u_mem_stage.reg_memwb [50], Q = \u_regfile.g_rf_flop.reg_file [754]).
Adding EN signal on $auto$ff.cc:266:slice$5547 ($_DFFE_PN0P_) from module rv32im_core (D = \u_mem_stage.reg_memwb [51], Q = \u_regfile.g_rf_flop.reg_file [755]).
Adding EN signal on $auto$ff.cc:266:slice$5548 ($_DFFE_PN0P_) from module rv32im_core (D = \u_mem_stage.reg_memwb [52], Q = \u_regfile.g_rf_flop.reg_file [756]).
Adding EN signal on $auto$ff.cc:266:slice$5549 ($_DFFE_PN0P_) from module rv32im_core (D = \u_mem_stage.reg_memwb [53], Q = \u_regfile.g_rf_flop.reg_file [757]).
Adding EN signal on $auto$ff.cc:266:slice$5550 ($_DFFE_PN0P_) from module rv32im_core (D = \u_mem_stage.reg_memwb [54], Q = \u_regfile.g_rf_flop.reg_file [758]).
Adding EN signal on $auto$ff.cc:266:slice$5551 ($_DFFE_PN0P_) from module rv32im_core (D = \u_mem_stage.reg_memwb [55], Q = \u_regfile.g_rf_flop.reg_file [759]).
Adding EN signal on $auto$ff.cc:266:slice$5552 ($_DFFE_PN0P_) from module rv32im_core (D = \u_mem_stage.reg_memwb [56], Q = \u_regfile.g_rf_flop.reg_file [760]).
Adding EN signal on $auto$ff.cc:266:slice$5553 ($_DFFE_PN0P_) from module rv32im_core (D = \u_mem_stage.reg_memwb [57], Q = \u_regfile.g_rf_flop.reg_file [761]).
Adding EN signal on $auto$ff.cc:266:slice$5554 ($_DFFE_PN0P_) from module rv32im_core (D = \u_mem_stage.reg_memwb [58], Q = \u_regfile.g_rf_flop.reg_file [762]).
Adding EN signal on $auto$ff.cc:266:slice$5555 ($_DFFE_PN0P_) from module rv32im_core (D = \u_mem_stage.reg_memwb [59], Q = \u_regfile.g_rf_flop.reg_file [763]).
Adding EN signal on $auto$ff.cc:266:slice$5556 ($_DFFE_PN0P_) from module rv32im_core (D = \u_mem_stage.reg_memwb [60], Q = \u_regfile.g_rf_flop.reg_file [764]).
Adding EN signal on $auto$ff.cc:266:slice$5557 ($_DFFE_PN0P_) from module rv32im_core (D = \u_mem_stage.reg_memwb [61], Q = \u_regfile.g_rf_flop.reg_file [765]).
Adding EN signal on $auto$ff.cc:266:slice$5558 ($_DFFE_PN0P_) from module rv32im_core (D = \u_mem_stage.reg_memwb [62], Q = \u_regfile.g_rf_flop.reg_file [766]).
Adding EN signal on $auto$ff.cc:266:slice$5560 ($_DFFE_PN0P_) from module rv32im_core (D = \u_mem_stage.reg_memwb [32], Q = \u_regfile.g_rf_flop.reg_file [992]).
Adding EN signal on $auto$ff.cc:266:slice$5561 ($_DFFE_PN0P_) from module rv32im_core (D = \u_mem_stage.reg_memwb [33], Q = \u_regfile.g_rf_flop.reg_file [993]).
Adding EN signal on $auto$ff.cc:266:slice$5562 ($_DFFE_PN0P_) from module rv32im_core (D = \u_mem_stage.reg_memwb [34], Q = \u_regfile.g_rf_flop.reg_file [994]).
Adding EN signal on $auto$ff.cc:266:slice$5563 ($_DFFE_PN0P_) from module rv32im_core (D = \u_mem_stage.reg_memwb [35], Q = \u_regfile.g_rf_flop.reg_file [995]).
Adding EN signal on $auto$ff.cc:266:slice$5564 ($_DFFE_PN0P_) from module rv32im_core (D = \u_mem_stage.reg_memwb [36], Q = \u_regfile.g_rf_flop.reg_file [996]).
Adding EN signal on $auto$ff.cc:266:slice$5565 ($_DFFE_PN0P_) from module rv32im_core (D = \u_mem_stage.reg_memwb [37], Q = \u_regfile.g_rf_flop.reg_file [997]).
Adding EN signal on $auto$ff.cc:266:slice$5566 ($_DFFE_PN0P_) from module rv32im_core (D = \u_mem_stage.reg_memwb [38], Q = \u_regfile.g_rf_flop.reg_file [998]).
Adding EN signal on $auto$ff.cc:266:slice$5567 ($_DFFE_PN0P_) from module rv32im_core (D = \u_mem_stage.reg_memwb [39], Q = \u_regfile.g_rf_flop.reg_file [999]).
Adding EN signal on $auto$ff.cc:266:slice$5568 ($_DFFE_PN0P_) from module rv32im_core (D = \u_mem_stage.reg_memwb [40], Q = \u_regfile.g_rf_flop.reg_file [1000]).
Adding EN signal on $auto$ff.cc:266:slice$5569 ($_DFFE_PN0P_) from module rv32im_core (D = \u_mem_stage.reg_memwb [41], Q = \u_regfile.g_rf_flop.reg_file [1001]).
Adding EN signal on $auto$ff.cc:266:slice$5570 ($_DFFE_PN0P_) from module rv32im_core (D = \u_mem_stage.reg_memwb [42], Q = \u_regfile.g_rf_flop.reg_file [1002]).
Adding EN signal on $auto$ff.cc:266:slice$5571 ($_DFFE_PN0P_) from module rv32im_core (D = \u_mem_stage.reg_memwb [43], Q = \u_regfile.g_rf_flop.reg_file [1003]).
Adding EN signal on $auto$ff.cc:266:slice$5572 ($_DFFE_PN0P_) from module rv32im_core (D = \u_mem_stage.reg_memwb [44], Q = \u_regfile.g_rf_flop.reg_file [1004]).
Adding EN signal on $auto$ff.cc:266:slice$5573 ($_DFFE_PN0P_) from module rv32im_core (D = \u_mem_stage.reg_memwb [45], Q = \u_regfile.g_rf_flop.reg_file [1005]).
Adding EN signal on $auto$ff.cc:266:slice$5574 ($_DFFE_PN0P_) from module rv32im_core (D = \u_mem_stage.reg_memwb [46], Q = \u_regfile.g_rf_flop.reg_file [1006]).
Adding EN signal on $auto$ff.cc:266:slice$5575 ($_DFFE_PN0P_) from module rv32im_core (D = \u_mem_stage.reg_memwb [47], Q = \u_regfile.g_rf_flop.reg_file [1007]).
Adding EN signal on $auto$ff.cc:266:slice$5576 ($_DFFE_PN0P_) from module rv32im_core (D = \u_mem_stage.reg_memwb [48], Q = \u_regfile.g_rf_flop.reg_file [1008]).
Adding EN signal on $auto$ff.cc:266:slice$5577 ($_DFFE_PN0P_) from module rv32im_core (D = \u_mem_stage.reg_memwb [49], Q = \u_regfile.g_rf_flop.reg_file [1009]).
Adding EN signal on $auto$ff.cc:266:slice$5578 ($_DFFE_PN0P_) from module rv32im_core (D = \u_mem_stage.reg_memwb [50], Q = \u_regfile.g_rf_flop.reg_file [1010]).
Adding EN signal on $auto$ff.cc:266:slice$5579 ($_DFFE_PN0P_) from module rv32im_core (D = \u_mem_stage.reg_memwb [51], Q = \u_regfile.g_rf_flop.reg_file [1011]).
Adding EN signal on $auto$ff.cc:266:slice$5580 ($_DFFE_PN0P_) from module rv32im_core (D = \u_mem_stage.reg_memwb [52], Q = \u_regfile.g_rf_flop.reg_file [1012]).
Adding EN signal on $auto$ff.cc:266:slice$5581 ($_DFFE_PN0P_) from module rv32im_core (D = \u_mem_stage.reg_memwb [53], Q = \u_regfile.g_rf_flop.reg_file [1013]).
Adding EN signal on $auto$ff.cc:266:slice$5582 ($_DFFE_PN0P_) from module rv32im_core (D = \u_mem_stage.reg_memwb [54], Q = \u_regfile.g_rf_flop.reg_file [1014]).
Adding EN signal on $auto$ff.cc:266:slice$5583 ($_DFFE_PN0P_) from module rv32im_core (D = \u_mem_stage.reg_memwb [55], Q = \u_regfile.g_rf_flop.reg_file [1015]).
Adding EN signal on $auto$ff.cc:266:slice$5584 ($_DFFE_PN0P_) from module rv32im_core (D = \u_mem_stage.reg_memwb [56], Q = \u_regfile.g_rf_flop.reg_file [1016]).
Adding EN signal on $auto$ff.cc:266:slice$5585 ($_DFFE_PN0P_) from module rv32im_core (D = \u_mem_stage.reg_memwb [57], Q = \u_regfile.g_rf_flop.reg_file [1017]).
Adding EN signal on $auto$ff.cc:266:slice$5586 ($_DFFE_PN0P_) from module rv32im_core (D = \u_mem_stage.reg_memwb [58], Q = \u_regfile.g_rf_flop.reg_file [1018]).
Adding EN signal on $auto$ff.cc:266:slice$5587 ($_DFFE_PN0P_) from module rv32im_core (D = \u_mem_stage.reg_memwb [59], Q = \u_regfile.g_rf_flop.reg_file [1019]).
Adding EN signal on $auto$ff.cc:266:slice$5588 ($_DFFE_PN0P_) from module rv32im_core (D = \u_mem_stage.reg_memwb [60], Q = \u_regfile.g_rf_flop.reg_file [1020]).
Adding EN signal on $auto$ff.cc:266:slice$5589 ($_DFFE_PN0P_) from module rv32im_core (D = \u_mem_stage.reg_memwb [61], Q = \u_regfile.g_rf_flop.reg_file [1021]).
Adding EN signal on $auto$ff.cc:266:slice$5590 ($_DFFE_PN0P_) from module rv32im_core (D = \u_mem_stage.reg_memwb [62], Q = \u_regfile.g_rf_flop.reg_file [1022]).
Adding EN signal on $auto$ff.cc:266:slice$5592 ($_DFFE_PN0P_) from module rv32im_core (D = \u_mem_stage.reg_memwb [32], Q = \u_regfile.g_rf_flop.reg_file [672]).
Adding EN signal on $auto$ff.cc:266:slice$5593 ($_DFFE_PN0P_) from module rv32im_core (D = \u_mem_stage.reg_memwb [33], Q = \u_regfile.g_rf_flop.reg_file [673]).
Adding EN signal on $auto$ff.cc:266:slice$5594 ($_DFFE_PN0P_) from module rv32im_core (D = \u_mem_stage.reg_memwb [34], Q = \u_regfile.g_rf_flop.reg_file [674]).
Adding EN signal on $auto$ff.cc:266:slice$5595 ($_DFFE_PN0P_) from module rv32im_core (D = \u_mem_stage.reg_memwb [35], Q = \u_regfile.g_rf_flop.reg_file [675]).
Adding EN signal on $auto$ff.cc:266:slice$5596 ($_DFFE_PN0P_) from module rv32im_core (D = \u_mem_stage.reg_memwb [36], Q = \u_regfile.g_rf_flop.reg_file [676]).
Adding EN signal on $auto$ff.cc:266:slice$5597 ($_DFFE_PN0P_) from module rv32im_core (D = \u_mem_stage.reg_memwb [37], Q = \u_regfile.g_rf_flop.reg_file [677]).
Adding EN signal on $auto$ff.cc:266:slice$5598 ($_DFFE_PN0P_) from module rv32im_core (D = \u_mem_stage.reg_memwb [38], Q = \u_regfile.g_rf_flop.reg_file [678]).
Adding EN signal on $auto$ff.cc:266:slice$5599 ($_DFFE_PN0P_) from module rv32im_core (D = \u_mem_stage.reg_memwb [39], Q = \u_regfile.g_rf_flop.reg_file [679]).
Adding EN signal on $auto$ff.cc:266:slice$5600 ($_DFFE_PN0P_) from module rv32im_core (D = \u_mem_stage.reg_memwb [40], Q = \u_regfile.g_rf_flop.reg_file [680]).
Adding EN signal on $auto$ff.cc:266:slice$5601 ($_DFFE_PN0P_) from module rv32im_core (D = \u_mem_stage.reg_memwb [41], Q = \u_regfile.g_rf_flop.reg_file [681]).
Adding EN signal on $auto$ff.cc:266:slice$5602 ($_DFFE_PN0P_) from module rv32im_core (D = \u_mem_stage.reg_memwb [42], Q = \u_regfile.g_rf_flop.reg_file [682]).
Adding EN signal on $auto$ff.cc:266:slice$5603 ($_DFFE_PN0P_) from module rv32im_core (D = \u_mem_stage.reg_memwb [43], Q = \u_regfile.g_rf_flop.reg_file [683]).
Adding EN signal on $auto$ff.cc:266:slice$5604 ($_DFFE_PN0P_) from module rv32im_core (D = \u_mem_stage.reg_memwb [44], Q = \u_regfile.g_rf_flop.reg_file [684]).
Adding EN signal on $auto$ff.cc:266:slice$5605 ($_DFFE_PN0P_) from module rv32im_core (D = \u_mem_stage.reg_memwb [45], Q = \u_regfile.g_rf_flop.reg_file [685]).
Adding EN signal on $auto$ff.cc:266:slice$5606 ($_DFFE_PN0P_) from module rv32im_core (D = \u_mem_stage.reg_memwb [46], Q = \u_regfile.g_rf_flop.reg_file [686]).
Adding EN signal on $auto$ff.cc:266:slice$5607 ($_DFFE_PN0P_) from module rv32im_core (D = \u_mem_stage.reg_memwb [47], Q = \u_regfile.g_rf_flop.reg_file [687]).
Adding EN signal on $auto$ff.cc:266:slice$5608 ($_DFFE_PN0P_) from module rv32im_core (D = \u_mem_stage.reg_memwb [48], Q = \u_regfile.g_rf_flop.reg_file [688]).
Adding EN signal on $auto$ff.cc:266:slice$5609 ($_DFFE_PN0P_) from module rv32im_core (D = \u_mem_stage.reg_memwb [49], Q = \u_regfile.g_rf_flop.reg_file [689]).
Adding EN signal on $auto$ff.cc:266:slice$5610 ($_DFFE_PN0P_) from module rv32im_core (D = \u_mem_stage.reg_memwb [50], Q = \u_regfile.g_rf_flop.reg_file [690]).
Adding EN signal on $auto$ff.cc:266:slice$5611 ($_DFFE_PN0P_) from module rv32im_core (D = \u_mem_stage.reg_memwb [51], Q = \u_regfile.g_rf_flop.reg_file [691]).
Adding EN signal on $auto$ff.cc:266:slice$5612 ($_DFFE_PN0P_) from module rv32im_core (D = \u_mem_stage.reg_memwb [52], Q = \u_regfile.g_rf_flop.reg_file [692]).
Adding EN signal on $auto$ff.cc:266:slice$5613 ($_DFFE_PN0P_) from module rv32im_core (D = \u_mem_stage.reg_memwb [53], Q = \u_regfile.g_rf_flop.reg_file [693]).
Adding EN signal on $auto$ff.cc:266:slice$5614 ($_DFFE_PN0P_) from module rv32im_core (D = \u_mem_stage.reg_memwb [54], Q = \u_regfile.g_rf_flop.reg_file [694]).
Adding EN signal on $auto$ff.cc:266:slice$5615 ($_DFFE_PN0P_) from module rv32im_core (D = \u_mem_stage.reg_memwb [55], Q = \u_regfile.g_rf_flop.reg_file [695]).
Adding EN signal on $auto$ff.cc:266:slice$5616 ($_DFFE_PN0P_) from module rv32im_core (D = \u_mem_stage.reg_memwb [56], Q = \u_regfile.g_rf_flop.reg_file [696]).
Adding EN signal on $auto$ff.cc:266:slice$5617 ($_DFFE_PN0P_) from module rv32im_core (D = \u_mem_stage.reg_memwb [57], Q = \u_regfile.g_rf_flop.reg_file [697]).
Adding EN signal on $auto$ff.cc:266:slice$5618 ($_DFFE_PN0P_) from module rv32im_core (D = \u_mem_stage.reg_memwb [58], Q = \u_regfile.g_rf_flop.reg_file [698]).
Adding EN signal on $auto$ff.cc:266:slice$5619 ($_DFFE_PN0P_) from module rv32im_core (D = \u_mem_stage.reg_memwb [59], Q = \u_regfile.g_rf_flop.reg_file [699]).
Adding EN signal on $auto$ff.cc:266:slice$5620 ($_DFFE_PN0P_) from module rv32im_core (D = \u_mem_stage.reg_memwb [60], Q = \u_regfile.g_rf_flop.reg_file [700]).
Adding EN signal on $auto$ff.cc:266:slice$5621 ($_DFFE_PN0P_) from module rv32im_core (D = \u_mem_stage.reg_memwb [61], Q = \u_regfile.g_rf_flop.reg_file [701]).
Adding EN signal on $auto$ff.cc:266:slice$5622 ($_DFFE_PN0P_) from module rv32im_core (D = \u_mem_stage.reg_memwb [62], Q = \u_regfile.g_rf_flop.reg_file [702]).
Adding EN signal on $auto$ff.cc:266:slice$5624 ($_DFFE_PN0P_) from module rv32im_core (D = \u_mem_stage.reg_memwb [32], Q = \u_regfile.g_rf_flop.reg_file [640]).
Adding EN signal on $auto$ff.cc:266:slice$5625 ($_DFFE_PN0P_) from module rv32im_core (D = \u_mem_stage.reg_memwb [33], Q = \u_regfile.g_rf_flop.reg_file [641]).
Adding EN signal on $auto$ff.cc:266:slice$5626 ($_DFFE_PN0P_) from module rv32im_core (D = \u_mem_stage.reg_memwb [34], Q = \u_regfile.g_rf_flop.reg_file [642]).
Adding EN signal on $auto$ff.cc:266:slice$5627 ($_DFFE_PN0P_) from module rv32im_core (D = \u_mem_stage.reg_memwb [35], Q = \u_regfile.g_rf_flop.reg_file [643]).
Adding EN signal on $auto$ff.cc:266:slice$5628 ($_DFFE_PN0P_) from module rv32im_core (D = \u_mem_stage.reg_memwb [36], Q = \u_regfile.g_rf_flop.reg_file [644]).
Adding EN signal on $auto$ff.cc:266:slice$5629 ($_DFFE_PN0P_) from module rv32im_core (D = \u_mem_stage.reg_memwb [37], Q = \u_regfile.g_rf_flop.reg_file [645]).
Adding EN signal on $auto$ff.cc:266:slice$5630 ($_DFFE_PN0P_) from module rv32im_core (D = \u_mem_stage.reg_memwb [38], Q = \u_regfile.g_rf_flop.reg_file [646]).
Adding EN signal on $auto$ff.cc:266:slice$5631 ($_DFFE_PN0P_) from module rv32im_core (D = \u_mem_stage.reg_memwb [39], Q = \u_regfile.g_rf_flop.reg_file [647]).
Adding EN signal on $auto$ff.cc:266:slice$5632 ($_DFFE_PN0P_) from module rv32im_core (D = \u_mem_stage.reg_memwb [40], Q = \u_regfile.g_rf_flop.reg_file [648]).
Adding EN signal on $auto$ff.cc:266:slice$5633 ($_DFFE_PN0P_) from module rv32im_core (D = \u_mem_stage.reg_memwb [41], Q = \u_regfile.g_rf_flop.reg_file [649]).
Adding EN signal on $auto$ff.cc:266:slice$5634 ($_DFFE_PN0P_) from module rv32im_core (D = \u_mem_stage.reg_memwb [42], Q = \u_regfile.g_rf_flop.reg_file [650]).
Adding EN signal on $auto$ff.cc:266:slice$5635 ($_DFFE_PN0P_) from module rv32im_core (D = \u_mem_stage.reg_memwb [43], Q = \u_regfile.g_rf_flop.reg_file [651]).
Adding EN signal on $auto$ff.cc:266:slice$5636 ($_DFFE_PN0P_) from module rv32im_core (D = \u_mem_stage.reg_memwb [44], Q = \u_regfile.g_rf_flop.reg_file [652]).
Adding EN signal on $auto$ff.cc:266:slice$5637 ($_DFFE_PN0P_) from module rv32im_core (D = \u_mem_stage.reg_memwb [45], Q = \u_regfile.g_rf_flop.reg_file [653]).
Adding EN signal on $auto$ff.cc:266:slice$5638 ($_DFFE_PN0P_) from module rv32im_core (D = \u_mem_stage.reg_memwb [46], Q = \u_regfile.g_rf_flop.reg_file [654]).
Adding EN signal on $auto$ff.cc:266:slice$5639 ($_DFFE_PN0P_) from module rv32im_core (D = \u_mem_stage.reg_memwb [47], Q = \u_regfile.g_rf_flop.reg_file [655]).
Adding EN signal on $auto$ff.cc:266:slice$5640 ($_DFFE_PN0P_) from module rv32im_core (D = \u_mem_stage.reg_memwb [48], Q = \u_regfile.g_rf_flop.reg_file [656]).
Adding EN signal on $auto$ff.cc:266:slice$5641 ($_DFFE_PN0P_) from module rv32im_core (D = \u_mem_stage.reg_memwb [49], Q = \u_regfile.g_rf_flop.reg_file [657]).
Adding EN signal on $auto$ff.cc:266:slice$5642 ($_DFFE_PN0P_) from module rv32im_core (D = \u_mem_stage.reg_memwb [50], Q = \u_regfile.g_rf_flop.reg_file [658]).
Adding EN signal on $auto$ff.cc:266:slice$5643 ($_DFFE_PN0P_) from module rv32im_core (D = \u_mem_stage.reg_memwb [51], Q = \u_regfile.g_rf_flop.reg_file [659]).
Adding EN signal on $auto$ff.cc:266:slice$5644 ($_DFFE_PN0P_) from module rv32im_core (D = \u_mem_stage.reg_memwb [52], Q = \u_regfile.g_rf_flop.reg_file [660]).
Adding EN signal on $auto$ff.cc:266:slice$5645 ($_DFFE_PN0P_) from module rv32im_core (D = \u_mem_stage.reg_memwb [53], Q = \u_regfile.g_rf_flop.reg_file [661]).
Adding EN signal on $auto$ff.cc:266:slice$5646 ($_DFFE_PN0P_) from module rv32im_core (D = \u_mem_stage.reg_memwb [54], Q = \u_regfile.g_rf_flop.reg_file [662]).
Adding EN signal on $auto$ff.cc:266:slice$5647 ($_DFFE_PN0P_) from module rv32im_core (D = \u_mem_stage.reg_memwb [55], Q = \u_regfile.g_rf_flop.reg_file [663]).
Adding EN signal on $auto$ff.cc:266:slice$5648 ($_DFFE_PN0P_) from module rv32im_core (D = \u_mem_stage.reg_memwb [56], Q = \u_regfile.g_rf_flop.reg_file [664]).
Adding EN signal on $auto$ff.cc:266:slice$5649 ($_DFFE_PN0P_) from module rv32im_core (D = \u_mem_stage.reg_memwb [57], Q = \u_regfile.g_rf_flop.reg_file [665]).
Adding EN signal on $auto$ff.cc:266:slice$5650 ($_DFFE_PN0P_) from module rv32im_core (D = \u_mem_stage.reg_memwb [58], Q = \u_regfile.g_rf_flop.reg_file [666]).
Adding EN signal on $auto$ff.cc:266:slice$5651 ($_DFFE_PN0P_) from module rv32im_core (D = \u_mem_stage.reg_memwb [59], Q = \u_regfile.g_rf_flop.reg_file [667]).
Adding EN signal on $auto$ff.cc:266:slice$5652 ($_DFFE_PN0P_) from module rv32im_core (D = \u_mem_stage.reg_memwb [60], Q = \u_regfile.g_rf_flop.reg_file [668]).
Adding EN signal on $auto$ff.cc:266:slice$5653 ($_DFFE_PN0P_) from module rv32im_core (D = \u_mem_stage.reg_memwb [61], Q = \u_regfile.g_rf_flop.reg_file [669]).
Adding EN signal on $auto$ff.cc:266:slice$5654 ($_DFFE_PN0P_) from module rv32im_core (D = \u_mem_stage.reg_memwb [62], Q = \u_regfile.g_rf_flop.reg_file [670]).
Adding EN signal on $auto$ff.cc:266:slice$5656 ($_DFFE_PN0P_) from module rv32im_core (D = \u_mem_stage.reg_memwb [32], Q = \u_regfile.g_rf_flop.reg_file [608]).
Adding EN signal on $auto$ff.cc:266:slice$5657 ($_DFFE_PN0P_) from module rv32im_core (D = \u_mem_stage.reg_memwb [33], Q = \u_regfile.g_rf_flop.reg_file [609]).
Adding EN signal on $auto$ff.cc:266:slice$5658 ($_DFFE_PN0P_) from module rv32im_core (D = \u_mem_stage.reg_memwb [34], Q = \u_regfile.g_rf_flop.reg_file [610]).
Adding EN signal on $auto$ff.cc:266:slice$5659 ($_DFFE_PN0P_) from module rv32im_core (D = \u_mem_stage.reg_memwb [35], Q = \u_regfile.g_rf_flop.reg_file [611]).
Adding EN signal on $auto$ff.cc:266:slice$5660 ($_DFFE_PN0P_) from module rv32im_core (D = \u_mem_stage.reg_memwb [36], Q = \u_regfile.g_rf_flop.reg_file [612]).
Adding EN signal on $auto$ff.cc:266:slice$5661 ($_DFFE_PN0P_) from module rv32im_core (D = \u_mem_stage.reg_memwb [37], Q = \u_regfile.g_rf_flop.reg_file [613]).
Adding EN signal on $auto$ff.cc:266:slice$5662 ($_DFFE_PN0P_) from module rv32im_core (D = \u_mem_stage.reg_memwb [38], Q = \u_regfile.g_rf_flop.reg_file [614]).
Adding EN signal on $auto$ff.cc:266:slice$5663 ($_DFFE_PN0P_) from module rv32im_core (D = \u_mem_stage.reg_memwb [39], Q = \u_regfile.g_rf_flop.reg_file [615]).
Adding EN signal on $auto$ff.cc:266:slice$5664 ($_DFFE_PN0P_) from module rv32im_core (D = \u_mem_stage.reg_memwb [40], Q = \u_regfile.g_rf_flop.reg_file [616]).
Adding EN signal on $auto$ff.cc:266:slice$5665 ($_DFFE_PN0P_) from module rv32im_core (D = \u_mem_stage.reg_memwb [41], Q = \u_regfile.g_rf_flop.reg_file [617]).
Adding EN signal on $auto$ff.cc:266:slice$5666 ($_DFFE_PN0P_) from module rv32im_core (D = \u_mem_stage.reg_memwb [42], Q = \u_regfile.g_rf_flop.reg_file [618]).
Adding EN signal on $auto$ff.cc:266:slice$5667 ($_DFFE_PN0P_) from module rv32im_core (D = \u_mem_stage.reg_memwb [43], Q = \u_regfile.g_rf_flop.reg_file [619]).
Adding EN signal on $auto$ff.cc:266:slice$5668 ($_DFFE_PN0P_) from module rv32im_core (D = \u_mem_stage.reg_memwb [44], Q = \u_regfile.g_rf_flop.reg_file [620]).
Adding EN signal on $auto$ff.cc:266:slice$5669 ($_DFFE_PN0P_) from module rv32im_core (D = \u_mem_stage.reg_memwb [45], Q = \u_regfile.g_rf_flop.reg_file [621]).
Adding EN signal on $auto$ff.cc:266:slice$5670 ($_DFFE_PN0P_) from module rv32im_core (D = \u_mem_stage.reg_memwb [46], Q = \u_regfile.g_rf_flop.reg_file [622]).
Adding EN signal on $auto$ff.cc:266:slice$5671 ($_DFFE_PN0P_) from module rv32im_core (D = \u_mem_stage.reg_memwb [47], Q = \u_regfile.g_rf_flop.reg_file [623]).
Adding EN signal on $auto$ff.cc:266:slice$5672 ($_DFFE_PN0P_) from module rv32im_core (D = \u_mem_stage.reg_memwb [48], Q = \u_regfile.g_rf_flop.reg_file [624]).
Adding EN signal on $auto$ff.cc:266:slice$5673 ($_DFFE_PN0P_) from module rv32im_core (D = \u_mem_stage.reg_memwb [49], Q = \u_regfile.g_rf_flop.reg_file [625]).
Adding EN signal on $auto$ff.cc:266:slice$5674 ($_DFFE_PN0P_) from module rv32im_core (D = \u_mem_stage.reg_memwb [50], Q = \u_regfile.g_rf_flop.reg_file [626]).
Adding EN signal on $auto$ff.cc:266:slice$5675 ($_DFFE_PN0P_) from module rv32im_core (D = \u_mem_stage.reg_memwb [51], Q = \u_regfile.g_rf_flop.reg_file [627]).
Adding EN signal on $auto$ff.cc:266:slice$5676 ($_DFFE_PN0P_) from module rv32im_core (D = \u_mem_stage.reg_memwb [52], Q = \u_regfile.g_rf_flop.reg_file [628]).
Adding EN signal on $auto$ff.cc:266:slice$5677 ($_DFFE_PN0P_) from module rv32im_core (D = \u_mem_stage.reg_memwb [53], Q = \u_regfile.g_rf_flop.reg_file [629]).
Adding EN signal on $auto$ff.cc:266:slice$5678 ($_DFFE_PN0P_) from module rv32im_core (D = \u_mem_stage.reg_memwb [54], Q = \u_regfile.g_rf_flop.reg_file [630]).
Adding EN signal on $auto$ff.cc:266:slice$5679 ($_DFFE_PN0P_) from module rv32im_core (D = \u_mem_stage.reg_memwb [55], Q = \u_regfile.g_rf_flop.reg_file [631]).
Adding EN signal on $auto$ff.cc:266:slice$5680 ($_DFFE_PN0P_) from module rv32im_core (D = \u_mem_stage.reg_memwb [56], Q = \u_regfile.g_rf_flop.reg_file [632]).
Adding EN signal on $auto$ff.cc:266:slice$5681 ($_DFFE_PN0P_) from module rv32im_core (D = \u_mem_stage.reg_memwb [57], Q = \u_regfile.g_rf_flop.reg_file [633]).
Adding EN signal on $auto$ff.cc:266:slice$5682 ($_DFFE_PN0P_) from module rv32im_core (D = \u_mem_stage.reg_memwb [58], Q = \u_regfile.g_rf_flop.reg_file [634]).
Adding EN signal on $auto$ff.cc:266:slice$5683 ($_DFFE_PN0P_) from module rv32im_core (D = \u_mem_stage.reg_memwb [59], Q = \u_regfile.g_rf_flop.reg_file [635]).
Adding EN signal on $auto$ff.cc:266:slice$5684 ($_DFFE_PN0P_) from module rv32im_core (D = \u_mem_stage.reg_memwb [60], Q = \u_regfile.g_rf_flop.reg_file [636]).
Adding EN signal on $auto$ff.cc:266:slice$5685 ($_DFFE_PN0P_) from module rv32im_core (D = \u_mem_stage.reg_memwb [61], Q = \u_regfile.g_rf_flop.reg_file [637]).
Adding EN signal on $auto$ff.cc:266:slice$5686 ($_DFFE_PN0P_) from module rv32im_core (D = \u_mem_stage.reg_memwb [62], Q = \u_regfile.g_rf_flop.reg_file [638]).
Adding EN signal on $auto$ff.cc:266:slice$5688 ($_DFFE_PN0P_) from module rv32im_core (D = \u_mem_stage.reg_memwb [32], Q = \u_regfile.g_rf_flop.reg_file [576]).
Adding EN signal on $auto$ff.cc:266:slice$5689 ($_DFFE_PN0P_) from module rv32im_core (D = \u_mem_stage.reg_memwb [33], Q = \u_regfile.g_rf_flop.reg_file [577]).
Adding EN signal on $auto$ff.cc:266:slice$5690 ($_DFFE_PN0P_) from module rv32im_core (D = \u_mem_stage.reg_memwb [34], Q = \u_regfile.g_rf_flop.reg_file [578]).
Adding EN signal on $auto$ff.cc:266:slice$5691 ($_DFFE_PN0P_) from module rv32im_core (D = \u_mem_stage.reg_memwb [35], Q = \u_regfile.g_rf_flop.reg_file [579]).
Adding EN signal on $auto$ff.cc:266:slice$5692 ($_DFFE_PN0P_) from module rv32im_core (D = \u_mem_stage.reg_memwb [36], Q = \u_regfile.g_rf_flop.reg_file [580]).
Adding EN signal on $auto$ff.cc:266:slice$5693 ($_DFFE_PN0P_) from module rv32im_core (D = \u_mem_stage.reg_memwb [37], Q = \u_regfile.g_rf_flop.reg_file [581]).
Adding EN signal on $auto$ff.cc:266:slice$5694 ($_DFFE_PN0P_) from module rv32im_core (D = \u_mem_stage.reg_memwb [38], Q = \u_regfile.g_rf_flop.reg_file [582]).
Adding EN signal on $auto$ff.cc:266:slice$5695 ($_DFFE_PN0P_) from module rv32im_core (D = \u_mem_stage.reg_memwb [39], Q = \u_regfile.g_rf_flop.reg_file [583]).
Adding EN signal on $auto$ff.cc:266:slice$5696 ($_DFFE_PN0P_) from module rv32im_core (D = \u_mem_stage.reg_memwb [40], Q = \u_regfile.g_rf_flop.reg_file [584]).
Adding EN signal on $auto$ff.cc:266:slice$5697 ($_DFFE_PN0P_) from module rv32im_core (D = \u_mem_stage.reg_memwb [41], Q = \u_regfile.g_rf_flop.reg_file [585]).
Adding EN signal on $auto$ff.cc:266:slice$5698 ($_DFFE_PN0P_) from module rv32im_core (D = \u_mem_stage.reg_memwb [42], Q = \u_regfile.g_rf_flop.reg_file [586]).
Adding EN signal on $auto$ff.cc:266:slice$5699 ($_DFFE_PN0P_) from module rv32im_core (D = \u_mem_stage.reg_memwb [43], Q = \u_regfile.g_rf_flop.reg_file [587]).
Adding EN signal on $auto$ff.cc:266:slice$5700 ($_DFFE_PN0P_) from module rv32im_core (D = \u_mem_stage.reg_memwb [44], Q = \u_regfile.g_rf_flop.reg_file [588]).
Adding EN signal on $auto$ff.cc:266:slice$5701 ($_DFFE_PN0P_) from module rv32im_core (D = \u_mem_stage.reg_memwb [45], Q = \u_regfile.g_rf_flop.reg_file [589]).
Adding EN signal on $auto$ff.cc:266:slice$5702 ($_DFFE_PN0P_) from module rv32im_core (D = \u_mem_stage.reg_memwb [46], Q = \u_regfile.g_rf_flop.reg_file [590]).
Adding EN signal on $auto$ff.cc:266:slice$5703 ($_DFFE_PN0P_) from module rv32im_core (D = \u_mem_stage.reg_memwb [47], Q = \u_regfile.g_rf_flop.reg_file [591]).
Adding EN signal on $auto$ff.cc:266:slice$5704 ($_DFFE_PN0P_) from module rv32im_core (D = \u_mem_stage.reg_memwb [48], Q = \u_regfile.g_rf_flop.reg_file [592]).
Adding EN signal on $auto$ff.cc:266:slice$5705 ($_DFFE_PN0P_) from module rv32im_core (D = \u_mem_stage.reg_memwb [49], Q = \u_regfile.g_rf_flop.reg_file [593]).
Adding EN signal on $auto$ff.cc:266:slice$5706 ($_DFFE_PN0P_) from module rv32im_core (D = \u_mem_stage.reg_memwb [50], Q = \u_regfile.g_rf_flop.reg_file [594]).
Adding EN signal on $auto$ff.cc:266:slice$5707 ($_DFFE_PN0P_) from module rv32im_core (D = \u_mem_stage.reg_memwb [51], Q = \u_regfile.g_rf_flop.reg_file [595]).
Adding EN signal on $auto$ff.cc:266:slice$5708 ($_DFFE_PN0P_) from module rv32im_core (D = \u_mem_stage.reg_memwb [52], Q = \u_regfile.g_rf_flop.reg_file [596]).
Adding EN signal on $auto$ff.cc:266:slice$5709 ($_DFFE_PN0P_) from module rv32im_core (D = \u_mem_stage.reg_memwb [53], Q = \u_regfile.g_rf_flop.reg_file [597]).
Adding EN signal on $auto$ff.cc:266:slice$5710 ($_DFFE_PN0P_) from module rv32im_core (D = \u_mem_stage.reg_memwb [54], Q = \u_regfile.g_rf_flop.reg_file [598]).
Adding EN signal on $auto$ff.cc:266:slice$5711 ($_DFFE_PN0P_) from module rv32im_core (D = \u_mem_stage.reg_memwb [55], Q = \u_regfile.g_rf_flop.reg_file [599]).
Adding EN signal on $auto$ff.cc:266:slice$5712 ($_DFFE_PN0P_) from module rv32im_core (D = \u_mem_stage.reg_memwb [56], Q = \u_regfile.g_rf_flop.reg_file [600]).
Adding EN signal on $auto$ff.cc:266:slice$5713 ($_DFFE_PN0P_) from module rv32im_core (D = \u_mem_stage.reg_memwb [57], Q = \u_regfile.g_rf_flop.reg_file [601]).
Adding EN signal on $auto$ff.cc:266:slice$5714 ($_DFFE_PN0P_) from module rv32im_core (D = \u_mem_stage.reg_memwb [58], Q = \u_regfile.g_rf_flop.reg_file [602]).
Adding EN signal on $auto$ff.cc:266:slice$5715 ($_DFFE_PN0P_) from module rv32im_core (D = \u_mem_stage.reg_memwb [59], Q = \u_regfile.g_rf_flop.reg_file [603]).
Adding EN signal on $auto$ff.cc:266:slice$5716 ($_DFFE_PN0P_) from module rv32im_core (D = \u_mem_stage.reg_memwb [60], Q = \u_regfile.g_rf_flop.reg_file [604]).
Adding EN signal on $auto$ff.cc:266:slice$5717 ($_DFFE_PN0P_) from module rv32im_core (D = \u_mem_stage.reg_memwb [61], Q = \u_regfile.g_rf_flop.reg_file [605]).
Adding EN signal on $auto$ff.cc:266:slice$5718 ($_DFFE_PN0P_) from module rv32im_core (D = \u_mem_stage.reg_memwb [62], Q = \u_regfile.g_rf_flop.reg_file [606]).
Adding EN signal on $auto$ff.cc:266:slice$5720 ($_DFFE_PN0P_) from module rv32im_core (D = \u_mem_stage.reg_memwb [32], Q = \u_regfile.g_rf_flop.reg_file [544]).
Adding EN signal on $auto$ff.cc:266:slice$5721 ($_DFFE_PN0P_) from module rv32im_core (D = \u_mem_stage.reg_memwb [33], Q = \u_regfile.g_rf_flop.reg_file [545]).
Adding EN signal on $auto$ff.cc:266:slice$5722 ($_DFFE_PN0P_) from module rv32im_core (D = \u_mem_stage.reg_memwb [34], Q = \u_regfile.g_rf_flop.reg_file [546]).
Adding EN signal on $auto$ff.cc:266:slice$5723 ($_DFFE_PN0P_) from module rv32im_core (D = \u_mem_stage.reg_memwb [35], Q = \u_regfile.g_rf_flop.reg_file [547]).
Adding EN signal on $auto$ff.cc:266:slice$5724 ($_DFFE_PN0P_) from module rv32im_core (D = \u_mem_stage.reg_memwb [36], Q = \u_regfile.g_rf_flop.reg_file [548]).
Adding EN signal on $auto$ff.cc:266:slice$5725 ($_DFFE_PN0P_) from module rv32im_core (D = \u_mem_stage.reg_memwb [37], Q = \u_regfile.g_rf_flop.reg_file [549]).
Adding EN signal on $auto$ff.cc:266:slice$5726 ($_DFFE_PN0P_) from module rv32im_core (D = \u_mem_stage.reg_memwb [38], Q = \u_regfile.g_rf_flop.reg_file [550]).
Adding EN signal on $auto$ff.cc:266:slice$5727 ($_DFFE_PN0P_) from module rv32im_core (D = \u_mem_stage.reg_memwb [39], Q = \u_regfile.g_rf_flop.reg_file [551]).
Adding EN signal on $auto$ff.cc:266:slice$5728 ($_DFFE_PN0P_) from module rv32im_core (D = \u_mem_stage.reg_memwb [40], Q = \u_regfile.g_rf_flop.reg_file [552]).
Adding EN signal on $auto$ff.cc:266:slice$5729 ($_DFFE_PN0P_) from module rv32im_core (D = \u_mem_stage.reg_memwb [41], Q = \u_regfile.g_rf_flop.reg_file [553]).
Adding EN signal on $auto$ff.cc:266:slice$5730 ($_DFFE_PN0P_) from module rv32im_core (D = \u_mem_stage.reg_memwb [42], Q = \u_regfile.g_rf_flop.reg_file [554]).
Adding EN signal on $auto$ff.cc:266:slice$5731 ($_DFFE_PN0P_) from module rv32im_core (D = \u_mem_stage.reg_memwb [43], Q = \u_regfile.g_rf_flop.reg_file [555]).
Adding EN signal on $auto$ff.cc:266:slice$5732 ($_DFFE_PN0P_) from module rv32im_core (D = \u_mem_stage.reg_memwb [44], Q = \u_regfile.g_rf_flop.reg_file [556]).
Adding EN signal on $auto$ff.cc:266:slice$5733 ($_DFFE_PN0P_) from module rv32im_core (D = \u_mem_stage.reg_memwb [45], Q = \u_regfile.g_rf_flop.reg_file [557]).
Adding EN signal on $auto$ff.cc:266:slice$5734 ($_DFFE_PN0P_) from module rv32im_core (D = \u_mem_stage.reg_memwb [46], Q = \u_regfile.g_rf_flop.reg_file [558]).
Adding EN signal on $auto$ff.cc:266:slice$5735 ($_DFFE_PN0P_) from module rv32im_core (D = \u_mem_stage.reg_memwb [47], Q = \u_regfile.g_rf_flop.reg_file [559]).
Adding EN signal on $auto$ff.cc:266:slice$5736 ($_DFFE_PN0P_) from module rv32im_core (D = \u_mem_stage.reg_memwb [48], Q = \u_regfile.g_rf_flop.reg_file [560]).
Adding EN signal on $auto$ff.cc:266:slice$5737 ($_DFFE_PN0P_) from module rv32im_core (D = \u_mem_stage.reg_memwb [49], Q = \u_regfile.g_rf_flop.reg_file [561]).
Adding EN signal on $auto$ff.cc:266:slice$5738 ($_DFFE_PN0P_) from module rv32im_core (D = \u_mem_stage.reg_memwb [50], Q = \u_regfile.g_rf_flop.reg_file [562]).
Adding EN signal on $auto$ff.cc:266:slice$5739 ($_DFFE_PN0P_) from module rv32im_core (D = \u_mem_stage.reg_memwb [51], Q = \u_regfile.g_rf_flop.reg_file [563]).
Adding EN signal on $auto$ff.cc:266:slice$5740 ($_DFFE_PN0P_) from module rv32im_core (D = \u_mem_stage.reg_memwb [52], Q = \u_regfile.g_rf_flop.reg_file [564]).
Adding EN signal on $auto$ff.cc:266:slice$5741 ($_DFFE_PN0P_) from module rv32im_core (D = \u_mem_stage.reg_memwb [53], Q = \u_regfile.g_rf_flop.reg_file [565]).
Adding EN signal on $auto$ff.cc:266:slice$5742 ($_DFFE_PN0P_) from module rv32im_core (D = \u_mem_stage.reg_memwb [54], Q = \u_regfile.g_rf_flop.reg_file [566]).
Adding EN signal on $auto$ff.cc:266:slice$5743 ($_DFFE_PN0P_) from module rv32im_core (D = \u_mem_stage.reg_memwb [55], Q = \u_regfile.g_rf_flop.reg_file [567]).
Adding EN signal on $auto$ff.cc:266:slice$5744 ($_DFFE_PN0P_) from module rv32im_core (D = \u_mem_stage.reg_memwb [56], Q = \u_regfile.g_rf_flop.reg_file [568]).
Adding EN signal on $auto$ff.cc:266:slice$5745 ($_DFFE_PN0P_) from module rv32im_core (D = \u_mem_stage.reg_memwb [57], Q = \u_regfile.g_rf_flop.reg_file [569]).
Adding EN signal on $auto$ff.cc:266:slice$5746 ($_DFFE_PN0P_) from module rv32im_core (D = \u_mem_stage.reg_memwb [58], Q = \u_regfile.g_rf_flop.reg_file [570]).
Adding EN signal on $auto$ff.cc:266:slice$5747 ($_DFFE_PN0P_) from module rv32im_core (D = \u_mem_stage.reg_memwb [59], Q = \u_regfile.g_rf_flop.reg_file [571]).
Adding EN signal on $auto$ff.cc:266:slice$5748 ($_DFFE_PN0P_) from module rv32im_core (D = \u_mem_stage.reg_memwb [60], Q = \u_regfile.g_rf_flop.reg_file [572]).
Adding EN signal on $auto$ff.cc:266:slice$5749 ($_DFFE_PN0P_) from module rv32im_core (D = \u_mem_stage.reg_memwb [61], Q = \u_regfile.g_rf_flop.reg_file [573]).
Adding EN signal on $auto$ff.cc:266:slice$5750 ($_DFFE_PN0P_) from module rv32im_core (D = \u_mem_stage.reg_memwb [62], Q = \u_regfile.g_rf_flop.reg_file [574]).
Adding EN signal on $auto$ff.cc:266:slice$5752 ($_DFFE_PN0P_) from module rv32im_core (D = \u_mem_stage.reg_memwb [32], Q = \u_regfile.g_rf_flop.reg_file [512]).
Adding EN signal on $auto$ff.cc:266:slice$5753 ($_DFFE_PN0P_) from module rv32im_core (D = \u_mem_stage.reg_memwb [33], Q = \u_regfile.g_rf_flop.reg_file [513]).
Adding EN signal on $auto$ff.cc:266:slice$5754 ($_DFFE_PN0P_) from module rv32im_core (D = \u_mem_stage.reg_memwb [34], Q = \u_regfile.g_rf_flop.reg_file [514]).
Adding EN signal on $auto$ff.cc:266:slice$5755 ($_DFFE_PN0P_) from module rv32im_core (D = \u_mem_stage.reg_memwb [35], Q = \u_regfile.g_rf_flop.reg_file [515]).
Adding EN signal on $auto$ff.cc:266:slice$5756 ($_DFFE_PN0P_) from module rv32im_core (D = \u_mem_stage.reg_memwb [36], Q = \u_regfile.g_rf_flop.reg_file [516]).
Adding EN signal on $auto$ff.cc:266:slice$5757 ($_DFFE_PN0P_) from module rv32im_core (D = \u_mem_stage.reg_memwb [37], Q = \u_regfile.g_rf_flop.reg_file [517]).
Adding EN signal on $auto$ff.cc:266:slice$5758 ($_DFFE_PN0P_) from module rv32im_core (D = \u_mem_stage.reg_memwb [38], Q = \u_regfile.g_rf_flop.reg_file [518]).
Adding EN signal on $auto$ff.cc:266:slice$5759 ($_DFFE_PN0P_) from module rv32im_core (D = \u_mem_stage.reg_memwb [39], Q = \u_regfile.g_rf_flop.reg_file [519]).
Adding EN signal on $auto$ff.cc:266:slice$5760 ($_DFFE_PN0P_) from module rv32im_core (D = \u_mem_stage.reg_memwb [40], Q = \u_regfile.g_rf_flop.reg_file [520]).
Adding EN signal on $auto$ff.cc:266:slice$5761 ($_DFFE_PN0P_) from module rv32im_core (D = \u_mem_stage.reg_memwb [41], Q = \u_regfile.g_rf_flop.reg_file [521]).
Adding EN signal on $auto$ff.cc:266:slice$5762 ($_DFFE_PN0P_) from module rv32im_core (D = \u_mem_stage.reg_memwb [42], Q = \u_regfile.g_rf_flop.reg_file [522]).
Adding EN signal on $auto$ff.cc:266:slice$5763 ($_DFFE_PN0P_) from module rv32im_core (D = \u_mem_stage.reg_memwb [43], Q = \u_regfile.g_rf_flop.reg_file [523]).
Adding EN signal on $auto$ff.cc:266:slice$5764 ($_DFFE_PN0P_) from module rv32im_core (D = \u_mem_stage.reg_memwb [44], Q = \u_regfile.g_rf_flop.reg_file [524]).
Adding EN signal on $auto$ff.cc:266:slice$5765 ($_DFFE_PN0P_) from module rv32im_core (D = \u_mem_stage.reg_memwb [45], Q = \u_regfile.g_rf_flop.reg_file [525]).
Adding EN signal on $auto$ff.cc:266:slice$5766 ($_DFFE_PN0P_) from module rv32im_core (D = \u_mem_stage.reg_memwb [46], Q = \u_regfile.g_rf_flop.reg_file [526]).
Adding EN signal on $auto$ff.cc:266:slice$5767 ($_DFFE_PN0P_) from module rv32im_core (D = \u_mem_stage.reg_memwb [47], Q = \u_regfile.g_rf_flop.reg_file [527]).
Adding EN signal on $auto$ff.cc:266:slice$5768 ($_DFFE_PN0P_) from module rv32im_core (D = \u_mem_stage.reg_memwb [48], Q = \u_regfile.g_rf_flop.reg_file [528]).
Adding EN signal on $auto$ff.cc:266:slice$5769 ($_DFFE_PN0P_) from module rv32im_core (D = \u_mem_stage.reg_memwb [49], Q = \u_regfile.g_rf_flop.reg_file [529]).
Adding EN signal on $auto$ff.cc:266:slice$5770 ($_DFFE_PN0P_) from module rv32im_core (D = \u_mem_stage.reg_memwb [50], Q = \u_regfile.g_rf_flop.reg_file [530]).
Adding EN signal on $auto$ff.cc:266:slice$5771 ($_DFFE_PN0P_) from module rv32im_core (D = \u_mem_stage.reg_memwb [51], Q = \u_regfile.g_rf_flop.reg_file [531]).
Adding EN signal on $auto$ff.cc:266:slice$5772 ($_DFFE_PN0P_) from module rv32im_core (D = \u_mem_stage.reg_memwb [52], Q = \u_regfile.g_rf_flop.reg_file [532]).
Adding EN signal on $auto$ff.cc:266:slice$5773 ($_DFFE_PN0P_) from module rv32im_core (D = \u_mem_stage.reg_memwb [53], Q = \u_regfile.g_rf_flop.reg_file [533]).
Adding EN signal on $auto$ff.cc:266:slice$5774 ($_DFFE_PN0P_) from module rv32im_core (D = \u_mem_stage.reg_memwb [54], Q = \u_regfile.g_rf_flop.reg_file [534]).
Adding EN signal on $auto$ff.cc:266:slice$5775 ($_DFFE_PN0P_) from module rv32im_core (D = \u_mem_stage.reg_memwb [55], Q = \u_regfile.g_rf_flop.reg_file [535]).
Adding EN signal on $auto$ff.cc:266:slice$5776 ($_DFFE_PN0P_) from module rv32im_core (D = \u_mem_stage.reg_memwb [56], Q = \u_regfile.g_rf_flop.reg_file [536]).
Adding EN signal on $auto$ff.cc:266:slice$5777 ($_DFFE_PN0P_) from module rv32im_core (D = \u_mem_stage.reg_memwb [57], Q = \u_regfile.g_rf_flop.reg_file [537]).
Adding EN signal on $auto$ff.cc:266:slice$5778 ($_DFFE_PN0P_) from module rv32im_core (D = \u_mem_stage.reg_memwb [58], Q = \u_regfile.g_rf_flop.reg_file [538]).
Adding EN signal on $auto$ff.cc:266:slice$5779 ($_DFFE_PN0P_) from module rv32im_core (D = \u_mem_stage.reg_memwb [59], Q = \u_regfile.g_rf_flop.reg_file [539]).
Adding EN signal on $auto$ff.cc:266:slice$5780 ($_DFFE_PN0P_) from module rv32im_core (D = \u_mem_stage.reg_memwb [60], Q = \u_regfile.g_rf_flop.reg_file [540]).
Adding EN signal on $auto$ff.cc:266:slice$5781 ($_DFFE_PN0P_) from module rv32im_core (D = \u_mem_stage.reg_memwb [61], Q = \u_regfile.g_rf_flop.reg_file [541]).
Adding EN signal on $auto$ff.cc:266:slice$5782 ($_DFFE_PN0P_) from module rv32im_core (D = \u_mem_stage.reg_memwb [62], Q = \u_regfile.g_rf_flop.reg_file [542]).
Adding EN signal on $auto$ff.cc:266:slice$5784 ($_DFFE_PN0P_) from module rv32im_core (D = \u_mem_stage.reg_memwb [32], Q = \u_regfile.g_rf_flop.reg_file [480]).
Adding EN signal on $auto$ff.cc:266:slice$5785 ($_DFFE_PN0P_) from module rv32im_core (D = \u_mem_stage.reg_memwb [33], Q = \u_regfile.g_rf_flop.reg_file [481]).
Adding EN signal on $auto$ff.cc:266:slice$5786 ($_DFFE_PN0P_) from module rv32im_core (D = \u_mem_stage.reg_memwb [34], Q = \u_regfile.g_rf_flop.reg_file [482]).
Adding EN signal on $auto$ff.cc:266:slice$5787 ($_DFFE_PN0P_) from module rv32im_core (D = \u_mem_stage.reg_memwb [35], Q = \u_regfile.g_rf_flop.reg_file [483]).
Adding EN signal on $auto$ff.cc:266:slice$5788 ($_DFFE_PN0P_) from module rv32im_core (D = \u_mem_stage.reg_memwb [36], Q = \u_regfile.g_rf_flop.reg_file [484]).
Adding EN signal on $auto$ff.cc:266:slice$5789 ($_DFFE_PN0P_) from module rv32im_core (D = \u_mem_stage.reg_memwb [37], Q = \u_regfile.g_rf_flop.reg_file [485]).
Adding EN signal on $auto$ff.cc:266:slice$5790 ($_DFFE_PN0P_) from module rv32im_core (D = \u_mem_stage.reg_memwb [38], Q = \u_regfile.g_rf_flop.reg_file [486]).
Adding EN signal on $auto$ff.cc:266:slice$5791 ($_DFFE_PN0P_) from module rv32im_core (D = \u_mem_stage.reg_memwb [39], Q = \u_regfile.g_rf_flop.reg_file [487]).
Adding EN signal on $auto$ff.cc:266:slice$5792 ($_DFFE_PN0P_) from module rv32im_core (D = \u_mem_stage.reg_memwb [40], Q = \u_regfile.g_rf_flop.reg_file [488]).
Adding EN signal on $auto$ff.cc:266:slice$5793 ($_DFFE_PN0P_) from module rv32im_core (D = \u_mem_stage.reg_memwb [41], Q = \u_regfile.g_rf_flop.reg_file [489]).
Adding EN signal on $auto$ff.cc:266:slice$5794 ($_DFFE_PN0P_) from module rv32im_core (D = \u_mem_stage.reg_memwb [42], Q = \u_regfile.g_rf_flop.reg_file [490]).
Adding EN signal on $auto$ff.cc:266:slice$5795 ($_DFFE_PN0P_) from module rv32im_core (D = \u_mem_stage.reg_memwb [43], Q = \u_regfile.g_rf_flop.reg_file [491]).
Adding EN signal on $auto$ff.cc:266:slice$5796 ($_DFFE_PN0P_) from module rv32im_core (D = \u_mem_stage.reg_memwb [44], Q = \u_regfile.g_rf_flop.reg_file [492]).
Adding EN signal on $auto$ff.cc:266:slice$5797 ($_DFFE_PN0P_) from module rv32im_core (D = \u_mem_stage.reg_memwb [45], Q = \u_regfile.g_rf_flop.reg_file [493]).
Adding EN signal on $auto$ff.cc:266:slice$5798 ($_DFFE_PN0P_) from module rv32im_core (D = \u_mem_stage.reg_memwb [46], Q = \u_regfile.g_rf_flop.reg_file [494]).
Adding EN signal on $auto$ff.cc:266:slice$5799 ($_DFFE_PN0P_) from module rv32im_core (D = \u_mem_stage.reg_memwb [47], Q = \u_regfile.g_rf_flop.reg_file [495]).
Adding EN signal on $auto$ff.cc:266:slice$5800 ($_DFFE_PN0P_) from module rv32im_core (D = \u_mem_stage.reg_memwb [48], Q = \u_regfile.g_rf_flop.reg_file [496]).
Adding EN signal on $auto$ff.cc:266:slice$5801 ($_DFFE_PN0P_) from module rv32im_core (D = \u_mem_stage.reg_memwb [49], Q = \u_regfile.g_rf_flop.reg_file [497]).
Adding EN signal on $auto$ff.cc:266:slice$5802 ($_DFFE_PN0P_) from module rv32im_core (D = \u_mem_stage.reg_memwb [50], Q = \u_regfile.g_rf_flop.reg_file [498]).
Adding EN signal on $auto$ff.cc:266:slice$5803 ($_DFFE_PN0P_) from module rv32im_core (D = \u_mem_stage.reg_memwb [51], Q = \u_regfile.g_rf_flop.reg_file [499]).
Adding EN signal on $auto$ff.cc:266:slice$5804 ($_DFFE_PN0P_) from module rv32im_core (D = \u_mem_stage.reg_memwb [52], Q = \u_regfile.g_rf_flop.reg_file [500]).
Adding EN signal on $auto$ff.cc:266:slice$5805 ($_DFFE_PN0P_) from module rv32im_core (D = \u_mem_stage.reg_memwb [53], Q = \u_regfile.g_rf_flop.reg_file [501]).
Adding EN signal on $auto$ff.cc:266:slice$5806 ($_DFFE_PN0P_) from module rv32im_core (D = \u_mem_stage.reg_memwb [54], Q = \u_regfile.g_rf_flop.reg_file [502]).
Adding EN signal on $auto$ff.cc:266:slice$5807 ($_DFFE_PN0P_) from module rv32im_core (D = \u_mem_stage.reg_memwb [55], Q = \u_regfile.g_rf_flop.reg_file [503]).
Adding EN signal on $auto$ff.cc:266:slice$5808 ($_DFFE_PN0P_) from module rv32im_core (D = \u_mem_stage.reg_memwb [56], Q = \u_regfile.g_rf_flop.reg_file [504]).
Adding EN signal on $auto$ff.cc:266:slice$5809 ($_DFFE_PN0P_) from module rv32im_core (D = \u_mem_stage.reg_memwb [57], Q = \u_regfile.g_rf_flop.reg_file [505]).
Adding EN signal on $auto$ff.cc:266:slice$5810 ($_DFFE_PN0P_) from module rv32im_core (D = \u_mem_stage.reg_memwb [58], Q = \u_regfile.g_rf_flop.reg_file [506]).
Adding EN signal on $auto$ff.cc:266:slice$5811 ($_DFFE_PN0P_) from module rv32im_core (D = \u_mem_stage.reg_memwb [59], Q = \u_regfile.g_rf_flop.reg_file [507]).
Adding EN signal on $auto$ff.cc:266:slice$5812 ($_DFFE_PN0P_) from module rv32im_core (D = \u_mem_stage.reg_memwb [60], Q = \u_regfile.g_rf_flop.reg_file [508]).
Adding EN signal on $auto$ff.cc:266:slice$5813 ($_DFFE_PN0P_) from module rv32im_core (D = \u_mem_stage.reg_memwb [61], Q = \u_regfile.g_rf_flop.reg_file [509]).
Adding EN signal on $auto$ff.cc:266:slice$5814 ($_DFFE_PN0P_) from module rv32im_core (D = \u_mem_stage.reg_memwb [62], Q = \u_regfile.g_rf_flop.reg_file [510]).
Adding EN signal on $auto$ff.cc:266:slice$5816 ($_DFFE_PN0P_) from module rv32im_core (D = \u_mem_stage.reg_memwb [32], Q = \u_regfile.g_rf_flop.reg_file [448]).
Adding EN signal on $auto$ff.cc:266:slice$5817 ($_DFFE_PN0P_) from module rv32im_core (D = \u_mem_stage.reg_memwb [33], Q = \u_regfile.g_rf_flop.reg_file [449]).
Adding EN signal on $auto$ff.cc:266:slice$5818 ($_DFFE_PN0P_) from module rv32im_core (D = \u_mem_stage.reg_memwb [34], Q = \u_regfile.g_rf_flop.reg_file [450]).
Adding EN signal on $auto$ff.cc:266:slice$5819 ($_DFFE_PN0P_) from module rv32im_core (D = \u_mem_stage.reg_memwb [35], Q = \u_regfile.g_rf_flop.reg_file [451]).
Adding EN signal on $auto$ff.cc:266:slice$5820 ($_DFFE_PN0P_) from module rv32im_core (D = \u_mem_stage.reg_memwb [36], Q = \u_regfile.g_rf_flop.reg_file [452]).
Adding EN signal on $auto$ff.cc:266:slice$5821 ($_DFFE_PN0P_) from module rv32im_core (D = \u_mem_stage.reg_memwb [37], Q = \u_regfile.g_rf_flop.reg_file [453]).
Adding EN signal on $auto$ff.cc:266:slice$5822 ($_DFFE_PN0P_) from module rv32im_core (D = \u_mem_stage.reg_memwb [38], Q = \u_regfile.g_rf_flop.reg_file [454]).
Adding EN signal on $auto$ff.cc:266:slice$5823 ($_DFFE_PN0P_) from module rv32im_core (D = \u_mem_stage.reg_memwb [39], Q = \u_regfile.g_rf_flop.reg_file [455]).
Adding EN signal on $auto$ff.cc:266:slice$5824 ($_DFFE_PN0P_) from module rv32im_core (D = \u_mem_stage.reg_memwb [40], Q = \u_regfile.g_rf_flop.reg_file [456]).
Adding EN signal on $auto$ff.cc:266:slice$5825 ($_DFFE_PN0P_) from module rv32im_core (D = \u_mem_stage.reg_memwb [41], Q = \u_regfile.g_rf_flop.reg_file [457]).
Adding EN signal on $auto$ff.cc:266:slice$5826 ($_DFFE_PN0P_) from module rv32im_core (D = \u_mem_stage.reg_memwb [42], Q = \u_regfile.g_rf_flop.reg_file [458]).
Adding EN signal on $auto$ff.cc:266:slice$5827 ($_DFFE_PN0P_) from module rv32im_core (D = \u_mem_stage.reg_memwb [43], Q = \u_regfile.g_rf_flop.reg_file [459]).
Adding EN signal on $auto$ff.cc:266:slice$5828 ($_DFFE_PN0P_) from module rv32im_core (D = \u_mem_stage.reg_memwb [44], Q = \u_regfile.g_rf_flop.reg_file [460]).
Adding EN signal on $auto$ff.cc:266:slice$5829 ($_DFFE_PN0P_) from module rv32im_core (D = \u_mem_stage.reg_memwb [45], Q = \u_regfile.g_rf_flop.reg_file [461]).
Adding EN signal on $auto$ff.cc:266:slice$5830 ($_DFFE_PN0P_) from module rv32im_core (D = \u_mem_stage.reg_memwb [46], Q = \u_regfile.g_rf_flop.reg_file [462]).
Adding EN signal on $auto$ff.cc:266:slice$5831 ($_DFFE_PN0P_) from module rv32im_core (D = \u_mem_stage.reg_memwb [47], Q = \u_regfile.g_rf_flop.reg_file [463]).
Adding EN signal on $auto$ff.cc:266:slice$5832 ($_DFFE_PN0P_) from module rv32im_core (D = \u_mem_stage.reg_memwb [48], Q = \u_regfile.g_rf_flop.reg_file [464]).
Adding EN signal on $auto$ff.cc:266:slice$5833 ($_DFFE_PN0P_) from module rv32im_core (D = \u_mem_stage.reg_memwb [49], Q = \u_regfile.g_rf_flop.reg_file [465]).
Adding EN signal on $auto$ff.cc:266:slice$5834 ($_DFFE_PN0P_) from module rv32im_core (D = \u_mem_stage.reg_memwb [50], Q = \u_regfile.g_rf_flop.reg_file [466]).
Adding EN signal on $auto$ff.cc:266:slice$5835 ($_DFFE_PN0P_) from module rv32im_core (D = \u_mem_stage.reg_memwb [51], Q = \u_regfile.g_rf_flop.reg_file [467]).
Adding EN signal on $auto$ff.cc:266:slice$5836 ($_DFFE_PN0P_) from module rv32im_core (D = \u_mem_stage.reg_memwb [52], Q = \u_regfile.g_rf_flop.reg_file [468]).
Adding EN signal on $auto$ff.cc:266:slice$5837 ($_DFFE_PN0P_) from module rv32im_core (D = \u_mem_stage.reg_memwb [53], Q = \u_regfile.g_rf_flop.reg_file [469]).
Adding EN signal on $auto$ff.cc:266:slice$5838 ($_DFFE_PN0P_) from module rv32im_core (D = \u_mem_stage.reg_memwb [54], Q = \u_regfile.g_rf_flop.reg_file [470]).
Adding EN signal on $auto$ff.cc:266:slice$5839 ($_DFFE_PN0P_) from module rv32im_core (D = \u_mem_stage.reg_memwb [55], Q = \u_regfile.g_rf_flop.reg_file [471]).
Adding EN signal on $auto$ff.cc:266:slice$5840 ($_DFFE_PN0P_) from module rv32im_core (D = \u_mem_stage.reg_memwb [56], Q = \u_regfile.g_rf_flop.reg_file [472]).
Adding EN signal on $auto$ff.cc:266:slice$5841 ($_DFFE_PN0P_) from module rv32im_core (D = \u_mem_stage.reg_memwb [57], Q = \u_regfile.g_rf_flop.reg_file [473]).
Adding EN signal on $auto$ff.cc:266:slice$5842 ($_DFFE_PN0P_) from module rv32im_core (D = \u_mem_stage.reg_memwb [58], Q = \u_regfile.g_rf_flop.reg_file [474]).
Adding EN signal on $auto$ff.cc:266:slice$5843 ($_DFFE_PN0P_) from module rv32im_core (D = \u_mem_stage.reg_memwb [59], Q = \u_regfile.g_rf_flop.reg_file [475]).
Adding EN signal on $auto$ff.cc:266:slice$5844 ($_DFFE_PN0P_) from module rv32im_core (D = \u_mem_stage.reg_memwb [60], Q = \u_regfile.g_rf_flop.reg_file [476]).
Adding EN signal on $auto$ff.cc:266:slice$5845 ($_DFFE_PN0P_) from module rv32im_core (D = \u_mem_stage.reg_memwb [61], Q = \u_regfile.g_rf_flop.reg_file [477]).
Adding EN signal on $auto$ff.cc:266:slice$5846 ($_DFFE_PN0P_) from module rv32im_core (D = \u_mem_stage.reg_memwb [62], Q = \u_regfile.g_rf_flop.reg_file [478]).
Adding EN signal on $auto$ff.cc:266:slice$5848 ($_DFFE_PN0P_) from module rv32im_core (D = \u_mem_stage.reg_memwb [32], Q = \u_regfile.g_rf_flop.reg_file [416]).
Adding EN signal on $auto$ff.cc:266:slice$5849 ($_DFFE_PN0P_) from module rv32im_core (D = \u_mem_stage.reg_memwb [33], Q = \u_regfile.g_rf_flop.reg_file [417]).
Adding EN signal on $auto$ff.cc:266:slice$5850 ($_DFFE_PN0P_) from module rv32im_core (D = \u_mem_stage.reg_memwb [34], Q = \u_regfile.g_rf_flop.reg_file [418]).
Adding EN signal on $auto$ff.cc:266:slice$5851 ($_DFFE_PN0P_) from module rv32im_core (D = \u_mem_stage.reg_memwb [35], Q = \u_regfile.g_rf_flop.reg_file [419]).
Adding EN signal on $auto$ff.cc:266:slice$5852 ($_DFFE_PN0P_) from module rv32im_core (D = \u_mem_stage.reg_memwb [36], Q = \u_regfile.g_rf_flop.reg_file [420]).
Adding EN signal on $auto$ff.cc:266:slice$5853 ($_DFFE_PN0P_) from module rv32im_core (D = \u_mem_stage.reg_memwb [37], Q = \u_regfile.g_rf_flop.reg_file [421]).
Adding EN signal on $auto$ff.cc:266:slice$5854 ($_DFFE_PN0P_) from module rv32im_core (D = \u_mem_stage.reg_memwb [38], Q = \u_regfile.g_rf_flop.reg_file [422]).
Adding EN signal on $auto$ff.cc:266:slice$5855 ($_DFFE_PN0P_) from module rv32im_core (D = \u_mem_stage.reg_memwb [39], Q = \u_regfile.g_rf_flop.reg_file [423]).
Adding EN signal on $auto$ff.cc:266:slice$5856 ($_DFFE_PN0P_) from module rv32im_core (D = \u_mem_stage.reg_memwb [40], Q = \u_regfile.g_rf_flop.reg_file [424]).
Adding EN signal on $auto$ff.cc:266:slice$5857 ($_DFFE_PN0P_) from module rv32im_core (D = \u_mem_stage.reg_memwb [41], Q = \u_regfile.g_rf_flop.reg_file [425]).
Adding EN signal on $auto$ff.cc:266:slice$5858 ($_DFFE_PN0P_) from module rv32im_core (D = \u_mem_stage.reg_memwb [42], Q = \u_regfile.g_rf_flop.reg_file [426]).
Adding EN signal on $auto$ff.cc:266:slice$5859 ($_DFFE_PN0P_) from module rv32im_core (D = \u_mem_stage.reg_memwb [43], Q = \u_regfile.g_rf_flop.reg_file [427]).
Adding EN signal on $auto$ff.cc:266:slice$5860 ($_DFFE_PN0P_) from module rv32im_core (D = \u_mem_stage.reg_memwb [44], Q = \u_regfile.g_rf_flop.reg_file [428]).
Adding EN signal on $auto$ff.cc:266:slice$5861 ($_DFFE_PN0P_) from module rv32im_core (D = \u_mem_stage.reg_memwb [45], Q = \u_regfile.g_rf_flop.reg_file [429]).
Adding EN signal on $auto$ff.cc:266:slice$5862 ($_DFFE_PN0P_) from module rv32im_core (D = \u_mem_stage.reg_memwb [46], Q = \u_regfile.g_rf_flop.reg_file [430]).
Adding EN signal on $auto$ff.cc:266:slice$5863 ($_DFFE_PN0P_) from module rv32im_core (D = \u_mem_stage.reg_memwb [47], Q = \u_regfile.g_rf_flop.reg_file [431]).
Adding EN signal on $auto$ff.cc:266:slice$5864 ($_DFFE_PN0P_) from module rv32im_core (D = \u_mem_stage.reg_memwb [48], Q = \u_regfile.g_rf_flop.reg_file [432]).
Adding EN signal on $auto$ff.cc:266:slice$5865 ($_DFFE_PN0P_) from module rv32im_core (D = \u_mem_stage.reg_memwb [49], Q = \u_regfile.g_rf_flop.reg_file [433]).
Adding EN signal on $auto$ff.cc:266:slice$5866 ($_DFFE_PN0P_) from module rv32im_core (D = \u_mem_stage.reg_memwb [50], Q = \u_regfile.g_rf_flop.reg_file [434]).
Adding EN signal on $auto$ff.cc:266:slice$5867 ($_DFFE_PN0P_) from module rv32im_core (D = \u_mem_stage.reg_memwb [51], Q = \u_regfile.g_rf_flop.reg_file [435]).
Adding EN signal on $auto$ff.cc:266:slice$5868 ($_DFFE_PN0P_) from module rv32im_core (D = \u_mem_stage.reg_memwb [52], Q = \u_regfile.g_rf_flop.reg_file [436]).
Adding EN signal on $auto$ff.cc:266:slice$5869 ($_DFFE_PN0P_) from module rv32im_core (D = \u_mem_stage.reg_memwb [53], Q = \u_regfile.g_rf_flop.reg_file [437]).
Adding EN signal on $auto$ff.cc:266:slice$5870 ($_DFFE_PN0P_) from module rv32im_core (D = \u_mem_stage.reg_memwb [54], Q = \u_regfile.g_rf_flop.reg_file [438]).
Adding EN signal on $auto$ff.cc:266:slice$5871 ($_DFFE_PN0P_) from module rv32im_core (D = \u_mem_stage.reg_memwb [55], Q = \u_regfile.g_rf_flop.reg_file [439]).
Adding EN signal on $auto$ff.cc:266:slice$5872 ($_DFFE_PN0P_) from module rv32im_core (D = \u_mem_stage.reg_memwb [56], Q = \u_regfile.g_rf_flop.reg_file [440]).
Adding EN signal on $auto$ff.cc:266:slice$5873 ($_DFFE_PN0P_) from module rv32im_core (D = \u_mem_stage.reg_memwb [57], Q = \u_regfile.g_rf_flop.reg_file [441]).
Adding EN signal on $auto$ff.cc:266:slice$5874 ($_DFFE_PN0P_) from module rv32im_core (D = \u_mem_stage.reg_memwb [58], Q = \u_regfile.g_rf_flop.reg_file [442]).
Adding EN signal on $auto$ff.cc:266:slice$5875 ($_DFFE_PN0P_) from module rv32im_core (D = \u_mem_stage.reg_memwb [59], Q = \u_regfile.g_rf_flop.reg_file [443]).
Adding EN signal on $auto$ff.cc:266:slice$5876 ($_DFFE_PN0P_) from module rv32im_core (D = \u_mem_stage.reg_memwb [60], Q = \u_regfile.g_rf_flop.reg_file [444]).
Adding EN signal on $auto$ff.cc:266:slice$5877 ($_DFFE_PN0P_) from module rv32im_core (D = \u_mem_stage.reg_memwb [61], Q = \u_regfile.g_rf_flop.reg_file [445]).
Adding EN signal on $auto$ff.cc:266:slice$5878 ($_DFFE_PN0P_) from module rv32im_core (D = \u_mem_stage.reg_memwb [62], Q = \u_regfile.g_rf_flop.reg_file [446]).
Adding EN signal on $auto$ff.cc:266:slice$5880 ($_DFFE_PN0P_) from module rv32im_core (D = \u_mem_stage.reg_memwb [32], Q = \u_regfile.g_rf_flop.reg_file [960]).
Adding EN signal on $auto$ff.cc:266:slice$5881 ($_DFFE_PN0P_) from module rv32im_core (D = \u_mem_stage.reg_memwb [33], Q = \u_regfile.g_rf_flop.reg_file [961]).
Adding EN signal on $auto$ff.cc:266:slice$5882 ($_DFFE_PN0P_) from module rv32im_core (D = \u_mem_stage.reg_memwb [34], Q = \u_regfile.g_rf_flop.reg_file [962]).
Adding EN signal on $auto$ff.cc:266:slice$5883 ($_DFFE_PN0P_) from module rv32im_core (D = \u_mem_stage.reg_memwb [35], Q = \u_regfile.g_rf_flop.reg_file [963]).
Adding EN signal on $auto$ff.cc:266:slice$5884 ($_DFFE_PN0P_) from module rv32im_core (D = \u_mem_stage.reg_memwb [36], Q = \u_regfile.g_rf_flop.reg_file [964]).
Adding EN signal on $auto$ff.cc:266:slice$5885 ($_DFFE_PN0P_) from module rv32im_core (D = \u_mem_stage.reg_memwb [37], Q = \u_regfile.g_rf_flop.reg_file [965]).
Adding EN signal on $auto$ff.cc:266:slice$5886 ($_DFFE_PN0P_) from module rv32im_core (D = \u_mem_stage.reg_memwb [38], Q = \u_regfile.g_rf_flop.reg_file [966]).
Adding EN signal on $auto$ff.cc:266:slice$5887 ($_DFFE_PN0P_) from module rv32im_core (D = \u_mem_stage.reg_memwb [39], Q = \u_regfile.g_rf_flop.reg_file [967]).
Adding EN signal on $auto$ff.cc:266:slice$5888 ($_DFFE_PN0P_) from module rv32im_core (D = \u_mem_stage.reg_memwb [40], Q = \u_regfile.g_rf_flop.reg_file [968]).
Adding EN signal on $auto$ff.cc:266:slice$5889 ($_DFFE_PN0P_) from module rv32im_core (D = \u_mem_stage.reg_memwb [41], Q = \u_regfile.g_rf_flop.reg_file [969]).
Adding EN signal on $auto$ff.cc:266:slice$5890 ($_DFFE_PN0P_) from module rv32im_core (D = \u_mem_stage.reg_memwb [42], Q = \u_regfile.g_rf_flop.reg_file [970]).
Adding EN signal on $auto$ff.cc:266:slice$5891 ($_DFFE_PN0P_) from module rv32im_core (D = \u_mem_stage.reg_memwb [43], Q = \u_regfile.g_rf_flop.reg_file [971]).
Adding EN signal on $auto$ff.cc:266:slice$5892 ($_DFFE_PN0P_) from module rv32im_core (D = \u_mem_stage.reg_memwb [44], Q = \u_regfile.g_rf_flop.reg_file [972]).
Adding EN signal on $auto$ff.cc:266:slice$5893 ($_DFFE_PN0P_) from module rv32im_core (D = \u_mem_stage.reg_memwb [45], Q = \u_regfile.g_rf_flop.reg_file [973]).
Adding EN signal on $auto$ff.cc:266:slice$5894 ($_DFFE_PN0P_) from module rv32im_core (D = \u_mem_stage.reg_memwb [46], Q = \u_regfile.g_rf_flop.reg_file [974]).
Adding EN signal on $auto$ff.cc:266:slice$5895 ($_DFFE_PN0P_) from module rv32im_core (D = \u_mem_stage.reg_memwb [47], Q = \u_regfile.g_rf_flop.reg_file [975]).
Adding EN signal on $auto$ff.cc:266:slice$5896 ($_DFFE_PN0P_) from module rv32im_core (D = \u_mem_stage.reg_memwb [48], Q = \u_regfile.g_rf_flop.reg_file [976]).
Adding EN signal on $auto$ff.cc:266:slice$5897 ($_DFFE_PN0P_) from module rv32im_core (D = \u_mem_stage.reg_memwb [49], Q = \u_regfile.g_rf_flop.reg_file [977]).
Adding EN signal on $auto$ff.cc:266:slice$5898 ($_DFFE_PN0P_) from module rv32im_core (D = \u_mem_stage.reg_memwb [50], Q = \u_regfile.g_rf_flop.reg_file [978]).
Adding EN signal on $auto$ff.cc:266:slice$5899 ($_DFFE_PN0P_) from module rv32im_core (D = \u_mem_stage.reg_memwb [51], Q = \u_regfile.g_rf_flop.reg_file [979]).
Adding EN signal on $auto$ff.cc:266:slice$5900 ($_DFFE_PN0P_) from module rv32im_core (D = \u_mem_stage.reg_memwb [52], Q = \u_regfile.g_rf_flop.reg_file [980]).
Adding EN signal on $auto$ff.cc:266:slice$5901 ($_DFFE_PN0P_) from module rv32im_core (D = \u_mem_stage.reg_memwb [53], Q = \u_regfile.g_rf_flop.reg_file [981]).
Adding EN signal on $auto$ff.cc:266:slice$5902 ($_DFFE_PN0P_) from module rv32im_core (D = \u_mem_stage.reg_memwb [54], Q = \u_regfile.g_rf_flop.reg_file [982]).
Adding EN signal on $auto$ff.cc:266:slice$5903 ($_DFFE_PN0P_) from module rv32im_core (D = \u_mem_stage.reg_memwb [55], Q = \u_regfile.g_rf_flop.reg_file [983]).
Adding EN signal on $auto$ff.cc:266:slice$5904 ($_DFFE_PN0P_) from module rv32im_core (D = \u_mem_stage.reg_memwb [56], Q = \u_regfile.g_rf_flop.reg_file [984]).
Adding EN signal on $auto$ff.cc:266:slice$5905 ($_DFFE_PN0P_) from module rv32im_core (D = \u_mem_stage.reg_memwb [57], Q = \u_regfile.g_rf_flop.reg_file [985]).
Adding EN signal on $auto$ff.cc:266:slice$5906 ($_DFFE_PN0P_) from module rv32im_core (D = \u_mem_stage.reg_memwb [58], Q = \u_regfile.g_rf_flop.reg_file [986]).
Adding EN signal on $auto$ff.cc:266:slice$5907 ($_DFFE_PN0P_) from module rv32im_core (D = \u_mem_stage.reg_memwb [59], Q = \u_regfile.g_rf_flop.reg_file [987]).
Adding EN signal on $auto$ff.cc:266:slice$5908 ($_DFFE_PN0P_) from module rv32im_core (D = \u_mem_stage.reg_memwb [60], Q = \u_regfile.g_rf_flop.reg_file [988]).
Adding EN signal on $auto$ff.cc:266:slice$5909 ($_DFFE_PN0P_) from module rv32im_core (D = \u_mem_stage.reg_memwb [61], Q = \u_regfile.g_rf_flop.reg_file [989]).
Adding EN signal on $auto$ff.cc:266:slice$5910 ($_DFFE_PN0P_) from module rv32im_core (D = \u_mem_stage.reg_memwb [62], Q = \u_regfile.g_rf_flop.reg_file [990]).
Adding EN signal on $auto$ff.cc:266:slice$5912 ($_DFFE_PN0P_) from module rv32im_core (D = \u_mem_stage.reg_memwb [32], Q = \u_regfile.g_rf_flop.reg_file [352]).
Adding EN signal on $auto$ff.cc:266:slice$5913 ($_DFFE_PN0P_) from module rv32im_core (D = \u_mem_stage.reg_memwb [33], Q = \u_regfile.g_rf_flop.reg_file [353]).
Adding EN signal on $auto$ff.cc:266:slice$5914 ($_DFFE_PN0P_) from module rv32im_core (D = \u_mem_stage.reg_memwb [34], Q = \u_regfile.g_rf_flop.reg_file [354]).
Adding EN signal on $auto$ff.cc:266:slice$5915 ($_DFFE_PN0P_) from module rv32im_core (D = \u_mem_stage.reg_memwb [35], Q = \u_regfile.g_rf_flop.reg_file [355]).
Adding EN signal on $auto$ff.cc:266:slice$5916 ($_DFFE_PN0P_) from module rv32im_core (D = \u_mem_stage.reg_memwb [36], Q = \u_regfile.g_rf_flop.reg_file [356]).
Adding EN signal on $auto$ff.cc:266:slice$5917 ($_DFFE_PN0P_) from module rv32im_core (D = \u_mem_stage.reg_memwb [37], Q = \u_regfile.g_rf_flop.reg_file [357]).
Adding EN signal on $auto$ff.cc:266:slice$5918 ($_DFFE_PN0P_) from module rv32im_core (D = \u_mem_stage.reg_memwb [38], Q = \u_regfile.g_rf_flop.reg_file [358]).
Adding EN signal on $auto$ff.cc:266:slice$5919 ($_DFFE_PN0P_) from module rv32im_core (D = \u_mem_stage.reg_memwb [39], Q = \u_regfile.g_rf_flop.reg_file [359]).
Adding EN signal on $auto$ff.cc:266:slice$5920 ($_DFFE_PN0P_) from module rv32im_core (D = \u_mem_stage.reg_memwb [40], Q = \u_regfile.g_rf_flop.reg_file [360]).
Adding EN signal on $auto$ff.cc:266:slice$5921 ($_DFFE_PN0P_) from module rv32im_core (D = \u_mem_stage.reg_memwb [41], Q = \u_regfile.g_rf_flop.reg_file [361]).
Adding EN signal on $auto$ff.cc:266:slice$5922 ($_DFFE_PN0P_) from module rv32im_core (D = \u_mem_stage.reg_memwb [42], Q = \u_regfile.g_rf_flop.reg_file [362]).
Adding EN signal on $auto$ff.cc:266:slice$5923 ($_DFFE_PN0P_) from module rv32im_core (D = \u_mem_stage.reg_memwb [43], Q = \u_regfile.g_rf_flop.reg_file [363]).
Adding EN signal on $auto$ff.cc:266:slice$5924 ($_DFFE_PN0P_) from module rv32im_core (D = \u_mem_stage.reg_memwb [44], Q = \u_regfile.g_rf_flop.reg_file [364]).
Adding EN signal on $auto$ff.cc:266:slice$5925 ($_DFFE_PN0P_) from module rv32im_core (D = \u_mem_stage.reg_memwb [45], Q = \u_regfile.g_rf_flop.reg_file [365]).
Adding EN signal on $auto$ff.cc:266:slice$5926 ($_DFFE_PN0P_) from module rv32im_core (D = \u_mem_stage.reg_memwb [46], Q = \u_regfile.g_rf_flop.reg_file [366]).
Adding EN signal on $auto$ff.cc:266:slice$5927 ($_DFFE_PN0P_) from module rv32im_core (D = \u_mem_stage.reg_memwb [47], Q = \u_regfile.g_rf_flop.reg_file [367]).
Adding EN signal on $auto$ff.cc:266:slice$5928 ($_DFFE_PN0P_) from module rv32im_core (D = \u_mem_stage.reg_memwb [48], Q = \u_regfile.g_rf_flop.reg_file [368]).
Adding EN signal on $auto$ff.cc:266:slice$5929 ($_DFFE_PN0P_) from module rv32im_core (D = \u_mem_stage.reg_memwb [49], Q = \u_regfile.g_rf_flop.reg_file [369]).
Adding EN signal on $auto$ff.cc:266:slice$5930 ($_DFFE_PN0P_) from module rv32im_core (D = \u_mem_stage.reg_memwb [50], Q = \u_regfile.g_rf_flop.reg_file [370]).
Adding EN signal on $auto$ff.cc:266:slice$5931 ($_DFFE_PN0P_) from module rv32im_core (D = \u_mem_stage.reg_memwb [51], Q = \u_regfile.g_rf_flop.reg_file [371]).
Adding EN signal on $auto$ff.cc:266:slice$5932 ($_DFFE_PN0P_) from module rv32im_core (D = \u_mem_stage.reg_memwb [52], Q = \u_regfile.g_rf_flop.reg_file [372]).
Adding EN signal on $auto$ff.cc:266:slice$5933 ($_DFFE_PN0P_) from module rv32im_core (D = \u_mem_stage.reg_memwb [53], Q = \u_regfile.g_rf_flop.reg_file [373]).
Adding EN signal on $auto$ff.cc:266:slice$5934 ($_DFFE_PN0P_) from module rv32im_core (D = \u_mem_stage.reg_memwb [54], Q = \u_regfile.g_rf_flop.reg_file [374]).
Adding EN signal on $auto$ff.cc:266:slice$5935 ($_DFFE_PN0P_) from module rv32im_core (D = \u_mem_stage.reg_memwb [55], Q = \u_regfile.g_rf_flop.reg_file [375]).
Adding EN signal on $auto$ff.cc:266:slice$5936 ($_DFFE_PN0P_) from module rv32im_core (D = \u_mem_stage.reg_memwb [56], Q = \u_regfile.g_rf_flop.reg_file [376]).
Adding EN signal on $auto$ff.cc:266:slice$5937 ($_DFFE_PN0P_) from module rv32im_core (D = \u_mem_stage.reg_memwb [57], Q = \u_regfile.g_rf_flop.reg_file [377]).
Adding EN signal on $auto$ff.cc:266:slice$5938 ($_DFFE_PN0P_) from module rv32im_core (D = \u_mem_stage.reg_memwb [58], Q = \u_regfile.g_rf_flop.reg_file [378]).
Adding EN signal on $auto$ff.cc:266:slice$5939 ($_DFFE_PN0P_) from module rv32im_core (D = \u_mem_stage.reg_memwb [59], Q = \u_regfile.g_rf_flop.reg_file [379]).
Adding EN signal on $auto$ff.cc:266:slice$5940 ($_DFFE_PN0P_) from module rv32im_core (D = \u_mem_stage.reg_memwb [60], Q = \u_regfile.g_rf_flop.reg_file [380]).
Adding EN signal on $auto$ff.cc:266:slice$5941 ($_DFFE_PN0P_) from module rv32im_core (D = \u_mem_stage.reg_memwb [61], Q = \u_regfile.g_rf_flop.reg_file [381]).
Adding EN signal on $auto$ff.cc:266:slice$5942 ($_DFFE_PN0P_) from module rv32im_core (D = \u_mem_stage.reg_memwb [62], Q = \u_regfile.g_rf_flop.reg_file [382]).
Adding EN signal on $auto$ff.cc:266:slice$5944 ($_DFFE_PN0P_) from module rv32im_core (D = \u_mem_stage.reg_memwb [32], Q = \u_regfile.g_rf_flop.reg_file [320]).
Adding EN signal on $auto$ff.cc:266:slice$5945 ($_DFFE_PN0P_) from module rv32im_core (D = \u_mem_stage.reg_memwb [33], Q = \u_regfile.g_rf_flop.reg_file [321]).
Adding EN signal on $auto$ff.cc:266:slice$5946 ($_DFFE_PN0P_) from module rv32im_core (D = \u_mem_stage.reg_memwb [34], Q = \u_regfile.g_rf_flop.reg_file [322]).
Adding EN signal on $auto$ff.cc:266:slice$5947 ($_DFFE_PN0P_) from module rv32im_core (D = \u_mem_stage.reg_memwb [35], Q = \u_regfile.g_rf_flop.reg_file [323]).
Adding EN signal on $auto$ff.cc:266:slice$5948 ($_DFFE_PN0P_) from module rv32im_core (D = \u_mem_stage.reg_memwb [36], Q = \u_regfile.g_rf_flop.reg_file [324]).
Adding EN signal on $auto$ff.cc:266:slice$5949 ($_DFFE_PN0P_) from module rv32im_core (D = \u_mem_stage.reg_memwb [37], Q = \u_regfile.g_rf_flop.reg_file [325]).
Adding EN signal on $auto$ff.cc:266:slice$5950 ($_DFFE_PN0P_) from module rv32im_core (D = \u_mem_stage.reg_memwb [38], Q = \u_regfile.g_rf_flop.reg_file [326]).
Adding EN signal on $auto$ff.cc:266:slice$5951 ($_DFFE_PN0P_) from module rv32im_core (D = \u_mem_stage.reg_memwb [39], Q = \u_regfile.g_rf_flop.reg_file [327]).
Adding EN signal on $auto$ff.cc:266:slice$5952 ($_DFFE_PN0P_) from module rv32im_core (D = \u_mem_stage.reg_memwb [40], Q = \u_regfile.g_rf_flop.reg_file [328]).
Adding EN signal on $auto$ff.cc:266:slice$5953 ($_DFFE_PN0P_) from module rv32im_core (D = \u_mem_stage.reg_memwb [41], Q = \u_regfile.g_rf_flop.reg_file [329]).
Adding EN signal on $auto$ff.cc:266:slice$5954 ($_DFFE_PN0P_) from module rv32im_core (D = \u_mem_stage.reg_memwb [42], Q = \u_regfile.g_rf_flop.reg_file [330]).
Adding EN signal on $auto$ff.cc:266:slice$5955 ($_DFFE_PN0P_) from module rv32im_core (D = \u_mem_stage.reg_memwb [43], Q = \u_regfile.g_rf_flop.reg_file [331]).
Adding EN signal on $auto$ff.cc:266:slice$5956 ($_DFFE_PN0P_) from module rv32im_core (D = \u_mem_stage.reg_memwb [44], Q = \u_regfile.g_rf_flop.reg_file [332]).
Adding EN signal on $auto$ff.cc:266:slice$5957 ($_DFFE_PN0P_) from module rv32im_core (D = \u_mem_stage.reg_memwb [45], Q = \u_regfile.g_rf_flop.reg_file [333]).
Adding EN signal on $auto$ff.cc:266:slice$5958 ($_DFFE_PN0P_) from module rv32im_core (D = \u_mem_stage.reg_memwb [46], Q = \u_regfile.g_rf_flop.reg_file [334]).
Adding EN signal on $auto$ff.cc:266:slice$5959 ($_DFFE_PN0P_) from module rv32im_core (D = \u_mem_stage.reg_memwb [47], Q = \u_regfile.g_rf_flop.reg_file [335]).
Adding EN signal on $auto$ff.cc:266:slice$5960 ($_DFFE_PN0P_) from module rv32im_core (D = \u_mem_stage.reg_memwb [48], Q = \u_regfile.g_rf_flop.reg_file [336]).
Adding EN signal on $auto$ff.cc:266:slice$5961 ($_DFFE_PN0P_) from module rv32im_core (D = \u_mem_stage.reg_memwb [49], Q = \u_regfile.g_rf_flop.reg_file [337]).
Adding EN signal on $auto$ff.cc:266:slice$5962 ($_DFFE_PN0P_) from module rv32im_core (D = \u_mem_stage.reg_memwb [50], Q = \u_regfile.g_rf_flop.reg_file [338]).
Adding EN signal on $auto$ff.cc:266:slice$5963 ($_DFFE_PN0P_) from module rv32im_core (D = \u_mem_stage.reg_memwb [51], Q = \u_regfile.g_rf_flop.reg_file [339]).
Adding EN signal on $auto$ff.cc:266:slice$5964 ($_DFFE_PN0P_) from module rv32im_core (D = \u_mem_stage.reg_memwb [52], Q = \u_regfile.g_rf_flop.reg_file [340]).
Adding EN signal on $auto$ff.cc:266:slice$5965 ($_DFFE_PN0P_) from module rv32im_core (D = \u_mem_stage.reg_memwb [53], Q = \u_regfile.g_rf_flop.reg_file [341]).
Adding EN signal on $auto$ff.cc:266:slice$5966 ($_DFFE_PN0P_) from module rv32im_core (D = \u_mem_stage.reg_memwb [54], Q = \u_regfile.g_rf_flop.reg_file [342]).
Adding EN signal on $auto$ff.cc:266:slice$5967 ($_DFFE_PN0P_) from module rv32im_core (D = \u_mem_stage.reg_memwb [55], Q = \u_regfile.g_rf_flop.reg_file [343]).
Adding EN signal on $auto$ff.cc:266:slice$5968 ($_DFFE_PN0P_) from module rv32im_core (D = \u_mem_stage.reg_memwb [56], Q = \u_regfile.g_rf_flop.reg_file [344]).
Adding EN signal on $auto$ff.cc:266:slice$5969 ($_DFFE_PN0P_) from module rv32im_core (D = \u_mem_stage.reg_memwb [57], Q = \u_regfile.g_rf_flop.reg_file [345]).
Adding EN signal on $auto$ff.cc:266:slice$5970 ($_DFFE_PN0P_) from module rv32im_core (D = \u_mem_stage.reg_memwb [58], Q = \u_regfile.g_rf_flop.reg_file [346]).
Adding EN signal on $auto$ff.cc:266:slice$5971 ($_DFFE_PN0P_) from module rv32im_core (D = \u_mem_stage.reg_memwb [59], Q = \u_regfile.g_rf_flop.reg_file [347]).
Adding EN signal on $auto$ff.cc:266:slice$5972 ($_DFFE_PN0P_) from module rv32im_core (D = \u_mem_stage.reg_memwb [60], Q = \u_regfile.g_rf_flop.reg_file [348]).
Adding EN signal on $auto$ff.cc:266:slice$5973 ($_DFFE_PN0P_) from module rv32im_core (D = \u_mem_stage.reg_memwb [61], Q = \u_regfile.g_rf_flop.reg_file [349]).
Adding EN signal on $auto$ff.cc:266:slice$5974 ($_DFFE_PN0P_) from module rv32im_core (D = \u_mem_stage.reg_memwb [62], Q = \u_regfile.g_rf_flop.reg_file [350]).
Adding EN signal on $auto$ff.cc:266:slice$5976 ($_DFFE_PN0P_) from module rv32im_core (D = \u_mem_stage.reg_memwb [32], Q = \u_regfile.g_rf_flop.reg_file [288]).
Adding EN signal on $auto$ff.cc:266:slice$5977 ($_DFFE_PN0P_) from module rv32im_core (D = \u_mem_stage.reg_memwb [33], Q = \u_regfile.g_rf_flop.reg_file [289]).
Adding EN signal on $auto$ff.cc:266:slice$5978 ($_DFFE_PN0P_) from module rv32im_core (D = \u_mem_stage.reg_memwb [34], Q = \u_regfile.g_rf_flop.reg_file [290]).
Adding EN signal on $auto$ff.cc:266:slice$5979 ($_DFFE_PN0P_) from module rv32im_core (D = \u_mem_stage.reg_memwb [35], Q = \u_regfile.g_rf_flop.reg_file [291]).
Adding EN signal on $auto$ff.cc:266:slice$5980 ($_DFFE_PN0P_) from module rv32im_core (D = \u_mem_stage.reg_memwb [36], Q = \u_regfile.g_rf_flop.reg_file [292]).
Adding EN signal on $auto$ff.cc:266:slice$5981 ($_DFFE_PN0P_) from module rv32im_core (D = \u_mem_stage.reg_memwb [37], Q = \u_regfile.g_rf_flop.reg_file [293]).
Adding EN signal on $auto$ff.cc:266:slice$5982 ($_DFFE_PN0P_) from module rv32im_core (D = \u_mem_stage.reg_memwb [38], Q = \u_regfile.g_rf_flop.reg_file [294]).
Adding EN signal on $auto$ff.cc:266:slice$5983 ($_DFFE_PN0P_) from module rv32im_core (D = \u_mem_stage.reg_memwb [39], Q = \u_regfile.g_rf_flop.reg_file [295]).
Adding EN signal on $auto$ff.cc:266:slice$5984 ($_DFFE_PN0P_) from module rv32im_core (D = \u_mem_stage.reg_memwb [40], Q = \u_regfile.g_rf_flop.reg_file [296]).
Adding EN signal on $auto$ff.cc:266:slice$5985 ($_DFFE_PN0P_) from module rv32im_core (D = \u_mem_stage.reg_memwb [41], Q = \u_regfile.g_rf_flop.reg_file [297]).
Adding EN signal on $auto$ff.cc:266:slice$5986 ($_DFFE_PN0P_) from module rv32im_core (D = \u_mem_stage.reg_memwb [42], Q = \u_regfile.g_rf_flop.reg_file [298]).
Adding EN signal on $auto$ff.cc:266:slice$5987 ($_DFFE_PN0P_) from module rv32im_core (D = \u_mem_stage.reg_memwb [43], Q = \u_regfile.g_rf_flop.reg_file [299]).
Adding EN signal on $auto$ff.cc:266:slice$5988 ($_DFFE_PN0P_) from module rv32im_core (D = \u_mem_stage.reg_memwb [44], Q = \u_regfile.g_rf_flop.reg_file [300]).
Adding EN signal on $auto$ff.cc:266:slice$5989 ($_DFFE_PN0P_) from module rv32im_core (D = \u_mem_stage.reg_memwb [45], Q = \u_regfile.g_rf_flop.reg_file [301]).
Adding EN signal on $auto$ff.cc:266:slice$5990 ($_DFFE_PN0P_) from module rv32im_core (D = \u_mem_stage.reg_memwb [46], Q = \u_regfile.g_rf_flop.reg_file [302]).
Adding EN signal on $auto$ff.cc:266:slice$5991 ($_DFFE_PN0P_) from module rv32im_core (D = \u_mem_stage.reg_memwb [47], Q = \u_regfile.g_rf_flop.reg_file [303]).
Adding EN signal on $auto$ff.cc:266:slice$5992 ($_DFFE_PN0P_) from module rv32im_core (D = \u_mem_stage.reg_memwb [48], Q = \u_regfile.g_rf_flop.reg_file [304]).
Adding EN signal on $auto$ff.cc:266:slice$5993 ($_DFFE_PN0P_) from module rv32im_core (D = \u_mem_stage.reg_memwb [49], Q = \u_regfile.g_rf_flop.reg_file [305]).
Adding EN signal on $auto$ff.cc:266:slice$5994 ($_DFFE_PN0P_) from module rv32im_core (D = \u_mem_stage.reg_memwb [50], Q = \u_regfile.g_rf_flop.reg_file [306]).
Adding EN signal on $auto$ff.cc:266:slice$5995 ($_DFFE_PN0P_) from module rv32im_core (D = \u_mem_stage.reg_memwb [51], Q = \u_regfile.g_rf_flop.reg_file [307]).
Adding EN signal on $auto$ff.cc:266:slice$5996 ($_DFFE_PN0P_) from module rv32im_core (D = \u_mem_stage.reg_memwb [52], Q = \u_regfile.g_rf_flop.reg_file [308]).
Adding EN signal on $auto$ff.cc:266:slice$5997 ($_DFFE_PN0P_) from module rv32im_core (D = \u_mem_stage.reg_memwb [53], Q = \u_regfile.g_rf_flop.reg_file [309]).
Adding EN signal on $auto$ff.cc:266:slice$5998 ($_DFFE_PN0P_) from module rv32im_core (D = \u_mem_stage.reg_memwb [54], Q = \u_regfile.g_rf_flop.reg_file [310]).
Adding EN signal on $auto$ff.cc:266:slice$5999 ($_DFFE_PN0P_) from module rv32im_core (D = \u_mem_stage.reg_memwb [55], Q = \u_regfile.g_rf_flop.reg_file [311]).
Adding EN signal on $auto$ff.cc:266:slice$6000 ($_DFFE_PN0P_) from module rv32im_core (D = \u_mem_stage.reg_memwb [56], Q = \u_regfile.g_rf_flop.reg_file [312]).
Adding EN signal on $auto$ff.cc:266:slice$6001 ($_DFFE_PN0P_) from module rv32im_core (D = \u_mem_stage.reg_memwb [57], Q = \u_regfile.g_rf_flop.reg_file [313]).
Adding EN signal on $auto$ff.cc:266:slice$6002 ($_DFFE_PN0P_) from module rv32im_core (D = \u_mem_stage.reg_memwb [58], Q = \u_regfile.g_rf_flop.reg_file [314]).
Adding EN signal on $auto$ff.cc:266:slice$6003 ($_DFFE_PN0P_) from module rv32im_core (D = \u_mem_stage.reg_memwb [59], Q = \u_regfile.g_rf_flop.reg_file [315]).
Adding EN signal on $auto$ff.cc:266:slice$6004 ($_DFFE_PN0P_) from module rv32im_core (D = \u_mem_stage.reg_memwb [60], Q = \u_regfile.g_rf_flop.reg_file [316]).
Adding EN signal on $auto$ff.cc:266:slice$6005 ($_DFFE_PN0P_) from module rv32im_core (D = \u_mem_stage.reg_memwb [61], Q = \u_regfile.g_rf_flop.reg_file [317]).
Adding EN signal on $auto$ff.cc:266:slice$6006 ($_DFFE_PN0P_) from module rv32im_core (D = \u_mem_stage.reg_memwb [62], Q = \u_regfile.g_rf_flop.reg_file [318]).
Adding EN signal on $auto$ff.cc:266:slice$6008 ($_DFFE_PN0P_) from module rv32im_core (D = \u_mem_stage.reg_memwb [32], Q = \u_regfile.g_rf_flop.reg_file [256]).
Adding EN signal on $auto$ff.cc:266:slice$6009 ($_DFFE_PN0P_) from module rv32im_core (D = \u_mem_stage.reg_memwb [33], Q = \u_regfile.g_rf_flop.reg_file [257]).
Adding EN signal on $auto$ff.cc:266:slice$6010 ($_DFFE_PN0P_) from module rv32im_core (D = \u_mem_stage.reg_memwb [34], Q = \u_regfile.g_rf_flop.reg_file [258]).
Adding EN signal on $auto$ff.cc:266:slice$6011 ($_DFFE_PN0P_) from module rv32im_core (D = \u_mem_stage.reg_memwb [35], Q = \u_regfile.g_rf_flop.reg_file [259]).
Adding EN signal on $auto$ff.cc:266:slice$6012 ($_DFFE_PN0P_) from module rv32im_core (D = \u_mem_stage.reg_memwb [36], Q = \u_regfile.g_rf_flop.reg_file [260]).
Adding EN signal on $auto$ff.cc:266:slice$6013 ($_DFFE_PN0P_) from module rv32im_core (D = \u_mem_stage.reg_memwb [37], Q = \u_regfile.g_rf_flop.reg_file [261]).
Adding EN signal on $auto$ff.cc:266:slice$6014 ($_DFFE_PN0P_) from module rv32im_core (D = \u_mem_stage.reg_memwb [38], Q = \u_regfile.g_rf_flop.reg_file [262]).
Adding EN signal on $auto$ff.cc:266:slice$6015 ($_DFFE_PN0P_) from module rv32im_core (D = \u_mem_stage.reg_memwb [39], Q = \u_regfile.g_rf_flop.reg_file [263]).
Adding EN signal on $auto$ff.cc:266:slice$6016 ($_DFFE_PN0P_) from module rv32im_core (D = \u_mem_stage.reg_memwb [40], Q = \u_regfile.g_rf_flop.reg_file [264]).
Adding EN signal on $auto$ff.cc:266:slice$6017 ($_DFFE_PN0P_) from module rv32im_core (D = \u_mem_stage.reg_memwb [41], Q = \u_regfile.g_rf_flop.reg_file [265]).
Adding EN signal on $auto$ff.cc:266:slice$6018 ($_DFFE_PN0P_) from module rv32im_core (D = \u_mem_stage.reg_memwb [42], Q = \u_regfile.g_rf_flop.reg_file [266]).
Adding EN signal on $auto$ff.cc:266:slice$6019 ($_DFFE_PN0P_) from module rv32im_core (D = \u_mem_stage.reg_memwb [43], Q = \u_regfile.g_rf_flop.reg_file [267]).
Adding EN signal on $auto$ff.cc:266:slice$6020 ($_DFFE_PN0P_) from module rv32im_core (D = \u_mem_stage.reg_memwb [44], Q = \u_regfile.g_rf_flop.reg_file [268]).
Adding EN signal on $auto$ff.cc:266:slice$6021 ($_DFFE_PN0P_) from module rv32im_core (D = \u_mem_stage.reg_memwb [45], Q = \u_regfile.g_rf_flop.reg_file [269]).
Adding EN signal on $auto$ff.cc:266:slice$6022 ($_DFFE_PN0P_) from module rv32im_core (D = \u_mem_stage.reg_memwb [46], Q = \u_regfile.g_rf_flop.reg_file [270]).
Adding EN signal on $auto$ff.cc:266:slice$6023 ($_DFFE_PN0P_) from module rv32im_core (D = \u_mem_stage.reg_memwb [47], Q = \u_regfile.g_rf_flop.reg_file [271]).
Adding EN signal on $auto$ff.cc:266:slice$6024 ($_DFFE_PN0P_) from module rv32im_core (D = \u_mem_stage.reg_memwb [48], Q = \u_regfile.g_rf_flop.reg_file [272]).
Adding EN signal on $auto$ff.cc:266:slice$6025 ($_DFFE_PN0P_) from module rv32im_core (D = \u_mem_stage.reg_memwb [49], Q = \u_regfile.g_rf_flop.reg_file [273]).
Adding EN signal on $auto$ff.cc:266:slice$6026 ($_DFFE_PN0P_) from module rv32im_core (D = \u_mem_stage.reg_memwb [50], Q = \u_regfile.g_rf_flop.reg_file [274]).
Adding EN signal on $auto$ff.cc:266:slice$6027 ($_DFFE_PN0P_) from module rv32im_core (D = \u_mem_stage.reg_memwb [51], Q = \u_regfile.g_rf_flop.reg_file [275]).
Adding EN signal on $auto$ff.cc:266:slice$6028 ($_DFFE_PN0P_) from module rv32im_core (D = \u_mem_stage.reg_memwb [52], Q = \u_regfile.g_rf_flop.reg_file [276]).
Adding EN signal on $auto$ff.cc:266:slice$6029 ($_DFFE_PN0P_) from module rv32im_core (D = \u_mem_stage.reg_memwb [53], Q = \u_regfile.g_rf_flop.reg_file [277]).
Adding EN signal on $auto$ff.cc:266:slice$6030 ($_DFFE_PN0P_) from module rv32im_core (D = \u_mem_stage.reg_memwb [54], Q = \u_regfile.g_rf_flop.reg_file [278]).
Adding EN signal on $auto$ff.cc:266:slice$6031 ($_DFFE_PN0P_) from module rv32im_core (D = \u_mem_stage.reg_memwb [55], Q = \u_regfile.g_rf_flop.reg_file [279]).
Adding EN signal on $auto$ff.cc:266:slice$6032 ($_DFFE_PN0P_) from module rv32im_core (D = \u_mem_stage.reg_memwb [56], Q = \u_regfile.g_rf_flop.reg_file [280]).
Adding EN signal on $auto$ff.cc:266:slice$6033 ($_DFFE_PN0P_) from module rv32im_core (D = \u_mem_stage.reg_memwb [57], Q = \u_regfile.g_rf_flop.reg_file [281]).
Adding EN signal on $auto$ff.cc:266:slice$6034 ($_DFFE_PN0P_) from module rv32im_core (D = \u_mem_stage.reg_memwb [58], Q = \u_regfile.g_rf_flop.reg_file [282]).
Adding EN signal on $auto$ff.cc:266:slice$6035 ($_DFFE_PN0P_) from module rv32im_core (D = \u_mem_stage.reg_memwb [59], Q = \u_regfile.g_rf_flop.reg_file [283]).
Adding EN signal on $auto$ff.cc:266:slice$6036 ($_DFFE_PN0P_) from module rv32im_core (D = \u_mem_stage.reg_memwb [60], Q = \u_regfile.g_rf_flop.reg_file [284]).
Adding EN signal on $auto$ff.cc:266:slice$6037 ($_DFFE_PN0P_) from module rv32im_core (D = \u_mem_stage.reg_memwb [61], Q = \u_regfile.g_rf_flop.reg_file [285]).
Adding EN signal on $auto$ff.cc:266:slice$6038 ($_DFFE_PN0P_) from module rv32im_core (D = \u_mem_stage.reg_memwb [62], Q = \u_regfile.g_rf_flop.reg_file [286]).
Adding EN signal on $auto$ff.cc:266:slice$6040 ($_DFFE_PN0P_) from module rv32im_core (D = \u_mem_stage.reg_memwb [32], Q = \u_regfile.g_rf_flop.reg_file [224]).
Adding EN signal on $auto$ff.cc:266:slice$6041 ($_DFFE_PN0P_) from module rv32im_core (D = \u_mem_stage.reg_memwb [33], Q = \u_regfile.g_rf_flop.reg_file [225]).
Adding EN signal on $auto$ff.cc:266:slice$6042 ($_DFFE_PN0P_) from module rv32im_core (D = \u_mem_stage.reg_memwb [34], Q = \u_regfile.g_rf_flop.reg_file [226]).
Adding EN signal on $auto$ff.cc:266:slice$6043 ($_DFFE_PN0P_) from module rv32im_core (D = \u_mem_stage.reg_memwb [35], Q = \u_regfile.g_rf_flop.reg_file [227]).
Adding EN signal on $auto$ff.cc:266:slice$6044 ($_DFFE_PN0P_) from module rv32im_core (D = \u_mem_stage.reg_memwb [36], Q = \u_regfile.g_rf_flop.reg_file [228]).
Adding EN signal on $auto$ff.cc:266:slice$6045 ($_DFFE_PN0P_) from module rv32im_core (D = \u_mem_stage.reg_memwb [37], Q = \u_regfile.g_rf_flop.reg_file [229]).
Adding EN signal on $auto$ff.cc:266:slice$6046 ($_DFFE_PN0P_) from module rv32im_core (D = \u_mem_stage.reg_memwb [38], Q = \u_regfile.g_rf_flop.reg_file [230]).
Adding EN signal on $auto$ff.cc:266:slice$6047 ($_DFFE_PN0P_) from module rv32im_core (D = \u_mem_stage.reg_memwb [39], Q = \u_regfile.g_rf_flop.reg_file [231]).
Adding EN signal on $auto$ff.cc:266:slice$6048 ($_DFFE_PN0P_) from module rv32im_core (D = \u_mem_stage.reg_memwb [40], Q = \u_regfile.g_rf_flop.reg_file [232]).
Adding EN signal on $auto$ff.cc:266:slice$6049 ($_DFFE_PN0P_) from module rv32im_core (D = \u_mem_stage.reg_memwb [41], Q = \u_regfile.g_rf_flop.reg_file [233]).
Adding EN signal on $auto$ff.cc:266:slice$6050 ($_DFFE_PN0P_) from module rv32im_core (D = \u_mem_stage.reg_memwb [42], Q = \u_regfile.g_rf_flop.reg_file [234]).
Adding EN signal on $auto$ff.cc:266:slice$6051 ($_DFFE_PN0P_) from module rv32im_core (D = \u_mem_stage.reg_memwb [43], Q = \u_regfile.g_rf_flop.reg_file [235]).
Adding EN signal on $auto$ff.cc:266:slice$6052 ($_DFFE_PN0P_) from module rv32im_core (D = \u_mem_stage.reg_memwb [44], Q = \u_regfile.g_rf_flop.reg_file [236]).
Adding EN signal on $auto$ff.cc:266:slice$6053 ($_DFFE_PN0P_) from module rv32im_core (D = \u_mem_stage.reg_memwb [45], Q = \u_regfile.g_rf_flop.reg_file [237]).
Adding EN signal on $auto$ff.cc:266:slice$6054 ($_DFFE_PN0P_) from module rv32im_core (D = \u_mem_stage.reg_memwb [46], Q = \u_regfile.g_rf_flop.reg_file [238]).
Adding EN signal on $auto$ff.cc:266:slice$6055 ($_DFFE_PN0P_) from module rv32im_core (D = \u_mem_stage.reg_memwb [47], Q = \u_regfile.g_rf_flop.reg_file [239]).
Adding EN signal on $auto$ff.cc:266:slice$6056 ($_DFFE_PN0P_) from module rv32im_core (D = \u_mem_stage.reg_memwb [48], Q = \u_regfile.g_rf_flop.reg_file [240]).
Adding EN signal on $auto$ff.cc:266:slice$6057 ($_DFFE_PN0P_) from module rv32im_core (D = \u_mem_stage.reg_memwb [49], Q = \u_regfile.g_rf_flop.reg_file [241]).
Adding EN signal on $auto$ff.cc:266:slice$6058 ($_DFFE_PN0P_) from module rv32im_core (D = \u_mem_stage.reg_memwb [50], Q = \u_regfile.g_rf_flop.reg_file [242]).
Adding EN signal on $auto$ff.cc:266:slice$6059 ($_DFFE_PN0P_) from module rv32im_core (D = \u_mem_stage.reg_memwb [51], Q = \u_regfile.g_rf_flop.reg_file [243]).
Adding EN signal on $auto$ff.cc:266:slice$6060 ($_DFFE_PN0P_) from module rv32im_core (D = \u_mem_stage.reg_memwb [52], Q = \u_regfile.g_rf_flop.reg_file [244]).
Adding EN signal on $auto$ff.cc:266:slice$6061 ($_DFFE_PN0P_) from module rv32im_core (D = \u_mem_stage.reg_memwb [53], Q = \u_regfile.g_rf_flop.reg_file [245]).
Adding EN signal on $auto$ff.cc:266:slice$6062 ($_DFFE_PN0P_) from module rv32im_core (D = \u_mem_stage.reg_memwb [54], Q = \u_regfile.g_rf_flop.reg_file [246]).
Adding EN signal on $auto$ff.cc:266:slice$6063 ($_DFFE_PN0P_) from module rv32im_core (D = \u_mem_stage.reg_memwb [55], Q = \u_regfile.g_rf_flop.reg_file [247]).
Adding EN signal on $auto$ff.cc:266:slice$6064 ($_DFFE_PN0P_) from module rv32im_core (D = \u_mem_stage.reg_memwb [56], Q = \u_regfile.g_rf_flop.reg_file [248]).
Adding EN signal on $auto$ff.cc:266:slice$6065 ($_DFFE_PN0P_) from module rv32im_core (D = \u_mem_stage.reg_memwb [57], Q = \u_regfile.g_rf_flop.reg_file [249]).
Adding EN signal on $auto$ff.cc:266:slice$6066 ($_DFFE_PN0P_) from module rv32im_core (D = \u_mem_stage.reg_memwb [58], Q = \u_regfile.g_rf_flop.reg_file [250]).
Adding EN signal on $auto$ff.cc:266:slice$6067 ($_DFFE_PN0P_) from module rv32im_core (D = \u_mem_stage.reg_memwb [59], Q = \u_regfile.g_rf_flop.reg_file [251]).
Adding EN signal on $auto$ff.cc:266:slice$6068 ($_DFFE_PN0P_) from module rv32im_core (D = \u_mem_stage.reg_memwb [60], Q = \u_regfile.g_rf_flop.reg_file [252]).
Adding EN signal on $auto$ff.cc:266:slice$6069 ($_DFFE_PN0P_) from module rv32im_core (D = \u_mem_stage.reg_memwb [61], Q = \u_regfile.g_rf_flop.reg_file [253]).
Adding EN signal on $auto$ff.cc:266:slice$6070 ($_DFFE_PN0P_) from module rv32im_core (D = \u_mem_stage.reg_memwb [62], Q = \u_regfile.g_rf_flop.reg_file [254]).
Adding EN signal on $auto$ff.cc:266:slice$6072 ($_DFFE_PN0P_) from module rv32im_core (D = \u_mem_stage.reg_memwb [32], Q = \u_regfile.g_rf_flop.reg_file [192]).
Adding EN signal on $auto$ff.cc:266:slice$6073 ($_DFFE_PN0P_) from module rv32im_core (D = \u_mem_stage.reg_memwb [33], Q = \u_regfile.g_rf_flop.reg_file [193]).
Adding EN signal on $auto$ff.cc:266:slice$6074 ($_DFFE_PN0P_) from module rv32im_core (D = \u_mem_stage.reg_memwb [34], Q = \u_regfile.g_rf_flop.reg_file [194]).
Adding EN signal on $auto$ff.cc:266:slice$6075 ($_DFFE_PN0P_) from module rv32im_core (D = \u_mem_stage.reg_memwb [35], Q = \u_regfile.g_rf_flop.reg_file [195]).
Adding EN signal on $auto$ff.cc:266:slice$6076 ($_DFFE_PN0P_) from module rv32im_core (D = \u_mem_stage.reg_memwb [36], Q = \u_regfile.g_rf_flop.reg_file [196]).
Adding EN signal on $auto$ff.cc:266:slice$6077 ($_DFFE_PN0P_) from module rv32im_core (D = \u_mem_stage.reg_memwb [37], Q = \u_regfile.g_rf_flop.reg_file [197]).
Adding EN signal on $auto$ff.cc:266:slice$6078 ($_DFFE_PN0P_) from module rv32im_core (D = \u_mem_stage.reg_memwb [38], Q = \u_regfile.g_rf_flop.reg_file [198]).
Adding EN signal on $auto$ff.cc:266:slice$6079 ($_DFFE_PN0P_) from module rv32im_core (D = \u_mem_stage.reg_memwb [39], Q = \u_regfile.g_rf_flop.reg_file [199]).
Adding EN signal on $auto$ff.cc:266:slice$6080 ($_DFFE_PN0P_) from module rv32im_core (D = \u_mem_stage.reg_memwb [40], Q = \u_regfile.g_rf_flop.reg_file [200]).
Adding EN signal on $auto$ff.cc:266:slice$6081 ($_DFFE_PN0P_) from module rv32im_core (D = \u_mem_stage.reg_memwb [41], Q = \u_regfile.g_rf_flop.reg_file [201]).
Adding EN signal on $auto$ff.cc:266:slice$6082 ($_DFFE_PN0P_) from module rv32im_core (D = \u_mem_stage.reg_memwb [42], Q = \u_regfile.g_rf_flop.reg_file [202]).
Adding EN signal on $auto$ff.cc:266:slice$6083 ($_DFFE_PN0P_) from module rv32im_core (D = \u_mem_stage.reg_memwb [43], Q = \u_regfile.g_rf_flop.reg_file [203]).
Adding EN signal on $auto$ff.cc:266:slice$6084 ($_DFFE_PN0P_) from module rv32im_core (D = \u_mem_stage.reg_memwb [44], Q = \u_regfile.g_rf_flop.reg_file [204]).
Adding EN signal on $auto$ff.cc:266:slice$6085 ($_DFFE_PN0P_) from module rv32im_core (D = \u_mem_stage.reg_memwb [45], Q = \u_regfile.g_rf_flop.reg_file [205]).
Adding EN signal on $auto$ff.cc:266:slice$6086 ($_DFFE_PN0P_) from module rv32im_core (D = \u_mem_stage.reg_memwb [46], Q = \u_regfile.g_rf_flop.reg_file [206]).
Adding EN signal on $auto$ff.cc:266:slice$6087 ($_DFFE_PN0P_) from module rv32im_core (D = \u_mem_stage.reg_memwb [47], Q = \u_regfile.g_rf_flop.reg_file [207]).
Adding EN signal on $auto$ff.cc:266:slice$6088 ($_DFFE_PN0P_) from module rv32im_core (D = \u_mem_stage.reg_memwb [48], Q = \u_regfile.g_rf_flop.reg_file [208]).
Adding EN signal on $auto$ff.cc:266:slice$6089 ($_DFFE_PN0P_) from module rv32im_core (D = \u_mem_stage.reg_memwb [49], Q = \u_regfile.g_rf_flop.reg_file [209]).
Adding EN signal on $auto$ff.cc:266:slice$6090 ($_DFFE_PN0P_) from module rv32im_core (D = \u_mem_stage.reg_memwb [50], Q = \u_regfile.g_rf_flop.reg_file [210]).
Adding EN signal on $auto$ff.cc:266:slice$6091 ($_DFFE_PN0P_) from module rv32im_core (D = \u_mem_stage.reg_memwb [51], Q = \u_regfile.g_rf_flop.reg_file [211]).
Adding EN signal on $auto$ff.cc:266:slice$6092 ($_DFFE_PN0P_) from module rv32im_core (D = \u_mem_stage.reg_memwb [52], Q = \u_regfile.g_rf_flop.reg_file [212]).
Adding EN signal on $auto$ff.cc:266:slice$6093 ($_DFFE_PN0P_) from module rv32im_core (D = \u_mem_stage.reg_memwb [53], Q = \u_regfile.g_rf_flop.reg_file [213]).
Adding EN signal on $auto$ff.cc:266:slice$6094 ($_DFFE_PN0P_) from module rv32im_core (D = \u_mem_stage.reg_memwb [54], Q = \u_regfile.g_rf_flop.reg_file [214]).
Adding EN signal on $auto$ff.cc:266:slice$6095 ($_DFFE_PN0P_) from module rv32im_core (D = \u_mem_stage.reg_memwb [55], Q = \u_regfile.g_rf_flop.reg_file [215]).
Adding EN signal on $auto$ff.cc:266:slice$6096 ($_DFFE_PN0P_) from module rv32im_core (D = \u_mem_stage.reg_memwb [56], Q = \u_regfile.g_rf_flop.reg_file [216]).
Adding EN signal on $auto$ff.cc:266:slice$6097 ($_DFFE_PN0P_) from module rv32im_core (D = \u_mem_stage.reg_memwb [57], Q = \u_regfile.g_rf_flop.reg_file [217]).
Adding EN signal on $auto$ff.cc:266:slice$6098 ($_DFFE_PN0P_) from module rv32im_core (D = \u_mem_stage.reg_memwb [58], Q = \u_regfile.g_rf_flop.reg_file [218]).
Adding EN signal on $auto$ff.cc:266:slice$6099 ($_DFFE_PN0P_) from module rv32im_core (D = \u_mem_stage.reg_memwb [59], Q = \u_regfile.g_rf_flop.reg_file [219]).
Adding EN signal on $auto$ff.cc:266:slice$6100 ($_DFFE_PN0P_) from module rv32im_core (D = \u_mem_stage.reg_memwb [60], Q = \u_regfile.g_rf_flop.reg_file [220]).
Adding EN signal on $auto$ff.cc:266:slice$6101 ($_DFFE_PN0P_) from module rv32im_core (D = \u_mem_stage.reg_memwb [61], Q = \u_regfile.g_rf_flop.reg_file [221]).
Adding EN signal on $auto$ff.cc:266:slice$6102 ($_DFFE_PN0P_) from module rv32im_core (D = \u_mem_stage.reg_memwb [62], Q = \u_regfile.g_rf_flop.reg_file [222]).
Adding EN signal on $auto$ff.cc:266:slice$6104 ($_DFFE_PN0P_) from module rv32im_core (D = \u_mem_stage.reg_memwb [32], Q = \u_regfile.g_rf_flop.reg_file [160]).
Adding EN signal on $auto$ff.cc:266:slice$6105 ($_DFFE_PN0P_) from module rv32im_core (D = \u_mem_stage.reg_memwb [33], Q = \u_regfile.g_rf_flop.reg_file [161]).
Adding EN signal on $auto$ff.cc:266:slice$6106 ($_DFFE_PN0P_) from module rv32im_core (D = \u_mem_stage.reg_memwb [34], Q = \u_regfile.g_rf_flop.reg_file [162]).
Adding EN signal on $auto$ff.cc:266:slice$6107 ($_DFFE_PN0P_) from module rv32im_core (D = \u_mem_stage.reg_memwb [35], Q = \u_regfile.g_rf_flop.reg_file [163]).
Adding EN signal on $auto$ff.cc:266:slice$6108 ($_DFFE_PN0P_) from module rv32im_core (D = \u_mem_stage.reg_memwb [36], Q = \u_regfile.g_rf_flop.reg_file [164]).
Adding EN signal on $auto$ff.cc:266:slice$6109 ($_DFFE_PN0P_) from module rv32im_core (D = \u_mem_stage.reg_memwb [37], Q = \u_regfile.g_rf_flop.reg_file [165]).
Adding EN signal on $auto$ff.cc:266:slice$6110 ($_DFFE_PN0P_) from module rv32im_core (D = \u_mem_stage.reg_memwb [38], Q = \u_regfile.g_rf_flop.reg_file [166]).
Adding EN signal on $auto$ff.cc:266:slice$6111 ($_DFFE_PN0P_) from module rv32im_core (D = \u_mem_stage.reg_memwb [39], Q = \u_regfile.g_rf_flop.reg_file [167]).
Adding EN signal on $auto$ff.cc:266:slice$6112 ($_DFFE_PN0P_) from module rv32im_core (D = \u_mem_stage.reg_memwb [40], Q = \u_regfile.g_rf_flop.reg_file [168]).
Adding EN signal on $auto$ff.cc:266:slice$6113 ($_DFFE_PN0P_) from module rv32im_core (D = \u_mem_stage.reg_memwb [41], Q = \u_regfile.g_rf_flop.reg_file [169]).
Adding EN signal on $auto$ff.cc:266:slice$6114 ($_DFFE_PN0P_) from module rv32im_core (D = \u_mem_stage.reg_memwb [42], Q = \u_regfile.g_rf_flop.reg_file [170]).
Adding EN signal on $auto$ff.cc:266:slice$6115 ($_DFFE_PN0P_) from module rv32im_core (D = \u_mem_stage.reg_memwb [43], Q = \u_regfile.g_rf_flop.reg_file [171]).
Adding EN signal on $auto$ff.cc:266:slice$6116 ($_DFFE_PN0P_) from module rv32im_core (D = \u_mem_stage.reg_memwb [44], Q = \u_regfile.g_rf_flop.reg_file [172]).
Adding EN signal on $auto$ff.cc:266:slice$6117 ($_DFFE_PN0P_) from module rv32im_core (D = \u_mem_stage.reg_memwb [45], Q = \u_regfile.g_rf_flop.reg_file [173]).
Adding EN signal on $auto$ff.cc:266:slice$6118 ($_DFFE_PN0P_) from module rv32im_core (D = \u_mem_stage.reg_memwb [46], Q = \u_regfile.g_rf_flop.reg_file [174]).
Adding EN signal on $auto$ff.cc:266:slice$6119 ($_DFFE_PN0P_) from module rv32im_core (D = \u_mem_stage.reg_memwb [47], Q = \u_regfile.g_rf_flop.reg_file [175]).
Adding EN signal on $auto$ff.cc:266:slice$6120 ($_DFFE_PN0P_) from module rv32im_core (D = \u_mem_stage.reg_memwb [48], Q = \u_regfile.g_rf_flop.reg_file [176]).
Adding EN signal on $auto$ff.cc:266:slice$6121 ($_DFFE_PN0P_) from module rv32im_core (D = \u_mem_stage.reg_memwb [49], Q = \u_regfile.g_rf_flop.reg_file [177]).
Adding EN signal on $auto$ff.cc:266:slice$6122 ($_DFFE_PN0P_) from module rv32im_core (D = \u_mem_stage.reg_memwb [50], Q = \u_regfile.g_rf_flop.reg_file [178]).
Adding EN signal on $auto$ff.cc:266:slice$6123 ($_DFFE_PN0P_) from module rv32im_core (D = \u_mem_stage.reg_memwb [51], Q = \u_regfile.g_rf_flop.reg_file [179]).
Adding EN signal on $auto$ff.cc:266:slice$6124 ($_DFFE_PN0P_) from module rv32im_core (D = \u_mem_stage.reg_memwb [52], Q = \u_regfile.g_rf_flop.reg_file [180]).
Adding EN signal on $auto$ff.cc:266:slice$6125 ($_DFFE_PN0P_) from module rv32im_core (D = \u_mem_stage.reg_memwb [53], Q = \u_regfile.g_rf_flop.reg_file [181]).
Adding EN signal on $auto$ff.cc:266:slice$6126 ($_DFFE_PN0P_) from module rv32im_core (D = \u_mem_stage.reg_memwb [54], Q = \u_regfile.g_rf_flop.reg_file [182]).
Adding EN signal on $auto$ff.cc:266:slice$6127 ($_DFFE_PN0P_) from module rv32im_core (D = \u_mem_stage.reg_memwb [55], Q = \u_regfile.g_rf_flop.reg_file [183]).
Adding EN signal on $auto$ff.cc:266:slice$6128 ($_DFFE_PN0P_) from module rv32im_core (D = \u_mem_stage.reg_memwb [56], Q = \u_regfile.g_rf_flop.reg_file [184]).
Adding EN signal on $auto$ff.cc:266:slice$6129 ($_DFFE_PN0P_) from module rv32im_core (D = \u_mem_stage.reg_memwb [57], Q = \u_regfile.g_rf_flop.reg_file [185]).
Adding EN signal on $auto$ff.cc:266:slice$6130 ($_DFFE_PN0P_) from module rv32im_core (D = \u_mem_stage.reg_memwb [58], Q = \u_regfile.g_rf_flop.reg_file [186]).
Adding EN signal on $auto$ff.cc:266:slice$6131 ($_DFFE_PN0P_) from module rv32im_core (D = \u_mem_stage.reg_memwb [59], Q = \u_regfile.g_rf_flop.reg_file [187]).
Adding EN signal on $auto$ff.cc:266:slice$6132 ($_DFFE_PN0P_) from module rv32im_core (D = \u_mem_stage.reg_memwb [60], Q = \u_regfile.g_rf_flop.reg_file [188]).
Adding EN signal on $auto$ff.cc:266:slice$6133 ($_DFFE_PN0P_) from module rv32im_core (D = \u_mem_stage.reg_memwb [61], Q = \u_regfile.g_rf_flop.reg_file [189]).
Adding EN signal on $auto$ff.cc:266:slice$6134 ($_DFFE_PN0P_) from module rv32im_core (D = \u_mem_stage.reg_memwb [62], Q = \u_regfile.g_rf_flop.reg_file [190]).
Adding EN signal on $auto$ff.cc:266:slice$6136 ($_DFFE_PN0P_) from module rv32im_core (D = \u_mem_stage.reg_memwb [32], Q = \u_regfile.g_rf_flop.reg_file [128]).
Adding EN signal on $auto$ff.cc:266:slice$6137 ($_DFFE_PN0P_) from module rv32im_core (D = \u_mem_stage.reg_memwb [33], Q = \u_regfile.g_rf_flop.reg_file [129]).
Adding EN signal on $auto$ff.cc:266:slice$6138 ($_DFFE_PN0P_) from module rv32im_core (D = \u_mem_stage.reg_memwb [34], Q = \u_regfile.g_rf_flop.reg_file [130]).
Adding EN signal on $auto$ff.cc:266:slice$6139 ($_DFFE_PN0P_) from module rv32im_core (D = \u_mem_stage.reg_memwb [35], Q = \u_regfile.g_rf_flop.reg_file [131]).
Adding EN signal on $auto$ff.cc:266:slice$6140 ($_DFFE_PN0P_) from module rv32im_core (D = \u_mem_stage.reg_memwb [36], Q = \u_regfile.g_rf_flop.reg_file [132]).
Adding EN signal on $auto$ff.cc:266:slice$6141 ($_DFFE_PN0P_) from module rv32im_core (D = \u_mem_stage.reg_memwb [37], Q = \u_regfile.g_rf_flop.reg_file [133]).
Adding EN signal on $auto$ff.cc:266:slice$6142 ($_DFFE_PN0P_) from module rv32im_core (D = \u_mem_stage.reg_memwb [38], Q = \u_regfile.g_rf_flop.reg_file [134]).
Adding EN signal on $auto$ff.cc:266:slice$6143 ($_DFFE_PN0P_) from module rv32im_core (D = \u_mem_stage.reg_memwb [39], Q = \u_regfile.g_rf_flop.reg_file [135]).
Adding EN signal on $auto$ff.cc:266:slice$6144 ($_DFFE_PN0P_) from module rv32im_core (D = \u_mem_stage.reg_memwb [40], Q = \u_regfile.g_rf_flop.reg_file [136]).
Adding EN signal on $auto$ff.cc:266:slice$6145 ($_DFFE_PN0P_) from module rv32im_core (D = \u_mem_stage.reg_memwb [41], Q = \u_regfile.g_rf_flop.reg_file [137]).
Adding EN signal on $auto$ff.cc:266:slice$6146 ($_DFFE_PN0P_) from module rv32im_core (D = \u_mem_stage.reg_memwb [42], Q = \u_regfile.g_rf_flop.reg_file [138]).
Adding EN signal on $auto$ff.cc:266:slice$6147 ($_DFFE_PN0P_) from module rv32im_core (D = \u_mem_stage.reg_memwb [43], Q = \u_regfile.g_rf_flop.reg_file [139]).
Adding EN signal on $auto$ff.cc:266:slice$6148 ($_DFFE_PN0P_) from module rv32im_core (D = \u_mem_stage.reg_memwb [44], Q = \u_regfile.g_rf_flop.reg_file [140]).
Adding EN signal on $auto$ff.cc:266:slice$6149 ($_DFFE_PN0P_) from module rv32im_core (D = \u_mem_stage.reg_memwb [45], Q = \u_regfile.g_rf_flop.reg_file [141]).
Adding EN signal on $auto$ff.cc:266:slice$6150 ($_DFFE_PN0P_) from module rv32im_core (D = \u_mem_stage.reg_memwb [46], Q = \u_regfile.g_rf_flop.reg_file [142]).
Adding EN signal on $auto$ff.cc:266:slice$6151 ($_DFFE_PN0P_) from module rv32im_core (D = \u_mem_stage.reg_memwb [47], Q = \u_regfile.g_rf_flop.reg_file [143]).
Adding EN signal on $auto$ff.cc:266:slice$6152 ($_DFFE_PN0P_) from module rv32im_core (D = \u_mem_stage.reg_memwb [48], Q = \u_regfile.g_rf_flop.reg_file [144]).
Adding EN signal on $auto$ff.cc:266:slice$6153 ($_DFFE_PN0P_) from module rv32im_core (D = \u_mem_stage.reg_memwb [49], Q = \u_regfile.g_rf_flop.reg_file [145]).
Adding EN signal on $auto$ff.cc:266:slice$6154 ($_DFFE_PN0P_) from module rv32im_core (D = \u_mem_stage.reg_memwb [50], Q = \u_regfile.g_rf_flop.reg_file [146]).
Adding EN signal on $auto$ff.cc:266:slice$6155 ($_DFFE_PN0P_) from module rv32im_core (D = \u_mem_stage.reg_memwb [51], Q = \u_regfile.g_rf_flop.reg_file [147]).
Adding EN signal on $auto$ff.cc:266:slice$6156 ($_DFFE_PN0P_) from module rv32im_core (D = \u_mem_stage.reg_memwb [52], Q = \u_regfile.g_rf_flop.reg_file [148]).
Adding EN signal on $auto$ff.cc:266:slice$6157 ($_DFFE_PN0P_) from module rv32im_core (D = \u_mem_stage.reg_memwb [53], Q = \u_regfile.g_rf_flop.reg_file [149]).
Adding EN signal on $auto$ff.cc:266:slice$6158 ($_DFFE_PN0P_) from module rv32im_core (D = \u_mem_stage.reg_memwb [54], Q = \u_regfile.g_rf_flop.reg_file [150]).
Adding EN signal on $auto$ff.cc:266:slice$6159 ($_DFFE_PN0P_) from module rv32im_core (D = \u_mem_stage.reg_memwb [55], Q = \u_regfile.g_rf_flop.reg_file [151]).
Adding EN signal on $auto$ff.cc:266:slice$6160 ($_DFFE_PN0P_) from module rv32im_core (D = \u_mem_stage.reg_memwb [56], Q = \u_regfile.g_rf_flop.reg_file [152]).
Adding EN signal on $auto$ff.cc:266:slice$6161 ($_DFFE_PN0P_) from module rv32im_core (D = \u_mem_stage.reg_memwb [57], Q = \u_regfile.g_rf_flop.reg_file [153]).
Adding EN signal on $auto$ff.cc:266:slice$6162 ($_DFFE_PN0P_) from module rv32im_core (D = \u_mem_stage.reg_memwb [58], Q = \u_regfile.g_rf_flop.reg_file [154]).
Adding EN signal on $auto$ff.cc:266:slice$6163 ($_DFFE_PN0P_) from module rv32im_core (D = \u_mem_stage.reg_memwb [59], Q = \u_regfile.g_rf_flop.reg_file [155]).
Adding EN signal on $auto$ff.cc:266:slice$6164 ($_DFFE_PN0P_) from module rv32im_core (D = \u_mem_stage.reg_memwb [60], Q = \u_regfile.g_rf_flop.reg_file [156]).
Adding EN signal on $auto$ff.cc:266:slice$6165 ($_DFFE_PN0P_) from module rv32im_core (D = \u_mem_stage.reg_memwb [61], Q = \u_regfile.g_rf_flop.reg_file [157]).
Adding EN signal on $auto$ff.cc:266:slice$6166 ($_DFFE_PN0P_) from module rv32im_core (D = \u_mem_stage.reg_memwb [62], Q = \u_regfile.g_rf_flop.reg_file [158]).
Adding EN signal on $auto$ff.cc:266:slice$6168 ($_DFFE_PN0P_) from module rv32im_core (D = \u_mem_stage.reg_memwb [32], Q = \u_regfile.g_rf_flop.reg_file [96]).
Adding EN signal on $auto$ff.cc:266:slice$6169 ($_DFFE_PN0P_) from module rv32im_core (D = \u_mem_stage.reg_memwb [33], Q = \u_regfile.g_rf_flop.reg_file [97]).
Adding EN signal on $auto$ff.cc:266:slice$6170 ($_DFFE_PN0P_) from module rv32im_core (D = \u_mem_stage.reg_memwb [34], Q = \u_regfile.g_rf_flop.reg_file [98]).
Adding EN signal on $auto$ff.cc:266:slice$6171 ($_DFFE_PN0P_) from module rv32im_core (D = \u_mem_stage.reg_memwb [35], Q = \u_regfile.g_rf_flop.reg_file [99]).
Adding EN signal on $auto$ff.cc:266:slice$6172 ($_DFFE_PN0P_) from module rv32im_core (D = \u_mem_stage.reg_memwb [36], Q = \u_regfile.g_rf_flop.reg_file [100]).
Adding EN signal on $auto$ff.cc:266:slice$6173 ($_DFFE_PN0P_) from module rv32im_core (D = \u_mem_stage.reg_memwb [37], Q = \u_regfile.g_rf_flop.reg_file [101]).
Adding EN signal on $auto$ff.cc:266:slice$6174 ($_DFFE_PN0P_) from module rv32im_core (D = \u_mem_stage.reg_memwb [38], Q = \u_regfile.g_rf_flop.reg_file [102]).
Adding EN signal on $auto$ff.cc:266:slice$6175 ($_DFFE_PN0P_) from module rv32im_core (D = \u_mem_stage.reg_memwb [39], Q = \u_regfile.g_rf_flop.reg_file [103]).
Adding EN signal on $auto$ff.cc:266:slice$6176 ($_DFFE_PN0P_) from module rv32im_core (D = \u_mem_stage.reg_memwb [40], Q = \u_regfile.g_rf_flop.reg_file [104]).
Adding EN signal on $auto$ff.cc:266:slice$6177 ($_DFFE_PN0P_) from module rv32im_core (D = \u_mem_stage.reg_memwb [41], Q = \u_regfile.g_rf_flop.reg_file [105]).
Adding EN signal on $auto$ff.cc:266:slice$6178 ($_DFFE_PN0P_) from module rv32im_core (D = \u_mem_stage.reg_memwb [42], Q = \u_regfile.g_rf_flop.reg_file [106]).
Adding EN signal on $auto$ff.cc:266:slice$6179 ($_DFFE_PN0P_) from module rv32im_core (D = \u_mem_stage.reg_memwb [43], Q = \u_regfile.g_rf_flop.reg_file [107]).
Adding EN signal on $auto$ff.cc:266:slice$6180 ($_DFFE_PN0P_) from module rv32im_core (D = \u_mem_stage.reg_memwb [44], Q = \u_regfile.g_rf_flop.reg_file [108]).
Adding EN signal on $auto$ff.cc:266:slice$6181 ($_DFFE_PN0P_) from module rv32im_core (D = \u_mem_stage.reg_memwb [45], Q = \u_regfile.g_rf_flop.reg_file [109]).
Adding EN signal on $auto$ff.cc:266:slice$6182 ($_DFFE_PN0P_) from module rv32im_core (D = \u_mem_stage.reg_memwb [46], Q = \u_regfile.g_rf_flop.reg_file [110]).
Adding EN signal on $auto$ff.cc:266:slice$6183 ($_DFFE_PN0P_) from module rv32im_core (D = \u_mem_stage.reg_memwb [47], Q = \u_regfile.g_rf_flop.reg_file [111]).
Adding EN signal on $auto$ff.cc:266:slice$6184 ($_DFFE_PN0P_) from module rv32im_core (D = \u_mem_stage.reg_memwb [48], Q = \u_regfile.g_rf_flop.reg_file [112]).
Adding EN signal on $auto$ff.cc:266:slice$6185 ($_DFFE_PN0P_) from module rv32im_core (D = \u_mem_stage.reg_memwb [49], Q = \u_regfile.g_rf_flop.reg_file [113]).
Adding EN signal on $auto$ff.cc:266:slice$6186 ($_DFFE_PN0P_) from module rv32im_core (D = \u_mem_stage.reg_memwb [50], Q = \u_regfile.g_rf_flop.reg_file [114]).
Adding EN signal on $auto$ff.cc:266:slice$6187 ($_DFFE_PN0P_) from module rv32im_core (D = \u_mem_stage.reg_memwb [51], Q = \u_regfile.g_rf_flop.reg_file [115]).
Adding EN signal on $auto$ff.cc:266:slice$6188 ($_DFFE_PN0P_) from module rv32im_core (D = \u_mem_stage.reg_memwb [52], Q = \u_regfile.g_rf_flop.reg_file [116]).
Adding EN signal on $auto$ff.cc:266:slice$6189 ($_DFFE_PN0P_) from module rv32im_core (D = \u_mem_stage.reg_memwb [53], Q = \u_regfile.g_rf_flop.reg_file [117]).
Adding EN signal on $auto$ff.cc:266:slice$6190 ($_DFFE_PN0P_) from module rv32im_core (D = \u_mem_stage.reg_memwb [54], Q = \u_regfile.g_rf_flop.reg_file [118]).
Adding EN signal on $auto$ff.cc:266:slice$6191 ($_DFFE_PN0P_) from module rv32im_core (D = \u_mem_stage.reg_memwb [55], Q = \u_regfile.g_rf_flop.reg_file [119]).
Adding EN signal on $auto$ff.cc:266:slice$6192 ($_DFFE_PN0P_) from module rv32im_core (D = \u_mem_stage.reg_memwb [56], Q = \u_regfile.g_rf_flop.reg_file [120]).
Adding EN signal on $auto$ff.cc:266:slice$6193 ($_DFFE_PN0P_) from module rv32im_core (D = \u_mem_stage.reg_memwb [57], Q = \u_regfile.g_rf_flop.reg_file [121]).
Adding EN signal on $auto$ff.cc:266:slice$6194 ($_DFFE_PN0P_) from module rv32im_core (D = \u_mem_stage.reg_memwb [58], Q = \u_regfile.g_rf_flop.reg_file [122]).
Adding EN signal on $auto$ff.cc:266:slice$6195 ($_DFFE_PN0P_) from module rv32im_core (D = \u_mem_stage.reg_memwb [59], Q = \u_regfile.g_rf_flop.reg_file [123]).
Adding EN signal on $auto$ff.cc:266:slice$6196 ($_DFFE_PN0P_) from module rv32im_core (D = \u_mem_stage.reg_memwb [60], Q = \u_regfile.g_rf_flop.reg_file [124]).
Adding EN signal on $auto$ff.cc:266:slice$6197 ($_DFFE_PN0P_) from module rv32im_core (D = \u_mem_stage.reg_memwb [61], Q = \u_regfile.g_rf_flop.reg_file [125]).
Adding EN signal on $auto$ff.cc:266:slice$6198 ($_DFFE_PN0P_) from module rv32im_core (D = \u_mem_stage.reg_memwb [62], Q = \u_regfile.g_rf_flop.reg_file [126]).
Adding EN signal on $auto$ff.cc:266:slice$6200 ($_DFFE_PN0P_) from module rv32im_core (D = \u_mem_stage.reg_memwb [32], Q = \u_regfile.g_rf_flop.reg_file [928]).
Adding EN signal on $auto$ff.cc:266:slice$6201 ($_DFFE_PN0P_) from module rv32im_core (D = \u_mem_stage.reg_memwb [33], Q = \u_regfile.g_rf_flop.reg_file [929]).
Adding EN signal on $auto$ff.cc:266:slice$6202 ($_DFFE_PN0P_) from module rv32im_core (D = \u_mem_stage.reg_memwb [34], Q = \u_regfile.g_rf_flop.reg_file [930]).
Adding EN signal on $auto$ff.cc:266:slice$6203 ($_DFFE_PN0P_) from module rv32im_core (D = \u_mem_stage.reg_memwb [35], Q = \u_regfile.g_rf_flop.reg_file [931]).
Adding EN signal on $auto$ff.cc:266:slice$6204 ($_DFFE_PN0P_) from module rv32im_core (D = \u_mem_stage.reg_memwb [36], Q = \u_regfile.g_rf_flop.reg_file [932]).
Adding EN signal on $auto$ff.cc:266:slice$6205 ($_DFFE_PN0P_) from module rv32im_core (D = \u_mem_stage.reg_memwb [37], Q = \u_regfile.g_rf_flop.reg_file [933]).
Adding EN signal on $auto$ff.cc:266:slice$6206 ($_DFFE_PN0P_) from module rv32im_core (D = \u_mem_stage.reg_memwb [38], Q = \u_regfile.g_rf_flop.reg_file [934]).
Adding EN signal on $auto$ff.cc:266:slice$6207 ($_DFFE_PN0P_) from module rv32im_core (D = \u_mem_stage.reg_memwb [39], Q = \u_regfile.g_rf_flop.reg_file [935]).
Adding EN signal on $auto$ff.cc:266:slice$6208 ($_DFFE_PN0P_) from module rv32im_core (D = \u_mem_stage.reg_memwb [40], Q = \u_regfile.g_rf_flop.reg_file [936]).
Adding EN signal on $auto$ff.cc:266:slice$6209 ($_DFFE_PN0P_) from module rv32im_core (D = \u_mem_stage.reg_memwb [41], Q = \u_regfile.g_rf_flop.reg_file [937]).
Adding EN signal on $auto$ff.cc:266:slice$6210 ($_DFFE_PN0P_) from module rv32im_core (D = \u_mem_stage.reg_memwb [42], Q = \u_regfile.g_rf_flop.reg_file [938]).
Adding EN signal on $auto$ff.cc:266:slice$6211 ($_DFFE_PN0P_) from module rv32im_core (D = \u_mem_stage.reg_memwb [43], Q = \u_regfile.g_rf_flop.reg_file [939]).
Adding EN signal on $auto$ff.cc:266:slice$6212 ($_DFFE_PN0P_) from module rv32im_core (D = \u_mem_stage.reg_memwb [44], Q = \u_regfile.g_rf_flop.reg_file [940]).
Adding EN signal on $auto$ff.cc:266:slice$6213 ($_DFFE_PN0P_) from module rv32im_core (D = \u_mem_stage.reg_memwb [45], Q = \u_regfile.g_rf_flop.reg_file [941]).
Adding EN signal on $auto$ff.cc:266:slice$6214 ($_DFFE_PN0P_) from module rv32im_core (D = \u_mem_stage.reg_memwb [46], Q = \u_regfile.g_rf_flop.reg_file [942]).
Adding EN signal on $auto$ff.cc:266:slice$6215 ($_DFFE_PN0P_) from module rv32im_core (D = \u_mem_stage.reg_memwb [47], Q = \u_regfile.g_rf_flop.reg_file [943]).
Adding EN signal on $auto$ff.cc:266:slice$6216 ($_DFFE_PN0P_) from module rv32im_core (D = \u_mem_stage.reg_memwb [48], Q = \u_regfile.g_rf_flop.reg_file [944]).
Adding EN signal on $auto$ff.cc:266:slice$6217 ($_DFFE_PN0P_) from module rv32im_core (D = \u_mem_stage.reg_memwb [49], Q = \u_regfile.g_rf_flop.reg_file [945]).
Adding EN signal on $auto$ff.cc:266:slice$6218 ($_DFFE_PN0P_) from module rv32im_core (D = \u_mem_stage.reg_memwb [50], Q = \u_regfile.g_rf_flop.reg_file [946]).
Adding EN signal on $auto$ff.cc:266:slice$6219 ($_DFFE_PN0P_) from module rv32im_core (D = \u_mem_stage.reg_memwb [51], Q = \u_regfile.g_rf_flop.reg_file [947]).
Adding EN signal on $auto$ff.cc:266:slice$6220 ($_DFFE_PN0P_) from module rv32im_core (D = \u_mem_stage.reg_memwb [52], Q = \u_regfile.g_rf_flop.reg_file [948]).
Adding EN signal on $auto$ff.cc:266:slice$6221 ($_DFFE_PN0P_) from module rv32im_core (D = \u_mem_stage.reg_memwb [53], Q = \u_regfile.g_rf_flop.reg_file [949]).
Adding EN signal on $auto$ff.cc:266:slice$6222 ($_DFFE_PN0P_) from module rv32im_core (D = \u_mem_stage.reg_memwb [54], Q = \u_regfile.g_rf_flop.reg_file [950]).
Adding EN signal on $auto$ff.cc:266:slice$6223 ($_DFFE_PN0P_) from module rv32im_core (D = \u_mem_stage.reg_memwb [55], Q = \u_regfile.g_rf_flop.reg_file [951]).
Adding EN signal on $auto$ff.cc:266:slice$6224 ($_DFFE_PN0P_) from module rv32im_core (D = \u_mem_stage.reg_memwb [56], Q = \u_regfile.g_rf_flop.reg_file [952]).
Adding EN signal on $auto$ff.cc:266:slice$6225 ($_DFFE_PN0P_) from module rv32im_core (D = \u_mem_stage.reg_memwb [57], Q = \u_regfile.g_rf_flop.reg_file [953]).
Adding EN signal on $auto$ff.cc:266:slice$6226 ($_DFFE_PN0P_) from module rv32im_core (D = \u_mem_stage.reg_memwb [58], Q = \u_regfile.g_rf_flop.reg_file [954]).
Adding EN signal on $auto$ff.cc:266:slice$6227 ($_DFFE_PN0P_) from module rv32im_core (D = \u_mem_stage.reg_memwb [59], Q = \u_regfile.g_rf_flop.reg_file [955]).
Adding EN signal on $auto$ff.cc:266:slice$6228 ($_DFFE_PN0P_) from module rv32im_core (D = \u_mem_stage.reg_memwb [60], Q = \u_regfile.g_rf_flop.reg_file [956]).
Adding EN signal on $auto$ff.cc:266:slice$6229 ($_DFFE_PN0P_) from module rv32im_core (D = \u_mem_stage.reg_memwb [61], Q = \u_regfile.g_rf_flop.reg_file [957]).
Adding EN signal on $auto$ff.cc:266:slice$6230 ($_DFFE_PN0P_) from module rv32im_core (D = \u_mem_stage.reg_memwb [62], Q = \u_regfile.g_rf_flop.reg_file [958]).
Adding EN signal on $auto$ff.cc:266:slice$6232 ($_DFFE_PN0P_) from module rv32im_core (D = \u_mem_stage.reg_memwb [32], Q = \u_regfile.g_rf_flop.reg_file [32]).
Adding EN signal on $auto$ff.cc:266:slice$6233 ($_DFFE_PN0P_) from module rv32im_core (D = \u_mem_stage.reg_memwb [33], Q = \u_regfile.g_rf_flop.reg_file [33]).
Adding EN signal on $auto$ff.cc:266:slice$6234 ($_DFFE_PN0P_) from module rv32im_core (D = \u_mem_stage.reg_memwb [34], Q = \u_regfile.g_rf_flop.reg_file [34]).
Adding EN signal on $auto$ff.cc:266:slice$6235 ($_DFFE_PN0P_) from module rv32im_core (D = \u_mem_stage.reg_memwb [35], Q = \u_regfile.g_rf_flop.reg_file [35]).
Adding EN signal on $auto$ff.cc:266:slice$6236 ($_DFFE_PN0P_) from module rv32im_core (D = \u_mem_stage.reg_memwb [36], Q = \u_regfile.g_rf_flop.reg_file [36]).
Adding EN signal on $auto$ff.cc:266:slice$6237 ($_DFFE_PN0P_) from module rv32im_core (D = \u_mem_stage.reg_memwb [37], Q = \u_regfile.g_rf_flop.reg_file [37]).
Adding EN signal on $auto$ff.cc:266:slice$6238 ($_DFFE_PN0P_) from module rv32im_core (D = \u_mem_stage.reg_memwb [38], Q = \u_regfile.g_rf_flop.reg_file [38]).
Adding EN signal on $auto$ff.cc:266:slice$6239 ($_DFFE_PN0P_) from module rv32im_core (D = \u_mem_stage.reg_memwb [39], Q = \u_regfile.g_rf_flop.reg_file [39]).
Adding EN signal on $auto$ff.cc:266:slice$6240 ($_DFFE_PN0P_) from module rv32im_core (D = \u_mem_stage.reg_memwb [40], Q = \u_regfile.g_rf_flop.reg_file [40]).
Adding EN signal on $auto$ff.cc:266:slice$6241 ($_DFFE_PN0P_) from module rv32im_core (D = \u_mem_stage.reg_memwb [41], Q = \u_regfile.g_rf_flop.reg_file [41]).
Adding EN signal on $auto$ff.cc:266:slice$6242 ($_DFFE_PN0P_) from module rv32im_core (D = \u_mem_stage.reg_memwb [42], Q = \u_regfile.g_rf_flop.reg_file [42]).
Adding EN signal on $auto$ff.cc:266:slice$6243 ($_DFFE_PN0P_) from module rv32im_core (D = \u_mem_stage.reg_memwb [43], Q = \u_regfile.g_rf_flop.reg_file [43]).
Adding EN signal on $auto$ff.cc:266:slice$6244 ($_DFFE_PN0P_) from module rv32im_core (D = \u_mem_stage.reg_memwb [44], Q = \u_regfile.g_rf_flop.reg_file [44]).
Adding EN signal on $auto$ff.cc:266:slice$6245 ($_DFFE_PN0P_) from module rv32im_core (D = \u_mem_stage.reg_memwb [45], Q = \u_regfile.g_rf_flop.reg_file [45]).
Adding EN signal on $auto$ff.cc:266:slice$6246 ($_DFFE_PN0P_) from module rv32im_core (D = \u_mem_stage.reg_memwb [46], Q = \u_regfile.g_rf_flop.reg_file [46]).
Adding EN signal on $auto$ff.cc:266:slice$6247 ($_DFFE_PN0P_) from module rv32im_core (D = \u_mem_stage.reg_memwb [47], Q = \u_regfile.g_rf_flop.reg_file [47]).
Adding EN signal on $auto$ff.cc:266:slice$6248 ($_DFFE_PN0P_) from module rv32im_core (D = \u_mem_stage.reg_memwb [48], Q = \u_regfile.g_rf_flop.reg_file [48]).
Adding EN signal on $auto$ff.cc:266:slice$6249 ($_DFFE_PN0P_) from module rv32im_core (D = \u_mem_stage.reg_memwb [49], Q = \u_regfile.g_rf_flop.reg_file [49]).
Adding EN signal on $auto$ff.cc:266:slice$6250 ($_DFFE_PN0P_) from module rv32im_core (D = \u_mem_stage.reg_memwb [50], Q = \u_regfile.g_rf_flop.reg_file [50]).
Adding EN signal on $auto$ff.cc:266:slice$6251 ($_DFFE_PN0P_) from module rv32im_core (D = \u_mem_stage.reg_memwb [51], Q = \u_regfile.g_rf_flop.reg_file [51]).
Adding EN signal on $auto$ff.cc:266:slice$6252 ($_DFFE_PN0P_) from module rv32im_core (D = \u_mem_stage.reg_memwb [52], Q = \u_regfile.g_rf_flop.reg_file [52]).
Adding EN signal on $auto$ff.cc:266:slice$6253 ($_DFFE_PN0P_) from module rv32im_core (D = \u_mem_stage.reg_memwb [53], Q = \u_regfile.g_rf_flop.reg_file [53]).
Adding EN signal on $auto$ff.cc:266:slice$6254 ($_DFFE_PN0P_) from module rv32im_core (D = \u_mem_stage.reg_memwb [54], Q = \u_regfile.g_rf_flop.reg_file [54]).
Adding EN signal on $auto$ff.cc:266:slice$6255 ($_DFFE_PN0P_) from module rv32im_core (D = \u_mem_stage.reg_memwb [55], Q = \u_regfile.g_rf_flop.reg_file [55]).
Adding EN signal on $auto$ff.cc:266:slice$6256 ($_DFFE_PN0P_) from module rv32im_core (D = \u_mem_stage.reg_memwb [56], Q = \u_regfile.g_rf_flop.reg_file [56]).
Adding EN signal on $auto$ff.cc:266:slice$6257 ($_DFFE_PN0P_) from module rv32im_core (D = \u_mem_stage.reg_memwb [57], Q = \u_regfile.g_rf_flop.reg_file [57]).
Adding EN signal on $auto$ff.cc:266:slice$6258 ($_DFFE_PN0P_) from module rv32im_core (D = \u_mem_stage.reg_memwb [58], Q = \u_regfile.g_rf_flop.reg_file [58]).
Adding EN signal on $auto$ff.cc:266:slice$6259 ($_DFFE_PN0P_) from module rv32im_core (D = \u_mem_stage.reg_memwb [59], Q = \u_regfile.g_rf_flop.reg_file [59]).
Adding EN signal on $auto$ff.cc:266:slice$6260 ($_DFFE_PN0P_) from module rv32im_core (D = \u_mem_stage.reg_memwb [60], Q = \u_regfile.g_rf_flop.reg_file [60]).
Adding EN signal on $auto$ff.cc:266:slice$6261 ($_DFFE_PN0P_) from module rv32im_core (D = \u_mem_stage.reg_memwb [61], Q = \u_regfile.g_rf_flop.reg_file [61]).
Adding EN signal on $auto$ff.cc:266:slice$6262 ($_DFFE_PN0P_) from module rv32im_core (D = \u_mem_stage.reg_memwb [62], Q = \u_regfile.g_rf_flop.reg_file [62]).
Adding EN signal on $auto$ff.cc:266:slice$10344 ($_DFFE_PN0P_) from module rv32im_core (D = $procmux$799_Y [66], Q = \u_ex_stage.u_muldiv.g_muldiv_present.u_mult.reg_acc [65]).
Adding EN signal on $auto$ff.cc:266:slice$14231 ($_DFFE_PN0P_) from module rv32im_core (D = \u_mem_stage.reg_memwb [32], Q = \u_regfile.g_rf_flop.reg_file [704]).
Adding EN signal on $auto$ff.cc:266:slice$14232 ($_DFFE_PN0P_) from module rv32im_core (D = \u_mem_stage.reg_memwb [33], Q = \u_regfile.g_rf_flop.reg_file [705]).
Adding EN signal on $auto$ff.cc:266:slice$14233 ($_DFFE_PN0P_) from module rv32im_core (D = \u_mem_stage.reg_memwb [34], Q = \u_regfile.g_rf_flop.reg_file [706]).
Adding EN signal on $auto$ff.cc:266:slice$14234 ($_DFFE_PN0P_) from module rv32im_core (D = \u_mem_stage.reg_memwb [35], Q = \u_regfile.g_rf_flop.reg_file [707]).
Adding EN signal on $auto$ff.cc:266:slice$14235 ($_DFFE_PN0P_) from module rv32im_core (D = \u_mem_stage.reg_memwb [36], Q = \u_regfile.g_rf_flop.reg_file [708]).
Adding EN signal on $auto$ff.cc:266:slice$14236 ($_DFFE_PN0P_) from module rv32im_core (D = \u_mem_stage.reg_memwb [37], Q = \u_regfile.g_rf_flop.reg_file [709]).
Adding EN signal on $auto$ff.cc:266:slice$14237 ($_DFFE_PN0P_) from module rv32im_core (D = \u_mem_stage.reg_memwb [38], Q = \u_regfile.g_rf_flop.reg_file [710]).
Adding EN signal on $auto$ff.cc:266:slice$14238 ($_DFFE_PN0P_) from module rv32im_core (D = \u_mem_stage.reg_memwb [39], Q = \u_regfile.g_rf_flop.reg_file [711]).
Adding EN signal on $auto$ff.cc:266:slice$14239 ($_DFFE_PN0P_) from module rv32im_core (D = \u_mem_stage.reg_memwb [40], Q = \u_regfile.g_rf_flop.reg_file [712]).
Adding EN signal on $auto$ff.cc:266:slice$14240 ($_DFFE_PN0P_) from module rv32im_core (D = \u_mem_stage.reg_memwb [41], Q = \u_regfile.g_rf_flop.reg_file [713]).
Adding EN signal on $auto$ff.cc:266:slice$14241 ($_DFFE_PN0P_) from module rv32im_core (D = \u_mem_stage.reg_memwb [42], Q = \u_regfile.g_rf_flop.reg_file [714]).
Adding EN signal on $auto$ff.cc:266:slice$14242 ($_DFFE_PN0P_) from module rv32im_core (D = \u_mem_stage.reg_memwb [43], Q = \u_regfile.g_rf_flop.reg_file [715]).
Adding EN signal on $auto$ff.cc:266:slice$14243 ($_DFFE_PN0P_) from module rv32im_core (D = \u_mem_stage.reg_memwb [44], Q = \u_regfile.g_rf_flop.reg_file [716]).
Adding EN signal on $auto$ff.cc:266:slice$14244 ($_DFFE_PN0P_) from module rv32im_core (D = \u_mem_stage.reg_memwb [45], Q = \u_regfile.g_rf_flop.reg_file [717]).
Adding EN signal on $auto$ff.cc:266:slice$14245 ($_DFFE_PN0P_) from module rv32im_core (D = \u_mem_stage.reg_memwb [46], Q = \u_regfile.g_rf_flop.reg_file [718]).
Adding EN signal on $auto$ff.cc:266:slice$14246 ($_DFFE_PN0P_) from module rv32im_core (D = \u_mem_stage.reg_memwb [47], Q = \u_regfile.g_rf_flop.reg_file [719]).
Adding EN signal on $auto$ff.cc:266:slice$14247 ($_DFFE_PN0P_) from module rv32im_core (D = \u_mem_stage.reg_memwb [48], Q = \u_regfile.g_rf_flop.reg_file [720]).
Adding EN signal on $auto$ff.cc:266:slice$14248 ($_DFFE_PN0P_) from module rv32im_core (D = \u_mem_stage.reg_memwb [49], Q = \u_regfile.g_rf_flop.reg_file [721]).
Adding EN signal on $auto$ff.cc:266:slice$14249 ($_DFFE_PN0P_) from module rv32im_core (D = \u_mem_stage.reg_memwb [50], Q = \u_regfile.g_rf_flop.reg_file [722]).
Adding EN signal on $auto$ff.cc:266:slice$14250 ($_DFFE_PN0P_) from module rv32im_core (D = \u_mem_stage.reg_memwb [51], Q = \u_regfile.g_rf_flop.reg_file [723]).
Adding EN signal on $auto$ff.cc:266:slice$14251 ($_DFFE_PN0P_) from module rv32im_core (D = \u_mem_stage.reg_memwb [52], Q = \u_regfile.g_rf_flop.reg_file [724]).
Adding EN signal on $auto$ff.cc:266:slice$14252 ($_DFFE_PN0P_) from module rv32im_core (D = \u_mem_stage.reg_memwb [53], Q = \u_regfile.g_rf_flop.reg_file [725]).
Adding EN signal on $auto$ff.cc:266:slice$14253 ($_DFFE_PN0P_) from module rv32im_core (D = \u_mem_stage.reg_memwb [54], Q = \u_regfile.g_rf_flop.reg_file [726]).
Adding EN signal on $auto$ff.cc:266:slice$14254 ($_DFFE_PN0P_) from module rv32im_core (D = \u_mem_stage.reg_memwb [55], Q = \u_regfile.g_rf_flop.reg_file [727]).
Adding EN signal on $auto$ff.cc:266:slice$14255 ($_DFFE_PN0P_) from module rv32im_core (D = \u_mem_stage.reg_memwb [56], Q = \u_regfile.g_rf_flop.reg_file [728]).
Adding EN signal on $auto$ff.cc:266:slice$14256 ($_DFFE_PN0P_) from module rv32im_core (D = \u_mem_stage.reg_memwb [57], Q = \u_regfile.g_rf_flop.reg_file [729]).
Adding EN signal on $auto$ff.cc:266:slice$14257 ($_DFFE_PN0P_) from module rv32im_core (D = \u_mem_stage.reg_memwb [58], Q = \u_regfile.g_rf_flop.reg_file [730]).
Adding EN signal on $auto$ff.cc:266:slice$14258 ($_DFFE_PN0P_) from module rv32im_core (D = \u_mem_stage.reg_memwb [59], Q = \u_regfile.g_rf_flop.reg_file [731]).
Adding EN signal on $auto$ff.cc:266:slice$14259 ($_DFFE_PN0P_) from module rv32im_core (D = \u_mem_stage.reg_memwb [60], Q = \u_regfile.g_rf_flop.reg_file [732]).
Adding EN signal on $auto$ff.cc:266:slice$14260 ($_DFFE_PN0P_) from module rv32im_core (D = \u_mem_stage.reg_memwb [61], Q = \u_regfile.g_rf_flop.reg_file [733]).
Adding EN signal on $auto$ff.cc:266:slice$14261 ($_DFFE_PN0P_) from module rv32im_core (D = \u_mem_stage.reg_memwb [62], Q = \u_regfile.g_rf_flop.reg_file [734]).

8.4. Executing OPT_CLEAN pass (remove unused cells and wires).
Finding unused cells or wires in module \rv32im_core..
Removed 1367 unused cells and 6482 unused wires.
<suppressed ~1370 debug messages>

8.5. Rerunning OPT passes. (Removed registers in this run.)

8.6. Executing OPT_EXPR pass (perform const folding).
Optimizing module rv32im_core.
<suppressed ~5 debug messages>

8.7. Executing OPT_MERGE pass (detect identical cells).
Finding identical cells in module `\rv32im_core'.
<suppressed ~2976 debug messages>
Removed a total of 992 cells.

8.8. Executing OPT_DFF pass (perform DFF optimizations).

8.9. Executing OPT_CLEAN pass (remove unused cells and wires).
Finding unused cells or wires in module \rv32im_core..
Removed 0 unused cells and 995 unused wires.
<suppressed ~1 debug messages>

8.10. Finished fast OPT passes.

9. Executing DFFLIBMAP pass (mapping DFF cells to sequential cells from liberty file).
  cell gf180mcu_fd_sc_mcu7t5v0__dffnq_1 (noninv, pins=3, area=65.86) is a direct match for cell type $_DFF_N_.
  cell gf180mcu_fd_sc_mcu7t5v0__dffq_1 (noninv, pins=3, area=63.66) is a direct match for cell type $_DFF_P_.
  cell gf180mcu_fd_sc_mcu7t5v0__dffnrnq_1 (noninv, pins=4, area=74.64) is a direct match for cell type $_DFF_NN0_.
  cell gf180mcu_fd_sc_mcu7t5v0__dffnsnq_1 (noninv, pins=4, area=79.03) is a direct match for cell type $_DFF_NN1_.
  cell gf180mcu_fd_sc_mcu7t5v0__dffrnq_1 (noninv, pins=4, area=74.64) is a direct match for cell type $_DFF_PN0_.
  cell gf180mcu_fd_sc_mcu7t5v0__dffsnq_1 (noninv, pins=4, area=79.03) is a direct match for cell type $_DFF_PN1_.
  cell gf180mcu_fd_sc_mcu7t5v0__dffnrsnq_1 (noninv, pins=5, area=94.39) is a direct match for cell type $_DFFSR_NNN_.
  cell gf180mcu_fd_sc_mcu7t5v0__dffrsnq_1 (noninv, pins=5, area=85.61) is a direct match for cell type $_DFFSR_PNN_.
  final dff cell mappings:
    \gf180mcu_fd_sc_mcu7t5v0__dffnq_1 _DFF_N_ (.CLKN( C), .D( D), .Q( Q));
    \gf180mcu_fd_sc_mcu7t5v0__dffq_1 _DFF_P_ (.CLK( C), .D( D), .Q( Q));
    \gf180mcu_fd_sc_mcu7t5v0__dffnrnq_1 _DFF_NN0_ (.CLKN( C), .D( D), .Q( Q), .RN( R));
    \gf180mcu_fd_sc_mcu7t5v0__dffnsnq_1 _DFF_NN1_ (.CLKN( C), .D( D), .Q( Q), .SETN( R));
    unmapped dff cell: $_DFF_NP0_
    unmapped dff cell: $_DFF_NP1_
    \gf180mcu_fd_sc_mcu7t5v0__dffrnq_1 _DFF_PN0_ (.CLK( C), .D( D), .Q( Q), .RN( R));
    \gf180mcu_fd_sc_mcu7t5v0__dffsnq_1 _DFF_PN1_ (.CLK( C), .D( D), .Q( Q), .SETN( R));
    unmapped dff cell: $_DFF_PP0_
    unmapped dff cell: $_DFF_PP1_
    unmapped dff cell: $_DFFE_NN_
    unmapped dff cell: $_DFFE_NP_
    unmapped dff cell: $_DFFE_PN_
    unmapped dff cell: $_DFFE_PP_
    \gf180mcu_fd_sc_mcu7t5v0__dffnrsnq_1 _DFFSR_NNN_ (.CLKN( C), .D( D), .Q( Q), .RN( R), .SETN( S));
    unmapped dff cell: $_DFFSR_NNP_
    unmapped dff cell: $_DFFSR_NPN_
    unmapped dff cell: $_DFFSR_NPP_
    \gf180mcu_fd_sc_mcu7t5v0__dffrsnq_1 _DFFSR_PNN_ (.CLK( C), .D( D), .Q( Q), .RN( R), .SETN( S));
    unmapped dff cell: $_DFFSR_PNP_
    unmapped dff cell: $_DFFSR_PPN_
    unmapped dff cell: $_DFFSR_PPP_

9.1. Executing DFFLEGALIZE pass (convert FFs to types supported by the target).
<suppressed ~12 debug messages>
Mapping DFF cells in module `\rv32im_core':
  mapped 2153 $_DFF_PN0_ cells to \gf180mcu_fd_sc_mcu7t5v0__dffrnq_1 cells.
  mapped 1 $_DFF_PN1_ cells to \gf180mcu_fd_sc_mcu7t5v0__dffsnq_1 cells.
  mapped 65 $_DFF_P_ cells to \gf180mcu_fd_sc_mcu7t5v0__dffq_1 cells.

10. Executing ABC pass (technology mapping using ABC).

10.1. Extracting gate netlist of module `\rv32im_core' to `<abc-temp-dir>/input.blif'..
Replacing 33 occurrences of constant undef bits with constant zero bits

10.1.1. Executed ABC.
Extracted 14007 gates and 16302 wires to a netlist network with 2292 inputs and 2249 outputs.
Running ABC script: <abc-temp-dir>/abc.script
ABC: UC Berkeley, ABC 1.01 (compiled Oct  9 2025 02:26:17)
ABC: abc 01> empty
ABC: abc 01> source <abc-temp-dir>/abc.script
ABC: + read_blif <abc-temp-dir>/input.blif 
ABC: + read_lib -w /tools/PDK/GF180/globalfoundries-pdk-libs-gf180mcu_fd_sc_mcu7t5v0/build/synopsys/gf180mcu_fd_sc_mcu7t5v0__ss_125C_1v62_full.lib 
ABC: Parsing finished successfully.  Parsing time =     0.10 sec
ABC: Scl_LibertyReadGenlib() skipped cell "gf180mcu_fd_sc_mcu7t5v0__antenna" without logic function.
ABC: Scl_LibertyReadGenlib() skipped three-state cell "gf180mcu_fd_sc_mcu7t5v0__bufz_12".
ABC: Scl_LibertyReadGenlib() skipped three-state cell "gf180mcu_fd_sc_mcu7t5v0__bufz_16".
ABC: Scl_LibertyReadGenlib() skipped three-state cell "gf180mcu_fd_sc_mcu7t5v0__bufz_1".
ABC: Scl_LibertyReadGenlib() skipped three-state cell "gf180mcu_fd_sc_mcu7t5v0__bufz_2".
ABC: Scl_LibertyReadGenlib() skipped three-state cell "gf180mcu_fd_sc_mcu7t5v0__bufz_3".
ABC: Scl_LibertyReadGenlib() skipped three-state cell "gf180mcu_fd_sc_mcu7t5v0__bufz_4".
ABC: Scl_LibertyReadGenlib() skipped three-state cell "gf180mcu_fd_sc_mcu7t5v0__bufz_8".
ABC: Scl_LibertyReadGenlib() skipped sequential cell "gf180mcu_fd_sc_mcu7t5v0__dffnq_1".
ABC: Scl_LibertyReadGenlib() skipped sequential cell "gf180mcu_fd_sc_mcu7t5v0__dffnq_2".
ABC: Scl_LibertyReadGenlib() skipped sequential cell "gf180mcu_fd_sc_mcu7t5v0__dffnq_4".
ABC: Scl_LibertyReadGenlib() skipped sequential cell "gf180mcu_fd_sc_mcu7t5v0__dffnrnq_1".
ABC: Scl_LibertyReadGenlib() skipped sequential cell "gf180mcu_fd_sc_mcu7t5v0__dffnrnq_2".
ABC: Scl_LibertyReadGenlib() skipped sequential cell "gf180mcu_fd_sc_mcu7t5v0__dffnrnq_4".
ABC: Scl_LibertyReadGenlib() skipped sequential cell "gf180mcu_fd_sc_mcu7t5v0__dffnrsnq_1".
ABC: Scl_LibertyReadGenlib() skipped sequential cell "gf180mcu_fd_sc_mcu7t5v0__dffnrsnq_2".
ABC: Scl_LibertyReadGenlib() skipped sequential cell "gf180mcu_fd_sc_mcu7t5v0__dffnrsnq_4".
ABC: Scl_LibertyReadGenlib() skipped sequential cell "gf180mcu_fd_sc_mcu7t5v0__dffnsnq_1".
ABC: Scl_LibertyReadGenlib() skipped sequential cell "gf180mcu_fd_sc_mcu7t5v0__dffnsnq_2".
ABC: Scl_LibertyReadGenlib() skipped sequential cell "gf180mcu_fd_sc_mcu7t5v0__dffnsnq_4".
ABC: Scl_LibertyReadGenlib() skipped sequential cell "gf180mcu_fd_sc_mcu7t5v0__dffq_1".
ABC: Scl_LibertyReadGenlib() skipped sequential cell "gf180mcu_fd_sc_mcu7t5v0__dffq_2".
ABC: Scl_LibertyReadGenlib() skipped sequential cell "gf180mcu_fd_sc_mcu7t5v0__dffq_4".
ABC: Scl_LibertyReadGenlib() skipped sequential cell "gf180mcu_fd_sc_mcu7t5v0__dffrnq_1".
ABC: Scl_LibertyReadGenlib() skipped sequential cell "gf180mcu_fd_sc_mcu7t5v0__dffrnq_2".
ABC: Scl_LibertyReadGenlib() skipped sequential cell "gf180mcu_fd_sc_mcu7t5v0__dffrnq_4".
ABC: Scl_LibertyReadGenlib() skipped sequential cell "gf180mcu_fd_sc_mcu7t5v0__dffrsnq_1".
ABC: Scl_LibertyReadGenlib() skipped sequential cell "gf180mcu_fd_sc_mcu7t5v0__dffrsnq_2".
ABC: Scl_LibertyReadGenlib() skipped sequential cell "gf180mcu_fd_sc_mcu7t5v0__dffrsnq_4".
ABC: Scl_LibertyReadGenlib() skipped sequential cell "gf180mcu_fd_sc_mcu7t5v0__dffsnq_1".
ABC: Scl_LibertyReadGenlib() skipped sequential cell "gf180mcu_fd_sc_mcu7t5v0__dffsnq_2".
ABC: Scl_LibertyReadGenlib() skipped sequential cell "gf180mcu_fd_sc_mcu7t5v0__dffsnq_4".
ABC: Scl_LibertyReadGenlib() skipped cell "gf180mcu_fd_sc_mcu7t5v0__endcap" without logic function.
ABC: Scl_LibertyReadGenlib() skipped cell "gf180mcu_fd_sc_mcu7t5v0__fill_16" without logic function.
ABC: Scl_LibertyReadGenlib() skipped cell "gf180mcu_fd_sc_mcu7t5v0__fill_1" without logic function.
ABC: Scl_LibertyReadGenlib() skipped cell "gf180mcu_fd_sc_mcu7t5v0__fill_2" without logic function.
ABC: Scl_LibertyReadGenlib() skipped cell "gf180mcu_fd_sc_mcu7t5v0__fill_32" without logic function.
ABC: Scl_LibertyReadGenlib() skipped cell "gf180mcu_fd_sc_mcu7t5v0__fill_4" without logic function.
ABC: Scl_LibertyReadGenlib() skipped cell "gf180mcu_fd_sc_mcu7t5v0__fill_64" without logic function.
ABC: Scl_LibertyReadGenlib() skipped cell "gf180mcu_fd_sc_mcu7t5v0__fill_8" without logic function.
ABC: Scl_LibertyReadGenlib() skipped cell "gf180mcu_fd_sc_mcu7t5v0__fillcap_16" without logic function.
ABC: Scl_LibertyReadGenlib() skipped cell "gf180mcu_fd_sc_mcu7t5v0__fillcap_32" without logic function.
ABC: Scl_LibertyReadGenlib() skipped cell "gf180mcu_fd_sc_mcu7t5v0__fillcap_4" without logic function.
ABC: Scl_LibertyReadGenlib() skipped cell "gf180mcu_fd_sc_mcu7t5v0__fillcap_64" without logic function.
ABC: Scl_LibertyReadGenlib() skipped cell "gf180mcu_fd_sc_mcu7t5v0__fillcap_8" without logic function.
ABC: Scl_LibertyReadGenlib() skipped cell "gf180mcu_fd_sc_mcu7t5v0__filltie" without logic function.
ABC: Scl_LibertyReadGenlib() skipped three-state cell "gf180mcu_fd_sc_mcu7t5v0__hold".
ABC: Scl_LibertyReadGenlib() skipped cell "gf180mcu_fd_sc_mcu7t5v0__icgtn_1" without logic function.
ABC: Scl_LibertyReadGenlib() skipped cell "gf180mcu_fd_sc_mcu7t5v0__icgtn_2" without logic function.
ABC: Scl_LibertyReadGenlib() skipped cell "gf180mcu_fd_sc_mcu7t5v0__icgtn_4" without logic function.
ABC: Scl_LibertyReadGenlib() skipped cell "gf180mcu_fd_sc_mcu7t5v0__icgtp_1" without logic function.
ABC: Scl_LibertyReadGenlib() skipped cell "gf180mcu_fd_sc_mcu7t5v0__icgtp_2" without logic function.
ABC: Scl_LibertyReadGenlib() skipped cell "gf180mcu_fd_sc_mcu7t5v0__icgtp_4" without logic function.
ABC: Scl_LibertyReadGenlib() skipped three-state cell "gf180mcu_fd_sc_mcu7t5v0__invz_12".
ABC: Scl_LibertyReadGenlib() skipped three-state cell "gf180mcu_fd_sc_mcu7t5v0__invz_16".
ABC: Scl_LibertyReadGenlib() skipped three-state cell "gf180mcu_fd_sc_mcu7t5v0__invz_1".
ABC: Scl_LibertyReadGenlib() skipped three-state cell "gf180mcu_fd_sc_mcu7t5v0__invz_2".
ABC: Scl_LibertyReadGenlib() skipped three-state cell "gf180mcu_fd_sc_mcu7t5v0__invz_3".
ABC: Scl_LibertyReadGenlib() skipped three-state cell "gf180mcu_fd_sc_mcu7t5v0__invz_4".
ABC: Scl_LibertyReadGenlib() skipped three-state cell "gf180mcu_fd_sc_mcu7t5v0__invz_8".
ABC: Scl_LibertyReadGenlib() skipped sequential cell "gf180mcu_fd_sc_mcu7t5v0__latq_1".
ABC: Scl_LibertyReadGenlib() skipped sequential cell "gf180mcu_fd_sc_mcu7t5v0__latq_2".
ABC: Scl_LibertyReadGenlib() skipped sequential cell "gf180mcu_fd_sc_mcu7t5v0__latq_4".
ABC: Scl_LibertyReadGenlib() skipped sequential cell "gf180mcu_fd_sc_mcu7t5v0__latrnq_1".
ABC: Scl_LibertyReadGenlib() skipped sequential cell "gf180mcu_fd_sc_mcu7t5v0__latrnq_2".
ABC: Scl_LibertyReadGenlib() skipped sequential cell "gf180mcu_fd_sc_mcu7t5v0__latrnq_4".
ABC: Scl_LibertyReadGenlib() skipped sequential cell "gf180mcu_fd_sc_mcu7t5v0__latrsnq_1".
ABC: Scl_LibertyReadGenlib() skipped sequential cell "gf180mcu_fd_sc_mcu7t5v0__latrsnq_2".
ABC: Scl_LibertyReadGenlib() skipped sequential cell "gf180mcu_fd_sc_mcu7t5v0__latrsnq_4".
ABC: Scl_LibertyReadGenlib() skipped sequential cell "gf180mcu_fd_sc_mcu7t5v0__latsnq_1".
ABC: Scl_LibertyReadGenlib() skipped sequential cell "gf180mcu_fd_sc_mcu7t5v0__latsnq_2".
ABC: Scl_LibertyReadGenlib() skipped sequential cell "gf180mcu_fd_sc_mcu7t5v0__latsnq_4".
ABC: Scl_LibertyReadGenlib() skipped sequential cell "gf180mcu_fd_sc_mcu7t5v0__sdffq_1".
ABC: Scl_LibertyReadGenlib() skipped sequential cell "gf180mcu_fd_sc_mcu7t5v0__sdffq_2".
ABC: Scl_LibertyReadGenlib() skipped sequential cell "gf180mcu_fd_sc_mcu7t5v0__sdffq_4".
ABC: Scl_LibertyReadGenlib() skipped sequential cell "gf180mcu_fd_sc_mcu7t5v0__sdffrnq_1".
ABC: Scl_LibertyReadGenlib() skipped sequential cell "gf180mcu_fd_sc_mcu7t5v0__sdffrnq_2".
ABC: Scl_LibertyReadGenlib() skipped sequential cell "gf180mcu_fd_sc_mcu7t5v0__sdffrnq_4".
ABC: Scl_LibertyReadGenlib() skipped sequential cell "gf180mcu_fd_sc_mcu7t5v0__sdffrsnq_1".
ABC: Scl_LibertyReadGenlib() skipped sequential cell "gf180mcu_fd_sc_mcu7t5v0__sdffrsnq_2".
ABC: Scl_LibertyReadGenlib() skipped sequential cell "gf180mcu_fd_sc_mcu7t5v0__sdffrsnq_4".
ABC: Scl_LibertyReadGenlib() skipped sequential cell "gf180mcu_fd_sc_mcu7t5v0__sdffsnq_1".
ABC: Scl_LibertyReadGenlib() skipped sequential cell "gf180mcu_fd_sc_mcu7t5v0__sdffsnq_2".
ABC: Scl_LibertyReadGenlib() skipped sequential cell "gf180mcu_fd_sc_mcu7t5v0__sdffsnq_4".
ABC: Library "gf180mcu_fd_sc_mcu7t5v0__ss_125C_1v62" from "/tools/PDK/GF180/globalfoundries-pdk-libs-gf180mcu_fd_sc_mcu7t5v0/build/synopsys/gf180mcu_fd_sc_mcu7t5v0__ss_125C_1v62_full.lib" has 145 cells (84 skipped: 48 seq; 15 tri-state; 21 no func; 0 dont_use; 0 with 2 outputs; 0 with 3+ outputs).  Time =     0.20 sec
ABC: Memory =   30.10 MB. Time =     0.20 sec
ABC: Warning: Detected 6 multi-output cells (for example, "gf180mcu_fd_sc_mcu7t5v0__addf_1").
ABC: + strash 
ABC: + &get -n 
ABC: + &fraig -x 
ABC: + &put 
ABC: + scorr 
ABC: Warning: The network is combinational (run "fraig" or "fraig_sweep").
ABC: + dc2 
ABC: + dretime 
ABC: + retime -o -D 5000 
ABC: + strash 
ABC: + &get -n 
ABC: + &dch -f 
ABC: + &nf -D 5000 
ABC: + &put 
ABC: + write_blif <abc-temp-dir>/output.blif 

10.1.2. Re-integrating ABC results.
ABC RESULTS:   gf180mcu_fd_sc_mcu7t5v0__and2_1 cells:      221
ABC RESULTS:   gf180mcu_fd_sc_mcu7t5v0__and3_1 cells:       65
ABC RESULTS:   gf180mcu_fd_sc_mcu7t5v0__and4_1 cells:       40
ABC RESULTS:   gf180mcu_fd_sc_mcu7t5v0__aoi211_1 cells:       95
ABC RESULTS:   gf180mcu_fd_sc_mcu7t5v0__aoi21_1 cells:      549
ABC RESULTS:   gf180mcu_fd_sc_mcu7t5v0__aoi221_1 cells:      294
ABC RESULTS:   gf180mcu_fd_sc_mcu7t5v0__aoi222_1 cells:      168
ABC RESULTS:   gf180mcu_fd_sc_mcu7t5v0__aoi22_1 cells:      716
ABC RESULTS:   gf180mcu_fd_sc_mcu7t5v0__buf_1 cells:       32
ABC RESULTS:   gf180mcu_fd_sc_mcu7t5v0__clkinv_1 cells:      840
ABC RESULTS:   gf180mcu_fd_sc_mcu7t5v0__mux2_1 cells:     1550
ABC RESULTS:   gf180mcu_fd_sc_mcu7t5v0__mux4_1 cells:      229
ABC RESULTS:   gf180mcu_fd_sc_mcu7t5v0__nand2_1 cells:     2029
ABC RESULTS:   gf180mcu_fd_sc_mcu7t5v0__nand3_1 cells:      310
ABC RESULTS:   gf180mcu_fd_sc_mcu7t5v0__nand4_1 cells:       53
ABC RESULTS:   gf180mcu_fd_sc_mcu7t5v0__nor2_1 cells:      649
ABC RESULTS:   gf180mcu_fd_sc_mcu7t5v0__nor3_1 cells:      102
ABC RESULTS:   gf180mcu_fd_sc_mcu7t5v0__nor4_1 cells:       32
ABC RESULTS:   gf180mcu_fd_sc_mcu7t5v0__oai211_1 cells:      318
ABC RESULTS:   gf180mcu_fd_sc_mcu7t5v0__oai21_1 cells:     1065
ABC RESULTS:   gf180mcu_fd_sc_mcu7t5v0__oai221_1 cells:      130
ABC RESULTS:   gf180mcu_fd_sc_mcu7t5v0__oai222_1 cells:        6
ABC RESULTS:   gf180mcu_fd_sc_mcu7t5v0__oai22_1 cells:       94
ABC RESULTS:   gf180mcu_fd_sc_mcu7t5v0__oai31_1 cells:      169
ABC RESULTS:   gf180mcu_fd_sc_mcu7t5v0__oai32_1 cells:       35
ABC RESULTS:   gf180mcu_fd_sc_mcu7t5v0__oai33_1 cells:        2
ABC RESULTS:   gf180mcu_fd_sc_mcu7t5v0__or2_1 cells:      167
ABC RESULTS:   gf180mcu_fd_sc_mcu7t5v0__or3_1 cells:       34
ABC RESULTS:   gf180mcu_fd_sc_mcu7t5v0__or4_1 cells:       14
ABC RESULTS:   gf180mcu_fd_sc_mcu7t5v0__xnor2_1 cells:       74
ABC RESULTS:   gf180mcu_fd_sc_mcu7t5v0__xnor3_1 cells:        7
ABC RESULTS:   gf180mcu_fd_sc_mcu7t5v0__xor2_1 cells:      398
ABC RESULTS:   gf180mcu_fd_sc_mcu7t5v0__xor3_1 cells:       25
ABC RESULTS:        internal signals:    11761
ABC RESULTS:           input signals:     2292
ABC RESULTS:          output signals:     2249
Removing temp directory.
Removing global temp directory.

11. Executing OPT_CLEAN pass (remove unused cells and wires).
Finding unused cells or wires in module \rv32im_core..
Removed 0 unused cells and 7260 unused wires.
<suppressed ~489 debug messages>

12. Printing statistics.

=== rv32im_core ===

        +----------Local Count, excluding submodules.
        |        +-Local Area, excluding submodules.
        |        | 
    10470        - wires
    13177        - wire bits
       86        - public wires
     2731        - public wire bits
       26        - ports
      281        - port bits
    12731 3.71E+05 cells
      221 3.88E+03   gf180mcu_fd_sc_mcu7t5v0__and2_1
       65  1426.88   gf180mcu_fd_sc_mcu7t5v0__and3_1
       40  965.888   gf180mcu_fd_sc_mcu7t5v0__and4_1
       95  2085.44   gf180mcu_fd_sc_mcu7t5v0__aoi211_1
      549 9.64E+03   gf180mcu_fd_sc_mcu7t5v0__aoi21_1
      294  7.1E+03   gf180mcu_fd_sc_mcu7t5v0__aoi221_1
      168  5163.11   gf180mcu_fd_sc_mcu7t5v0__aoi222_1
      716 1.41E+04   gf180mcu_fd_sc_mcu7t5v0__aoi22_1
       32  421.478   gf180mcu_fd_sc_mcu7t5v0__buf_1
      840 7.38E+03   gf180mcu_fd_sc_mcu7t5v0__clkinv_1
       65 4.14E+03   gf180mcu_fd_sc_mcu7t5v0__dffq_1
     2153 1.61E+05   gf180mcu_fd_sc_mcu7t5v0__dffrnq_1
        1   79.027   gf180mcu_fd_sc_mcu7t5v0__dffsnq_1
     1550 4.42E+04   gf180mcu_fd_sc_mcu7t5v0__mux2_1
      229 1.61E+04   gf180mcu_fd_sc_mcu7t5v0__mux4_1
     2029 2.23E+04   gf180mcu_fd_sc_mcu7t5v0__nand2_1
      310 4.76E+03   gf180mcu_fd_sc_mcu7t5v0__nand3_1
       53  1047.11   gf180mcu_fd_sc_mcu7t5v0__nand4_1
      649 8.55E+03   gf180mcu_fd_sc_mcu7t5v0__nor2_1
      102 1.79E+03   gf180mcu_fd_sc_mcu7t5v0__nor3_1
       32  702.464   gf180mcu_fd_sc_mcu7t5v0__nor4_1
      318 6.98E+03   gf180mcu_fd_sc_mcu7t5v0__oai211_1
     1065 1.87E+04   gf180mcu_fd_sc_mcu7t5v0__oai21_1
      130 3.42E+03   gf180mcu_fd_sc_mcu7t5v0__oai221_1
        6  197.568   gf180mcu_fd_sc_mcu7t5v0__oai222_1
       94 2.06E+03   gf180mcu_fd_sc_mcu7t5v0__oai22_1
      169 4.08E+03   gf180mcu_fd_sc_mcu7t5v0__oai31_1
       35  921.984   gf180mcu_fd_sc_mcu7t5v0__oai32_1
        2   65.856   gf180mcu_fd_sc_mcu7t5v0__oai33_1
      167 2.93E+03   gf180mcu_fd_sc_mcu7t5v0__or2_1
       34  746.368   gf180mcu_fd_sc_mcu7t5v0__or3_1
       14  368.794   gf180mcu_fd_sc_mcu7t5v0__or4_1
       74 2.11E+03   gf180mcu_fd_sc_mcu7t5v0__xnor2_1
        7  368.794   gf180mcu_fd_sc_mcu7t5v0__xnor3_1
      398 1.05E+04   gf180mcu_fd_sc_mcu7t5v0__xor2_1
       25  1262.24   gf180mcu_fd_sc_mcu7t5v0__xor3_1

   Chip area for module '\rv32im_core': 371271.980800
     of which used for sequential elements: 164910.009600 (44.42%)

13. Executing JSON backend.

End of script. Logfile hash: 7aafeae142, CPU: user 3.54s system 0.06s, MEM: 100.20 MB peak
Yosys 0.58+35 (git sha1 89f32a415, clang++ 18.1.8 -fPIC -O3)
Time spent: 45% 1x abc (2 sec), 13% 25x opt_clean (0 sec), ...
